Customer_ID,Age,Gender,Customer_Segment,NHS_Eligible
C000001,16,Female,Loyal,No
C000002,16,Female,New,No
C000003,26,Male,New,No
C000004,19,Female,New,No
C000005,69,Female,Loyal,Yes
C000006,55,Male,Returning,No
C000007,79,Female,Loyal,Yes
C000008,68,Male,New,No
C000009,78,Female,Returning,No
C000010,31,Male,Returning,No
C000011,34,Female,Returning,Yes
C000012,71,Female,Returning,Yes
C000013,31,Female,New,No
C000014,19,Other,Returning,No
C000015,59,Female,Loyal,No
C000016,68,Male,New,No
C000017,78,Male,Returning,No
C000018,76,Female,Loyal,No
C000019,23,Female,Returning,No
C000020,66,Female,Returning,No
C000021,70,Male,New,No
C000022,61,Male,Loyal,No
C000023,69,Male,Loyal,Yes
C000024,70,Female,Loyal,No
C000025,45,Male,New,No
C000026,18,Female,Loyal,Yes
C000027,45,Female,New,Yes
C000028,29,Female,Returning,No
C000029,23,Female,New,No
C000030,24,Male,New,No
C000031,61,Male,Returning,No
C000032,48,Female,Returning,No
C000033,51,Female,Loyal,No
C000034,64,Male,New,Yes
C000035,51,Male,Loyal,No
C000036,56,Female,Returning,Yes
C000037,21,Female,New,No
C000038,71,Male,New,No
C000039,45,Male,Loyal,No
C000040,26,Male,Loyal,Yes
C000041,68,Female,New,Yes
C000042,63,Male,Returning,No
C000043,19,Female,Returning,No
C000044,28,Male,Returning,No
C000045,17,Female,Returning,No
C000046,33,Female,Loyal,Yes
C000047,22,Female,New,No
C000048,62,Female,New,Yes
C000049,49,Female,New,No
C000050,79,Male,Loyal,No
C000051,64,Male,Returning,No
C000052,55,Male,New,No
C000053,49,Female,Loyal,Yes
C000054,19,Female,Returning,Yes
C000055,20,Female,New,No
C000056,56,Female,New,No
C000057,16,Female,Loyal,No
C000058,18,Male,Returning,No
C000059,30,Male,New,No
C000060,73,Female,New,No
C000061,45,Male,New,No
C000062,62,Male,Returning,Yes
C000063,42,Female,New,No
C000064,27,Male,New,Yes
C000065,40,Female,New,Yes
C000066,21,Female,Loyal,No
C000067,66,Other,Returning,No
C000068,27,Male,New,No
C000069,40,Female,Returning,No
C000070,79,Female,Returning,No
C000071,54,Male,Loyal,No
C000072,45,Female,Loyal,Yes
C000073,51,Male,Returning,Yes
C000074,66,Male,Returning,No
C000075,32,Female,New,No
C000076,57,Male,Loyal,No
C000077,72,Male,Returning,No
C000078,53,Male,New,No
C000079,45,Female,Returning,Yes
C000080,25,Female,New,No
C000081,32,Female,Returning,No
C000082,77,Male,New,No
C000083,51,Male,New,No
C000084,35,Male,New,Yes
C000085,43,Male,New,No
C000086,53,Female,New,No
C000087,50,Female,Returning,No
C000088,61,Male,Returning,No
C000089,32,Male,Returning,No
C000090,58,Male,Returning,No
C000091,44,Female,Loyal,No
C000092,77,Female,Loyal,Yes
C000093,26,Male,Returning,No
C000094,25,Female,Returning,Yes
C000095,46,Female,Loyal,No
C000096,49,Male,Returning,Yes
C000097,60,Male,New,No
C000098,42,Male,Returning,Yes
C000099,75,Male,New,No
C000100,46,Male,Loyal,Yes
C000101,24,Female,Returning,Yes
C000102,23,Female,Loyal,Yes
C000103,79,Male,New,No
C000104,24,Female,Returning,Yes
C000105,77,Male,Returning,No
C000106,34,Male,Loyal,No
C000107,22,Female,Loyal,No
C000108,35,Female,New,Yes
C000109,55,Male,Loyal,Yes
C000110,43,Female,Loyal,No
C000111,67,Female,Loyal,No
C000112,55,Male,Returning,Yes
C000113,42,Female,Loyal,Yes
C000114,57,Female,New,No
C000115,79,Male,New,Yes
C000116,42,Male,New,No
C000117,25,Female,Returning,No
C000118,42,Male,Loyal,No
C000119,70,Male,Returning,No
C000120,30,Female,Returning,No
C000121,77,Female,Loyal,No
C000122,54,Male,Returning,No
C000123,55,Female,Returning,Yes
C000124,36,Male,Returning,No
C000125,75,Male,Returning,No
C000126,18,Female,Returning,No
C000127,35,Male,Loyal,No
C000128,43,Male,Returning,No
C000129,47,Male,Returning,No
C000130,46,Female,Returning,No
C000131,25,Male,Loyal,No
C000132,30,Female,Returning,Yes
C000133,22,Male,Loyal,Yes
C000134,53,Male,Returning,No
C000135,38,Female,New,No
C000136,52,Female,Returning,No
C000137,54,Male,New,No
C000138,61,Male,New,No
C000139,51,Female,New,No
C000140,58,Female,Returning,No
C000141,54,Male,Returning,No
C000142,58,Female,Returning,No
C000143,56,Male,Returning,Yes
C000144,36,Female,Returning,No
C000145,32,Female,Loyal,No
C000146,67,Male,Loyal,Yes
C000147,38,Female,Loyal,No
C000148,51,Male,New,Yes
C000149,28,Male,Loyal,Yes
C000150,44,Female,Loyal,Yes
C000151,50,Female,New,No
C000152,56,Female,New,Yes
C000153,50,Male,New,No
C000154,39,Male,Returning,No
C000155,78,Male,Returning,No
C000156,49,Female,New,No
C000157,68,Female,New,No
C000158,63,Female,Returning,No
C000159,52,Male,Returning,Yes
C000160,73,Female,Returning,No
C000161,24,Female,New,No
C000162,75,Female,Returning,No
C000163,71,Female,Loyal,No
C000164,48,Male,New,No
C000165,63,Male,Returning,No
C000166,49,Male,New,Yes
C000167,33,Female,New,No
C000168,67,Male,Loyal,No
C000169,31,Female,Loyal,Yes
C000170,36,Male,New,Yes
C000171,49,Male,New,Yes
C000172,70,Female,New,Yes
C000173,40,Male,Returning,No
C000174,48,Female,New,No
C000175,18,Female,Returning,Yes
C000176,23,Female,New,Yes
C000177,19,Female,Returning,No
C000178,20,Male,Loyal,Yes
C000179,72,Male,New,No
C000180,70,Male,Loyal,Yes
C000181,69,Male,Loyal,No
C000182,19,Male,New,No
C000183,21,Female,Loyal,Yes
C000184,34,Female,Returning,No
C000185,52,Female,Returning,No
C000186,37,Male,Returning,Yes
C000187,47,Male,New,No
C000188,27,Male,New,No
C000189,63,Female,Returning,No
C000190,36,Female,Returning,Yes
C000191,20,Male,Loyal,No
C000192,64,Female,Returning,Yes
C000193,74,Male,New,Yes
C000194,16,Female,New,Yes
C000195,44,Female,Loyal,No
C000196,69,Male,New,Yes
C000197,61,Male,Loyal,Yes
C000198,71,Male,New,No
C000199,42,Female,New,No
C000200,40,Female,New,No
C000201,62,Male,Returning,No
C000202,25,Male,New,Yes
C000203,31,Female,Loyal,No
C000204,55,Male,Returning,Yes
C000205,59,Female,New,Yes
C000206,23,Female,Returning,Yes
C000207,49,Male,Returning,No
C000208,39,Male,Returning,Yes
C000209,48,Female,Loyal,No
C000210,78,Female,Loyal,No
C000211,20,Male,Returning,No
C000212,80,Male,New,No
C000213,45,Male,Returning,Yes
C000214,66,Female,Returning,Yes
C000215,43,Male,Returning,Yes
C000216,36,Male,New,Yes
C000217,66,Male,New,Yes
C000218,60,Female,Loyal,Yes
C000219,25,Male,Loyal,No
C000220,61,Male,New,No
C000221,64,Male,Loyal,No
C000222,41,Male,Loyal,No
C000223,76,Male,New,Yes
C000224,57,Female,Loyal,Yes
C000225,37,Female,Loyal,No
C000226,16,Male,Returning,No
C000227,59,Female,Loyal,Yes
C000228,29,Female,New,No
C000229,65,Male,Returning,No
C000230,50,Female,Returning,No
C000231,46,Male,Returning,No
C000232,26,Female,New,Yes
C000233,62,Female,Returning,No
C000234,26,Female,Loyal,Yes
C000235,43,Male,Loyal,No
C000236,70,Male,New,Yes
C000237,75,Female,Returning,No
C000238,80,Female,New,Yes
C000239,78,Female,Returning,No
C000240,52,Male,New,No
C000241,29,Other,Loyal,No
C000242,70,Male,Returning,No
C000243,68,Female,Returning,No
C000244,80,Male,Returning,No
C000245,58,Female,New,No
C000246,25,Female,New,Yes
C000247,48,Female,New,No
C000248,45,Female,Returning,No
C000249,70,Female,Loyal,No
C000250,41,Male,New,Yes
C000251,37,Female,Loyal,No
C000252,21,Male,New,No
C000253,70,Male,New,No
C000254,65,Male,Returning,No
C000255,18,Female,Loyal,No
C000256,44,Male,Loyal,Yes
C000257,47,Female,Returning,Yes
C000258,46,Female,Returning,No
C000259,75,Female,New,No
C000260,25,Male,New,No
C000261,35,Male,Loyal,No
C000262,27,Male,Returning,No
C000263,31,Male,New,Yes
C000264,74,Male,New,Yes
C000265,77,Male,New,No
C000266,18,Male,Loyal,No
C000267,57,Female,Returning,No
C000268,31,Male,Loyal,No
C000269,28,Male,Returning,No
C000270,34,Female,Loyal,Yes
C000271,28,Female,New,No
C000272,47,Female,New,Yes
C000273,80,Male,New,No
C000274,54,Female,New,No
C000275,63,Female,Loyal,No
C000276,48,Male,Loyal,No
C000277,16,Male,New,Yes
C000278,21,Male,Returning,No
C000279,33,Male,Returning,No
C000280,31,Female,Returning,Yes
C000281,70,Female,New,No
C000282,70,Male,New,No
C000283,71,Female,New,No
C000284,57,Male,Loyal,No
C000285,52,Male,Returning,Yes
C000286,58,Male,Returning,No
C000287,42,Male,Loyal,No
C000288,59,Male,New,No
C000289,67,Male,New,No
C000290,65,Female,New,No
C000291,55,Female,Returning,No
C000292,19,Female,Returning,No
C000293,63,Male,New,No
C000294,39,Female,New,No
C000295,64,Female,Returning,No
C000296,51,Male,Returning,No
C000297,73,Female,New,Yes
C000298,37,Male,Loyal,No
C000299,76,Female,New,No
C000300,70,Female,New,Yes
C000301,37,Female,New,No
C000302,47,Female,Returning,No
C000303,50,Male,Returning,No
C000304,65,Other,Returning,Yes
C000305,60,Male,New,Yes
C000306,71,Male,Returning,Yes
C000307,40,Male,Returning,No
C000308,48,Male,Returning,No
C000309,44,Female,Returning,No
C000310,75,Female,Returning,No
C000311,35,Male,New,No
C000312,54,Male,New,No
C000313,23,Female,New,No
C000314,71,Female,Returning,No
C000315,40,Female,Returning,No
C000316,38,Female,Returning,No
C000317,53,Male,New,No
C000318,48,Female,New,No
C000319,71,Male,New,No
C000320,50,Male,New,No
C000321,49,Female,Loyal,No
C000322,22,Male,New,No
C000323,17,Male,New,No
C000324,41,Female,New,No
C000325,80,Female,New,No
C000326,75,Male,Loyal,No
C000327,56,Female,Loyal,No
C000328,57,Female,Returning,No
C000329,41,Female,New,No
C000330,27,Female,Returning,No
C000331,16,Male,Returning,Yes
C000332,38,Female,Returning,No
C000333,36,Male,New,No
C000334,28,Female,New,Yes
C000335,32,Male,New,No
C000336,17,Female,New,Yes
C000337,55,Male,Returning,Yes
C000338,76,Male,Loyal,No
C000339,60,Female,New,No
C000340,45,Male,Loyal,Yes
C000341,43,Female,New,No
C000342,35,Male,New,No
C000343,25,Male,Returning,No
C000344,54,Female,New,No
C000345,52,Female,Loyal,No
C000346,16,Female,Loyal,No
C000347,43,Male,New,No
C000348,34,Male,New,No
C000349,27,Female,New,Yes
C000350,61,Female,Loyal,No
C000351,50,Female,New,No
C000352,57,Male,Loyal,No
C000353,62,Female,New,No
C000354,79,Female,Returning,No
C000355,68,Male,New,Yes
C000356,56,Female,Loyal,No
C000357,73,Male,Returning,No
C000358,47,Female,New,No
C000359,80,Female,New,No
C000360,65,Male,Returning,No
C000361,58,Female,Returning,No
C000362,74,Female,Loyal,No
C000363,49,Male,Returning,No
C000364,62,Male,Loyal,No
C000365,34,Male,New,Yes
C000366,78,Female,Loyal,Yes
C000367,56,Female,Loyal,No
C000368,66,Female,Returning,No
C000369,45,Male,Loyal,No
C000370,72,Male,Returning,Yes
C000371,20,Male,Returning,No
C000372,23,Male,New,No
C000373,48,Female,New,No
C000374,63,Male,Returning,No
C000375,68,Female,Loyal,No
C000376,44,Female,Loyal,No
C000377,58,Male,Returning,Yes
C000378,51,Male,Loyal,No
C000379,78,Female,Loyal,No
C000380,58,Female,Loyal,Yes
C000381,43,Male,New,No
C000382,79,Female,Returning,No
C000383,22,Male,Returning,No
C000384,79,Male,Loyal,Yes
C000385,26,Female,Returning,No
C000386,34,Female,Loyal,No
C000387,69,Female,Loyal,Yes
C000388,63,Male,Returning,Yes
C000389,79,Female,Loyal,Yes
C000390,64,Male,Returning,No
C000391,57,Female,Returning,Yes
C000392,38,Male,Returning,No
C000393,16,Female,Loyal,No
C000394,24,Female,Loyal,No
C000395,35,Male,Loyal,Yes
C000396,18,Male,New,No
C000397,49,Female,Returning,No
C000398,66,Female,Loyal,No
C000399,78,Male,Loyal,No
C000400,47,Female,Loyal,No
C000401,72,Female,Returning,No
C000402,80,Female,Returning,No
C000403,71,Female,New,No
C000404,46,Male,Loyal,Yes
C000405,37,Male,New,No
C000406,79,Male,Loyal,No
C000407,31,Male,New,No
C000408,42,Female,Loyal,Yes
C000409,20,Male,Returning,No
C000410,67,Female,New,Yes
C000411,58,Female,Returning,No
C000412,21,Male,Returning,Yes
C000413,30,Female,Loyal,No
C000414,52,Female,Returning,No
C000415,51,Female,Returning,Yes
C000416,68,Male,New,No
C000417,33,Female,Loyal,No
C000418,76,Male,Loyal,No
C000419,44,Male,Loyal,No
C000420,69,Male,New,No
C000421,31,Female,Loyal,No
C000422,18,Male,New,No
C000423,19,Female,Loyal,No
C000424,40,Male,New,No
C000425,77,Male,New,No
C000426,19,Female,New,Yes
C000427,39,Male,Loyal,No
C000428,23,Female,Returning,Yes
C000429,76,Female,Returning,No
C000430,59,Female,New,Yes
C000431,65,Male,Loyal,Yes
C000432,62,Male,Returning,Yes
C000433,58,Male,New,No
C000434,66,Female,Loyal,No
C000435,16,Male,Returning,No
C000436,72,Male,Returning,No
C000437,64,Male,Returning,No
C000438,64,Female,Returning,No
C000439,41,Female,New,Yes
C000440,68,Male,Returning,No
C000441,40,Female,Returning,No
C000442,19,Female,Returning,No
C000443,75,Male,New,Yes
C000444,31,Female,New,No
C000445,22,Female,New,No
C000446,56,Female,Returning,No
C000447,31,Male,New,No
C000448,71,Male,Returning,No
C000449,44,Female,New,No
C000450,16,Female,Returning,No
C000451,77,Male,Returning,No
C000452,49,Female,New,No
C000453,33,Other,Returning,No
C000454,60,Male,Returning,No
C000455,50,Female,Loyal,Yes
C000456,17,Female,Returning,No
C000457,65,Female,New,No
C000458,42,Male,New,Yes
C000459,61,Female,Returning,No
C000460,74,Male,Loyal,No
C000461,55,Male,New,No
C000462,59,Male,New,Yes
C000463,32,Male,Returning,No
C000464,31,Female,Returning,No
C000465,42,Male,Loyal,No
C000466,71,Male,New,Yes
C000467,50,Female,Loyal,No
C000468,38,Female,Returning,No
C000469,66,Female,Loyal,Yes
C000470,71,Female,New,No
C000471,74,Male,New,No
C000472,35,Female,New,No
C000473,62,Male,Loyal,No
C000474,54,Male,New,No
C000475,45,Female,New,No
C000476,41,Male,New,No
C000477,23,Female,Loyal,Yes
C000478,33,Female,New,No
C000479,51,Female,Returning,No
C000480,73,Female,Returning,No
C000481,72,Female,Loyal,No
C000482,28,Female,Loyal,Yes
C000483,60,Female,Returning,No
C000484,21,Female,New,No
C000485,59,Male,New,No
C000486,38,Female,New,Yes
C000487,45,Male,Returning,No
C000488,62,Male,New,Yes
C000489,43,Male,Returning,No
C000490,68,Male,Returning,No
C000491,50,Male,Returning,No
C000492,80,Male,New,Yes
C000493,57,Male,Loyal,No
C000494,35,Male,Loyal,Yes
C000495,66,Female,New,Yes
C000496,42,Male,Returning,No
C000497,50,Male,Loyal,No
C000498,24,Female,Loyal,No
C000499,23,Male,Returning,No
C000500,53,Male,New,No
C000501,28,Male,Loyal,No
C000502,80,Female,Returning,No
C000503,71,Female,Returning,No
C000504,61,Female,New,Yes
C000505,63,Male,Loyal,Yes
C000506,54,Male,Returning,Yes
C000507,19,Male,Returning,No
C000508,41,Female,Returning,No
C000509,48,Female,New,No
C000510,75,Male,Returning,Yes
C000511,30,Male,Returning,No
C000512,48,Female,Returning,Yes
C000513,38,Female,Loyal,No
C000514,24,Female,Returning,No
C000515,22,Male,New,No
C000516,39,Male,New,No
C000517,21,Female,Returning,No
C000518,20,Male,New,No
C000519,38,Male,Returning,No
C000520,29,Male,Returning,Yes
C000521,52,Female,New,Yes
C000522,17,Female,New,No
C000523,35,Male,Returning,Yes
C000524,45,Male,New,No
C000525,78,Male,Returning,Yes
C000526,57,Male,New,No
C000527,73,Female,Loyal,No
C000528,38,Female,Returning,Yes
C000529,45,Female,Loyal,Yes
C000530,43,Male,Loyal,No
C000531,73,Female,Loyal,Yes
C000532,78,Male,Loyal,Yes
C000533,78,Male,New,Yes
C000534,64,Male,New,No
C000535,48,Male,Returning,No
C000536,51,Male,Returning,No
C000537,79,Female,Returning,No
C000538,34,Male,Returning,No
C000539,38,Female,New,No
C000540,74,Female,New,No
C000541,41,Male,Returning,No
C000542,31,Male,Returning,No
C000543,52,Male,Loyal,Yes
C000544,37,Female,Returning,No
C000545,73,Female,New,No
C000546,75,Male,New,Yes
C000547,35,Male,Returning,Yes
C000548,50,Female,New,Yes
C000549,79,Male,Loyal,Yes
C000550,64,Male,Returning,Yes
C000551,30,Male,Loyal,No
C000552,54,Female,Returning,No
C000553,56,Male,New,Yes
C000554,58,Female,Returning,No
C000555,17,Female,New,No
C000556,35,Female,New,No
C000557,71,Male,Returning,No
C000558,31,Male,Returning,No
C000559,35,Female,New,Yes
C000560,36,Female,Returning,Yes
C000561,27,Female,Returning,No
C000562,26,Female,New,No
C000563,38,Male,Returning,Yes
C000564,72,Female,New,No
C000565,16,Female,Returning,No
C000566,34,Other,Returning,No
C000567,19,Female,Returning,No
C000568,52,Male,Returning,Yes
C000569,32,Male,Returning,Yes
C000570,67,Male,New,Yes
C000571,54,Male,Returning,Yes
C000572,66,Female,New,No
C000573,57,Male,New,No
C000574,44,Male,Returning,No
C000575,71,Female,New,No
C000576,46,Male,Returning,No
C000577,77,Male,Returning,Yes
C000578,80,Male,Loyal,No
C000579,54,Male,Loyal,No
C000580,59,Female,Returning,No
C000581,32,Male,Loyal,No
C000582,68,Male,Returning,No
C000583,59,Male,Returning,Yes
C000584,74,Female,Loyal,Yes
C000585,33,Male,Loyal,No
C000586,67,Male,Loyal,No
C000587,46,Female,Loyal,Yes
C000588,28,Male,Returning,Yes
C000589,27,Male,Loyal,No
C000590,52,Male,Returning,No
C000591,36,Male,New,No
C000592,22,Female,New,No
C000593,43,Male,Returning,Yes
C000594,58,Male,New,Yes
C000595,36,Female,New,No
C000596,78,Female,New,No
C000597,66,Female,Returning,No
C000598,49,Male,New,Yes
C000599,76,Female,Returning,No
C000600,44,Male,Returning,No
C000601,25,Male,Loyal,Yes
C000602,18,Male,Returning,No
C000603,76,Female,New,No
C000604,78,Male,Loyal,Yes
C000605,64,Female,Loyal,Yes
C000606,22,Male,New,No
C000607,35,Female,New,No
C000608,18,Male,Returning,Yes
C000609,19,Female,Loyal,No
C000610,31,Female,Loyal,No
C000611,53,Other,Loyal,No
C000612,20,Male,Loyal,No
C000613,79,Male,Returning,No
C000614,45,Male,New,Yes
C000615,33,Female,New,Yes
C000616,49,Female,New,No
C000617,67,Male,New,No
C000618,36,Male,New,No
C000619,19,Male,Returning,No
C000620,19,Female,Loyal,Yes
C000621,71,Male,New,No
C000622,23,Female,Loyal,No
C000623,57,Male,Loyal,No
C000624,40,Male,New,No
C000625,66,Male,New,No
C000626,19,Female,Returning,No
C000627,74,Female,Loyal,Yes
C000628,61,Female,Returning,No
C000629,45,Female,New,No
C000630,29,Female,Returning,No
C000631,79,Male,Loyal,No
C000632,35,Female,New,Yes
C000633,47,Female,Returning,No
C000634,41,Male,Returning,No
C000635,30,Female,New,Yes
C000636,43,Female,Loyal,No
C000637,25,Male,New,No
C000638,16,Female,Loyal,No
C000639,34,Female,Returning,Yes
C000640,23,Male,New,No
C000641,42,Female,Returning,Yes
C000642,72,Female,New,No
C000643,26,Female,New,No
C000644,16,Female,New,Yes
C000645,23,Male,Loyal,Yes
C000646,49,Female,Loyal,No
C000647,33,Female,New,No
C000648,47,Female,Returning,Yes
C000649,17,Male,Loyal,Yes
C000650,37,Female,Returning,Yes
C000651,42,Male,New,No
C000652,44,Female,Returning,No
C000653,51,Male,Returning,Yes
C000654,66,Female,New,No
C000655,46,Female,Returning,No
C000656,70,Male,Returning,No
C000657,50,Female,Returning,No
C000658,32,Male,New,No
C000659,30,Male,Returning,No
C000660,36,Male,Returning,Yes
C000661,54,Female,Loyal,Yes
C000662,31,Male,New,Yes
C000663,75,Female,Returning,No
C000664,47,Other,Returning,No
C000665,72,Male,New,Yes
C000666,60,Male,Returning,Yes
C000667,37,Male,Returning,No
C000668,30,Male,Returning,No
C000669,64,Male,Returning,No
C000670,37,Female,Returning,No
C000671,32,Male,Returning,No
C000672,76,Female,Loyal,Yes
C000673,47,Female,Loyal,No
C000674,19,Male,Returning,No
C000675,48,Female,New,No
C000676,45,Male,Loyal,Yes
C000677,72,Female,New,No
C000678,62,Female,Returning,No
C000679,28,Male,Loyal,No
C000680,25,Female,New,No
C000681,55,Male,New,Yes
C000682,19,Male,New,No
C000683,36,Male,Loyal,Yes
C000684,24,Female,Returning,No
C000685,17,Male,Loyal,No
C000686,75,Female,New,No
C000687,21,Female,New,No
C000688,16,Female,New,No
C000689,76,Female,Loyal,No
C000690,28,Female,New,Yes
C000691,69,Female,Loyal,No
C000692,18,Female,Returning,No
C000693,25,Male,Loyal,No
C000694,23,Female,Returning,Yes
C000695,61,Female,Returning,No
C000696,56,Female,New,Yes
C000697,46,Female,Returning,Yes
C000698,31,Male,Returning,No
C000699,21,Male,New,No
C000700,52,Male,Loyal,No
C000701,30,Male,New,Yes
C000702,54,Female,New,No
C000703,60,Male,Returning,No
C000704,71,Female,Returning,No
C000705,48,Female,New,No
C000706,16,Female,Loyal,No
C000707,34,Female,New,No
C000708,71,Male,Returning,Yes
C000709,50,Female,New,No
C000710,56,Female,New,No
C000711,45,Female,Returning,No
C000712,26,Male,Loyal,No
C000713,74,Male,Returning,Yes
C000714,66,Male,New,No
C000715,80,Male,New,No
C000716,71,Male,Loyal,No
C000717,34,Female,New,Yes
C000718,32,Female,Returning,No
C000719,32,Female,New,No
C000720,75,Female,New,No
C000721,52,Male,New,No
C000722,45,Female,New,Yes
C000723,78,Female,Returning,No
C000724,55,Male,Returning,Yes
C000725,75,Female,Loyal,No
C000726,80,Female,New,No
C000727,21,Female,Returning,No
C000728,39,Male,Returning,No
C000729,63,Female,New,Yes
C000730,68,Female,New,No
C000731,25,Female,New,No
C000732,36,Male,New,No
C000733,51,Female,Returning,No
C000734,67,Female,New,No
C000735,23,Male,Returning,No
C000736,55,Male,Returning,No
C000737,35,Female,Returning,Yes
C000738,30,Female,New,No
C000739,49,Female,Returning,No
C000740,42,Male,Returning,No
C000741,57,Female,Loyal,No
C000742,36,Male,New,No
C000743,69,Male,New,No
C000744,21,Male,Loyal,No
C000745,72,Female,New,No
C000746,17,Male,New,No
C000747,63,Male,Loyal,Yes
C000748,38,Male,Returning,No
C000749,40,Female,Returning,No
C000750,17,Male,New,No
C000751,61,Male,New,No
C000752,26,Male,New,Yes
C000753,58,Male,Loyal,Yes
C000754,63,Female,Returning,Yes
C000755,70,Female,Returning,No
C000756,62,Male,Loyal,No
C000757,35,Male,Loyal,No
C000758,64,Male,New,No
C000759,69,Female,Returning,No
C000760,36,Female,Returning,No
C000761,24,Male,Loyal,No
C000762,73,Male,Loyal,No
C000763,25,Female,Returning,No
C000764,54,Female,Returning,No
C000765,31,Male,New,Yes
C000766,24,Female,Returning,No
C000767,66,Female,Returning,No
C000768,25,Female,Returning,Yes
C000769,59,Female,Returning,Yes
C000770,61,Female,Returning,No
C000771,19,Male,Returning,No
C000772,27,Male,Loyal,No
C000773,67,Male,New,Yes
C000774,48,Male,Loyal,No
C000775,23,Female,Returning,Yes
C000776,80,Female,Returning,No
C000777,33,Female,Returning,Yes
C000778,16,Female,Returning,No
C000779,76,Male,Loyal,No
C000780,17,Female,New,No
C000781,51,Male,Loyal,No
C000782,80,Female,Loyal,No
C000783,53,Female,New,Yes
C000784,54,Female,New,Yes
C000785,41,Female,New,No
C000786,24,Male,New,Yes
C000787,53,Male,New,No
C000788,74,Female,New,No
C000789,21,Male,Loyal,No
C000790,73,Male,Returning,Yes
C000791,42,Female,Loyal,No
C000792,50,Female,Returning,No
C000793,26,Female,Returning,No
C000794,56,Female,Loyal,No
C000795,27,Male,New,No
C000796,33,Female,Returning,No
C000797,62,Male,Loyal,No
C000798,19,Male,Loyal,No
C000799,45,Female,Returning,Yes
C000800,54,Male,Loyal,No
C000801,24,Female,Returning,No
C000802,35,Female,New,Yes
C000803,38,Female,New,Yes
C000804,59,Female,Returning,No
C000805,79,Female,New,No
C000806,70,Male,New,No
C000807,28,Male,New,Yes
C000808,17,Male,Loyal,No
C000809,19,Female,Loyal,Yes
C000810,54,Other,Loyal,No
C000811,26,Female,Returning,No
C000812,31,Male,Loyal,Yes
C000813,71,Male,Returning,No
C000814,72,Male,Returning,Yes
C000815,70,Female,Returning,No
C000816,32,Male,New,No
C000817,56,Male,Returning,No
C000818,55,Female,Returning,No
C000819,28,Male,Loyal,No
C000820,51,Female,New,No
C000821,50,Female,New,No
C000822,41,Male,New,No
C000823,64,Male,New,Yes
C000824,60,Female,Loyal,No
C000825,50,Female,Returning,No
C000826,63,Female,New,No
C000827,65,Female,Returning,No
C000828,52,Male,Returning,No
C000829,33,Female,New,Yes
C000830,65,Male,Returning,No
C000831,62,Female,New,No
C000832,79,Female,Returning,Yes
C000833,25,Female,Loyal,Yes
C000834,43,Female,New,Yes
C000835,76,Female,Returning,No
C000836,49,Female,Returning,No
C000837,77,Female,New,No
C000838,16,Female,Returning,No
C000839,18,Male,New,No
C000840,67,Male,New,Yes
C000841,39,Male,Returning,No
C000842,49,Female,New,No
C000843,43,Female,Returning,No
C000844,42,Female,Loyal,Yes
C000845,77,Male,Returning,No
C000846,22,Male,Loyal,No
C000847,66,Female,New,No
C000848,73,Female,Returning,No
C000849,58,Female,Returning,No
C000850,41,Female,Returning,No
C000851,26,Male,Loyal,No
C000852,60,Female,New,No
C000853,46,Female,New,Yes
C000854,25,Female,Returning,No
C000855,39,Female,Returning,No
C000856,78,Female,Loyal,Yes
C000857,33,Female,Loyal,No
C000858,27,Female,New,No
C000859,60,Female,Loyal,No
C000860,28,Male,Returning,No
C000861,75,Female,Returning,No
C000862,71,Female,New,Yes
C000863,79,Male,Loyal,No
C000864,75,Female,Returning,No
C000865,31,Male,New,Yes
C000866,29,Male,New,Yes
C000867,38,Female,Returning,Yes
C000868,46,Female,Loyal,No
C000869,73,Male,Returning,No
C000870,63,Female,Loyal,No
C000871,57,Female,Returning,No
C000872,73,Male,Returning,No
C000873,57,Female,Returning,No
C000874,40,Male,New,No
C000875,42,Male,New,No
C000876,49,Male,Returning,No
C000877,21,Male,New,No
C000878,64,Male,New,No
C000879,58,Female,New,Yes
C000880,63,Male,New,No
C000881,50,Male,New,No
C000882,66,Male,New,No
C000883,77,Male,Loyal,No
C000884,53,Male,Returning,No
C000885,44,Female,Returning,No
C000886,22,Male,New,No
C000887,66,Female,New,No
C000888,74,Female,Loyal,Yes
C000889,61,Female,Returning,No
C000890,72,Male,Loyal,Yes
C000891,71,Male,New,Yes
C000892,67,Female,Returning,No
C000893,48,Female,Returning,No
C000894,22,Female,New,No
C000895,16,Female,Loyal,No
C000896,29,Female,New,Yes
C000897,44,Male,Returning,Yes
C000898,64,Female,New,Yes
C000899,45,Female,Returning,No
C000900,17,Female,Loyal,No
C000901,29,Female,Returning,No
C000902,79,Male,Loyal,No
C000903,80,Female,New,Yes
C000904,40,Female,Loyal,No
C000905,68,Male,Returning,No
C000906,62,Female,Loyal,No
C000907,76,Male,Returning,No
C000908,73,Male,Returning,No
C000909,56,Male,Returning,No
C000910,41,Male,Loyal,No
C000911,56,Female,Loyal,No
C000912,36,Female,Returning,No
C000913,38,Female,Returning,No
C000914,55,Female,Returning,No
C000915,53,Female,New,Yes
C000916,53,Female,New,Yes
C000917,41,Female,Returning,Yes
C000918,42,Female,Returning,No
C000919,16,Male,Returning,Yes
C000920,55,Female,Returning,No
C000921,53,Female,New,No
C000922,76,Female,New,No
C000923,48,Male,New,No
C000924,46,Female,New,Yes
C000925,20,Male,Returning,No
C000926,28,Female,Loyal,No
C000927,37,Female,Loyal,Yes
C000928,40,Male,New,No
C000929,39,Female,Loyal,No
C000930,41,Female,Returning,Yes
C000931,65,Female,New,No
C000932,24,Female,Returning,No
C000933,37,Female,Loyal,No
C000934,26,Female,New,Yes
C000935,36,Female,Returning,No
C000936,60,Male,New,No
C000937,19,Female,New,Yes
C000938,38,Female,New,No
C000939,17,Male,New,No
C000940,78,Female,Returning,No
C000941,63,Male,New,No
C000942,31,Female,Returning,No
C000943,28,Male,Loyal,No
C000944,22,Male,Loyal,No
C000945,46,Female,New,No
C000946,64,Male,New,No
C000947,53,Male,Returning,Yes
C000948,73,Male,New,No
C000949,38,Female,New,Yes
C000950,34,Female,Returning,No
C000951,47,Female,Returning,No
C000952,29,Male,New,Yes
C000953,79,Female,New,No
C000954,28,Female,Loyal,Yes
C000955,47,Male,Loyal,Yes
C000956,49,Female,Returning,No
C000957,19,Male,Returning,No
C000958,46,Female,Returning,No
C000959,45,Male,New,Yes
C000960,32,Female,Loyal,No
C000961,24,Female,New,Yes
C000962,18,Male,Returning,Yes
C000963,16,Female,New,No
C000964,47,Female,Returning,No
C000965,21,Female,Loyal,Yes
C000966,78,Male,Returning,Yes
C000967,31,Female,Returning,No
C000968,58,Female,Returning,Yes
C000969,59,Female,Returning,Yes
C000970,48,Female,Returning,No
C000971,73,Male,Returning,Yes
C000972,23,Female,Returning,No
C000973,31,Male,Returning,No
C000974,32,Male,New,No
C000975,24,Male,Returning,No
C000976,35,Male,New,No
C000977,36,Female,Returning,Yes
C000978,65,Male,Returning,No
C000979,35,Male,Loyal,No
C000980,72,Male,New,Yes
C000981,66,Female,Returning,No
C000982,74,Female,New,No
C000983,22,Male,Loyal,No
C000984,79,Female,New,No
C000985,55,Male,Returning,No
C000986,79,Female,New,No
C000987,39,Female,Loyal,No
C000988,77,Female,New,No
C000989,54,Female,Returning,No
C000990,20,Female,New,Yes
C000991,42,Male,New,Yes
C000992,24,Male,New,No
C000993,77,Male,Returning,Yes
C000994,35,Male,New,No
C000995,30,Male,Loyal,Yes
C000996,51,Female,Returning,Yes
C000997,43,Male,Returning,Yes
C000998,22,Male,New,Yes
C000999,69,Male,New,No
C001000,70,Female,Loyal,No
C001001,64,Male,Loyal,No
C001002,56,Female,Returning,No
C001003,42,Female,Loyal,No
C001004,51,Male,New,No
C001005,49,Male,Loyal,No
C001006,26,Female,Returning,No
C001007,21,Female,Loyal,No
C001008,32,Male,Returning,No
C001009,45,Female,New,No
C001010,26,Female,Returning,No
C001011,22,Male,Loyal,Yes
C001012,71,Male,New,No
C001013,40,Female,Returning,No
C001014,53,Male,Returning,No
C001015,50,Female,New,No
C001016,63,Female,New,No
C001017,64,Male,Returning,No
C001018,35,Male,Loyal,No
C001019,71,Female,Returning,No
C001020,40,Female,Loyal,No
C001021,70,Female,New,No
C001022,42,Female,New,No
C001023,23,Female,New,No
C001024,65,Female,Returning,Yes
C001025,17,Male,Returning,Yes
C001026,66,Female,New,No
C001027,18,Male,Returning,No
C001028,29,Male,Returning,Yes
C001029,55,Male,Returning,No
C001030,77,Male,Returning,No
C001031,42,Female,Returning,No
C001032,23,Female,Loyal,No
C001033,31,Male,Returning,No
C001034,74,Female,Loyal,No
C001035,63,Female,Loyal,Yes
C001036,22,Female,Loyal,Yes
C001037,41,Male,New,Yes
C001038,33,Female,Returning,No
C001039,27,Female,Returning,No
C001040,71,Female,New,No
C001041,56,Male,Returning,No
C001042,27,Female,New,No
C001043,58,Male,Returning,No
C001044,42,Male,Loyal,No
C001045,19,Female,Returning,No
C001046,45,Female,Loyal,No
C001047,28,Male,Loyal,No
C001048,31,Male,Loyal,No
C001049,73,Female,New,No
C001050,62,Female,Loyal,No
C001051,24,Female,New,Yes
C001052,71,Female,Loyal,No
C001053,53,Female,New,No
C001054,72,Female,New,No
C001055,64,Female,New,Yes
C001056,38,Male,Returning,No
C001057,50,Male,Loyal,Yes
C001058,50,Male,Returning,Yes
C001059,62,Male,Returning,No
C001060,32,Male,New,Yes
C001061,37,Female,Loyal,No
C001062,31,Male,Returning,No
C001063,35,Female,Loyal,No
C001064,26,Female,Loyal,Yes
C001065,18,Male,New,Yes
C001066,77,Male,New,No
C001067,20,Female,Returning,Yes
C001068,73,Male,Loyal,Yes
C001069,16,Female,Returning,No
C001070,66,Female,Loyal,Yes
C001071,37,Female,Loyal,No
C001072,49,Female,New,Yes
C001073,34,Male,Returning,Yes
C001074,47,Female,Returning,No
C001075,45,Female,New,No
C001076,50,Male,Loyal,Yes
C001077,41,Male,New,Yes
C001078,50,Female,Returning,No
C001079,69,Female,Returning,No
C001080,44,Female,Loyal,No
C001081,39,Female,Returning,No
C001082,24,Male,Returning,No
C001083,39,Male,New,No
C001084,24,Female,Loyal,No
C001085,27,Female,Returning,No
C001086,77,Female,Returning,No
C001087,21,Male,Loyal,No
C001088,47,Female,Returning,No
C001089,70,Female,New,Yes
C001090,77,Other,New,Yes
C001091,25,Male,Returning,No
C001092,26,Female,New,No
C001093,40,Female,New,No
C001094,52,Female,New,No
C001095,78,Male,Returning,Yes
C001096,29,Female,Returning,Yes
C001097,26,Female,Returning,No
C001098,32,Male,Returning,No
C001099,72,Female,Returning,No
C001100,17,Female,New,No
C001101,40,Male,Loyal,No
C001102,23,Female,Returning,Yes
C001103,26,Male,Loyal,Yes
C001104,75,Male,Returning,Yes
C001105,16,Female,New,No
C001106,36,Male,Returning,No
C001107,75,Male,New,No
C001108,55,Male,Loyal,No
C001109,20,Male,Returning,No
C001110,46,Female,New,No
C001111,79,Female,Returning,Yes
C001112,42,Male,Returning,No
C001113,50,Female,New,No
C001114,50,Female,New,No
C001115,58,Female,Loyal,Yes
C001116,28,Female,New,No
C001117,70,Male,New,Yes
C001118,80,Male,New,No
C001119,25,Male,Returning,No
C001120,69,Female,Returning,Yes
C001121,69,Female,Returning,No
C001122,64,Male,Loyal,No
C001123,40,Female,New,Yes
C001124,46,Male,New,No
C001125,70,Male,New,Yes
C001126,25,Female,Returning,No
C001127,69,Female,New,No
C001128,75,Male,Returning,No
C001129,60,Female,Loyal,Yes
C001130,38,Male,New,No
C001131,52,Male,Loyal,No
C001132,19,Female,Loyal,Yes
C001133,76,Male,Returning,No
C001134,38,Female,Loyal,No
C001135,19,Female,Returning,Yes
C001136,67,Male,New,No
C001137,58,Male,Returning,No
C001138,56,Male,New,No
C001139,19,Male,Returning,No
C001140,64,Male,Loyal,No
C001141,57,Female,Returning,No
C001142,67,Female,Returning,No
C001143,69,Female,Returning,Yes
C001144,29,Female,Loyal,No
C001145,29,Female,New,Yes
C001146,76,Male,New,Yes
C001147,50,Female,New,No
C001148,44,Male,Loyal,No
C001149,34,Male,Returning,Yes
C001150,57,Other,New,No
C001151,65,Female,Returning,Yes
C001152,16,Male,Returning,Yes
C001153,51,Male,New,No
C001154,80,Female,Loyal,Yes
C001155,34,Female,Returning,No
C001156,34,Female,New,Yes
C001157,73,Male,Loyal,No
C001158,20,Male,New,Yes
C001159,41,Female,New,Yes
C001160,45,Male,Returning,No
C001161,67,Female,New,No
C001162,24,Female,Returning,Yes
C001163,44,Male,New,Yes
C001164,25,Male,New,No
C001165,67,Male,Loyal,No
C001166,57,Female,New,No
C001167,48,Female,Returning,Yes
C001168,41,Female,New,Yes
C001169,25,Female,Loyal,No
C001170,75,Female,New,No
C001171,58,Male,New,No
C001172,36,Male,Loyal,Yes
C001173,42,Female,New,No
C001174,63,Female,Loyal,No
C001175,62,Female,Returning,No
C001176,45,Female,Loyal,No
C001177,35,Male,New,Yes
C001178,58,Female,Loyal,No
C001179,58,Male,New,No
C001180,54,Female,New,No
C001181,20,Female,Loyal,Yes
C001182,46,Other,New,No
C001183,55,Female,New,Yes
C001184,77,Female,Returning,No
C001185,50,Male,New,No
C001186,38,Female,New,No
C001187,52,Female,Returning,No
C001188,27,Female,Returning,No
C001189,21,Female,Returning,No
C001190,60,Male,Returning,Yes
C001191,80,Female,New,Yes
C001192,70,Male,Returning,No
C001193,53,Male,New,No
C001194,18,Female,New,No
C001195,80,Female,New,No
C001196,45,Female,Returning,Yes
C001197,34,Female,New,Yes
C001198,74,Female,Returning,No
C001199,64,Male,New,No
C001200,64,Female,New,No
C001201,34,Female,New,No
C001202,80,Male,Returning,Yes
C001203,45,Male,Returning,No
C001204,50,Female,Returning,Yes
C001205,64,Female,Loyal,No
C001206,58,Male,New,No
C001207,27,Female,New,No
C001208,35,Male,Loyal,No
C001209,39,Male,Returning,Yes
C001210,77,Female,New,No
C001211,62,Female,New,No
C001212,39,Female,Returning,No
C001213,63,Female,New,Yes
C001214,64,Female,Returning,Yes
C001215,41,Male,New,No
C001216,42,Male,Loyal,No
C001217,74,Male,Returning,No
C001218,52,Male,Loyal,No
C001219,25,Male,New,No
C001220,62,Female,Returning,No
C001221,54,Female,Loyal,Yes
C001222,49,Male,New,No
C001223,63,Male,Returning,No
C001224,74,Female,New,No
C001225,37,Male,Returning,No
C001226,43,Female,Loyal,No
C001227,28,Female,Returning,No
C001228,58,Male,Loyal,No
C001229,42,Female,New,No
C001230,38,Male,Loyal,Yes
C001231,61,Male,Returning,Yes
C001232,42,Male,New,No
C001233,46,Female,Loyal,Yes
C001234,44,Male,New,No
C001235,32,Female,New,No
C001236,24,Male,Loyal,No
C001237,69,Female,New,No
C001238,21,Other,New,No
C001239,37,Male,New,No
C001240,59,Female,Loyal,Yes
C001241,24,Female,New,No
C001242,58,Female,New,No
C001243,63,Male,New,Yes
C001244,59,Male,New,Yes
C001245,35,Male,New,No
C001246,17,Male,Loyal,Yes
C001247,73,Female,Loyal,No
C001248,37,Male,Loyal,No
C001249,68,Female,Returning,Yes
C001250,28,Male,New,No
C001251,26,Female,New,No
C001252,66,Male,Returning,Yes
C001253,77,Female,New,No
C001254,71,Female,Returning,No
C001255,64,Female,New,No
C001256,32,Male,Returning,No
C001257,75,Female,New,No
C001258,59,Female,Returning,No
C001259,27,Female,Loyal,No
C001260,24,Female,New,Yes
C001261,72,Male,New,Yes
C001262,33,Male,New,No
C001263,65,Male,New,Yes
C001264,25,Male,Returning,No
C001265,34,Female,Loyal,No
C001266,34,Female,Loyal,No
C001267,34,Male,Returning,No
C001268,59,Male,Returning,No
C001269,75,Female,New,No
C001270,75,Male,Loyal,No
C001271,64,Female,Returning,Yes
C001272,29,Female,New,Yes
C001273,78,Female,Loyal,No
C001274,51,Male,Returning,No
C001275,51,Male,New,No
C001276,61,Male,Returning,Yes
C001277,65,Male,New,Yes
C001278,77,Male,New,Yes
C001279,53,Female,New,No
C001280,55,Male,Returning,No
C001281,64,Female,New,No
C001282,32,Female,New,Yes
C001283,36,Female,Returning,Yes
C001284,56,Female,New,Yes
C001285,20,Male,Returning,Yes
C001286,36,Female,Returning,No
C001287,62,Female,New,Yes
C001288,79,Male,New,Yes
C001289,49,Male,New,No
C001290,41,Female,Returning,No
C001291,44,Female,Loyal,No
C001292,60,Female,New,Yes
C001293,51,Male,New,No
C001294,17,Male,New,Yes
C001295,51,Female,Returning,Yes
C001296,42,Male,New,No
C001297,61,Male,Returning,No
C001298,72,Male,Returning,Yes
C001299,78,Female,New,No
C001300,55,Male,Returning,No
C001301,39,Male,Loyal,No
C001302,44,Female,New,No
C001303,27,Female,Returning,No
C001304,76,Female,Returning,Yes
C001305,71,Female,New,Yes
C001306,71,Male,Loyal,Yes
C001307,37,Male,New,No
C001308,36,Female,New,No
C001309,71,Male,Returning,Yes
C001310,51,Female,Loyal,Yes
C001311,61,Male,New,No
C001312,47,Female,Returning,No
C001313,44,Male,New,No
C001314,57,Male,Returning,No
C001315,68,Male,Returning,No
C001316,37,Male,Returning,No
C001317,68,Female,Loyal,Yes
C001318,31,Male,Returning,No
C001319,42,Male,New,No
C001320,75,Female,Loyal,No
C001321,78,Other,New,No
C001322,76,Female,Returning,Yes
C001323,36,Female,Returning,No
C001324,70,Male,Loyal,No
C001325,76,Female,Returning,No
C001326,79,Female,Returning,Yes
C001327,17,Female,Returning,No
C001328,64,Male,Returning,No
C001329,80,Male,Loyal,Yes
C001330,65,Female,New,No
C001331,31,Male,New,No
C001332,65,Male,Returning,No
C001333,22,Male,New,Yes
C001334,47,Male,Loyal,No
C001335,56,Male,New,Yes
C001336,45,Female,Returning,No
C001337,61,Female,Returning,No
C001338,31,Male,Loyal,Yes
C001339,55,Female,Returning,Yes
C001340,57,Female,New,Yes
C001341,57,Female,New,No
C001342,34,Female,Loyal,No
C001343,35,Male,Loyal,No
C001344,32,Female,Returning,Yes
C001345,46,Male,Returning,No
C001346,54,Male,New,No
C001347,39,Female,Returning,Yes
C001348,42,Female,Returning,No
C001349,34,Female,New,No
C001350,30,Female,New,Yes
C001351,58,Female,Returning,No
C001352,69,Male,Returning,No
C001353,34,Female,New,No
C001354,71,Female,Loyal,No
C001355,53,Female,New,No
C001356,26,Female,Returning,Yes
C001357,39,Female,Loyal,No
C001358,16,Male,Loyal,No
C001359,18,Female,Loyal,No
C001360,37,Male,Loyal,No
C001361,45,Male,Returning,No
C001362,67,Male,Returning,No
C001363,24,Male,Loyal,No
C001364,70,Female,Returning,No
C001365,31,Male,Returning,No
C001366,24,Female,New,Yes
C001367,61,Male,Returning,No
C001368,66,Female,New,No
C001369,55,Male,Returning,No
C001370,23,Male,New,No
C001371,23,Male,New,No
C001372,41,Female,New,No
C001373,45,Male,Returning,No
C001374,80,Male,Loyal,No
C001375,34,Female,New,No
C001376,28,Female,New,No
C001377,77,Female,Returning,No
C001378,26,Female,Returning,No
C001379,17,Male,New,No
C001380,43,Female,Returning,Yes
C001381,42,Male,Loyal,No
C001382,56,Male,New,No
C001383,73,Male,Returning,No
C001384,76,Male,New,No
C001385,34,Male,Loyal,No
C001386,79,Female,Loyal,Yes
C001387,57,Female,Returning,No
C001388,20,Male,Loyal,Yes
C001389,76,Male,New,No
C001390,24,Female,Returning,No
C001391,54,Male,Loyal,No
C001392,67,Other,Loyal,No
C001393,32,Female,Returning,No
C001394,33,Male,New,No
C001395,46,Male,New,Yes
C001396,73,Female,New,No
C001397,30,Female,Loyal,No
C001398,59,Female,Returning,No
C001399,45,Male,Returning,No
C001400,23,Female,New,Yes
C001401,62,Male,Returning,Yes
C001402,70,Male,Returning,No
C001403,53,Male,Returning,No
C001404,27,Female,New,No
C001405,26,Female,New,Yes
C001406,43,Female,New,Yes
C001407,48,Female,Loyal,No
C001408,51,Female,Returning,No
C001409,31,Female,Returning,No
C001410,48,Female,Loyal,No
C001411,35,Male,Returning,No
C001412,60,Female,Returning,No
C001413,67,Female,Returning,Yes
C001414,58,Male,New,No
C001415,16,Male,New,No
C001416,80,Male,Loyal,No
C001417,17,Male,Returning,No
C001418,80,Female,New,No
C001419,18,Male,Loyal,No
C001420,49,Male,New,No
C001421,22,Male,Returning,No
C001422,22,Male,Returning,No
C001423,60,Female,New,Yes
C001424,63,Female,New,No
C001425,23,Male,Returning,Yes
C001426,79,Female,Loyal,Yes
C001427,36,Female,Loyal,No
C001428,36,Female,Loyal,No
C001429,35,Female,New,No
C001430,45,Female,New,No
C001431,27,Female,Returning,No
C001432,43,Male,Returning,Yes
C001433,29,Female,New,Yes
C001434,19,Female,New,Yes
C001435,39,Female,New,No
C001436,59,Male,New,No
C001437,65,Male,Returning,Yes
C001438,38,Male,Loyal,No
C001439,37,Male,New,No
C001440,67,Other,Returning,No
C001441,60,Male,New,No
C001442,70,Male,Returning,No
C001443,74,Female,New,Yes
C001444,69,Male,New,No
C001445,76,Female,New,No
C001446,43,Male,Returning,No
C001447,41,Female,Returning,No
C001448,36,Female,Returning,No
C001449,31,Female,Returning,No
C001450,64,Male,New,No
C001451,62,Male,New,No
C001452,68,Female,New,No
C001453,26,Female,New,No
C001454,47,Female,New,No
C001455,30,Male,Loyal,No
C001456,74,Female,Loyal,No
C001457,33,Female,Loyal,Yes
C001458,25,Male,Returning,No
C001459,53,Male,Returning,Yes
C001460,73,Male,Returning,No
C001461,75,Male,Returning,Yes
C001462,22,Male,New,No
C001463,37,Female,Loyal,No
C001464,25,Female,Loyal,Yes
C001465,36,Male,New,Yes
C001466,50,Female,Returning,No
C001467,34,Male,Loyal,No
C001468,20,Female,Loyal,No
C001469,49,Female,Returning,No
C001470,19,Female,Returning,No
C001471,30,Male,New,Yes
C001472,16,Male,New,No
C001473,21,Female,New,No
C001474,44,Female,New,Yes
C001475,71,Female,Returning,No
C001476,66,Female,Returning,No
C001477,22,Female,Loyal,No
C001478,18,Male,Returning,No
C001479,37,Female,New,No
C001480,58,Female,Returning,No
C001481,64,Female,Loyal,No
C001482,69,Female,Returning,Yes
C001483,38,Female,Returning,No
C001484,26,Male,New,Yes
C001485,17,Male,New,No
C001486,25,Male,Loyal,No
C001487,20,Female,New,No
C001488,71,Male,New,No
C001489,33,Male,New,No
C001490,69,Male,Returning,Yes
C001491,51,Male,Returning,No
C001492,51,Female,Returning,No
C001493,45,Male,Loyal,No
C001494,69,Male,New,No
C001495,18,Male,New,Yes
C001496,22,Male,Loyal,No
C001497,43,Male,Returning,No
C001498,41,Female,Loyal,No
C001499,51,Male,Returning,No
C001500,63,Male,New,Yes
C001501,54,Male,Loyal,No
C001502,32,Male,New,No
C001503,37,Female,Returning,No
C001504,64,Female,New,No
C001505,29,Female,Returning,No
C001506,48,Male,Returning,No
C001507,51,Male,New,No
C001508,64,Male,Loyal,No
C001509,62,Male,New,Yes
C001510,46,Male,Returning,No
C001511,36,Female,New,No
C001512,39,Male,Returning,No
C001513,42,Male,Returning,No
C001514,30,Male,Returning,No
C001515,56,Male,Returning,Yes
C001516,29,Other,Loyal,No
C001517,58,Female,Loyal,No
C001518,64,Male,Loyal,No
C001519,78,Male,New,Yes
C001520,23,Female,Returning,Yes
C001521,65,Female,New,Yes
C001522,21,Female,New,Yes
C001523,37,Female,Returning,No
C001524,27,Male,Returning,No
C001525,26,Female,Returning,No
C001526,27,Female,Returning,No
C001527,18,Male,Returning,Yes
C001528,69,Female,Loyal,No
C001529,19,Male,New,No
C001530,41,Female,New,Yes
C001531,61,Female,New,No
C001532,80,Other,New,No
C001533,71,Male,Loyal,No
C001534,24,Male,New,No
C001535,80,Male,New,No
C001536,58,Female,Returning,No
C001537,27,Male,New,No
C001538,45,Female,Returning,No
C001539,75,Female,Loyal,No
C001540,41,Female,Returning,Yes
C001541,27,Male,Returning,Yes
C001542,72,Female,Returning,No
C001543,77,Female,Loyal,No
C001544,79,Female,New,No
C001545,78,Male,Returning,No
C001546,72,Female,Returning,Yes
C001547,45,Female,Returning,No
C001548,28,Female,New,No
C001549,56,Male,Returning,No
C001550,30,Female,Loyal,No
C001551,46,Male,Returning,No
C001552,58,Female,New,No
C001553,77,Female,New,No
C001554,34,Female,Returning,No
C001555,32,Female,Returning,No
C001556,63,Female,Loyal,No
C001557,16,Female,Returning,No
C001558,52,Male,New,No
C001559,64,Female,Loyal,No
C001560,51,Female,Returning,No
C001561,40,Female,Returning,No
C001562,69,Female,Returning,No
C001563,40,Female,New,No
C001564,62,Female,New,No
C001565,46,Female,New,No
C001566,17,Female,New,No
C001567,50,Male,Returning,No
C001568,19,Male,New,No
C001569,76,Male,Loyal,No
C001570,55,Female,New,No
C001571,40,Male,Returning,No
C001572,47,Female,Returning,No
C001573,56,Female,New,No
C001574,32,Male,Returning,No
C001575,34,Female,Loyal,No
C001576,43,Female,Loyal,Yes
C001577,32,Male,New,No
C001578,65,Male,Returning,No
C001579,22,Female,New,Yes
C001580,69,Female,Returning,No
C001581,38,Female,New,Yes
C001582,52,Other,Loyal,No
C001583,26,Female,Returning,No
C001584,41,Female,New,No
C001585,65,Female,Loyal,No
C001586,33,Male,Returning,No
C001587,24,Male,New,No
C001588,49,Female,Loyal,Yes
C001589,26,Male,Returning,No
C001590,36,Female,Returning,No
C001591,45,Male,New,No
C001592,52,Female,New,No
C001593,57,Female,New,No
C001594,59,Female,Loyal,No
C001595,70,Other,New,No
C001596,20,Male,Returning,Yes
C001597,39,Male,Loyal,No
C001598,16,Female,Loyal,No
C001599,16,Female,Loyal,No
C001600,29,Female,Loyal,No
C001601,54,Female,Loyal,No
C001602,74,Female,Loyal,No
C001603,66,Male,Returning,No
C001604,58,Male,New,No
C001605,66,Male,New,No
C001606,27,Female,Returning,No
C001607,70,Female,New,Yes
C001608,73,Female,New,No
C001609,22,Female,New,No
C001610,46,Male,Returning,Yes
C001611,69,Male,New,No
C001612,46,Female,New,No
C001613,70,Female,Returning,No
C001614,76,Male,New,No
C001615,46,Female,Returning,No
C001616,19,Male,New,Yes
C001617,38,Male,Returning,Yes
C001618,29,Male,Loyal,Yes
C001619,46,Female,New,No
C001620,54,Male,Loyal,Yes
C001621,46,Male,Loyal,No
C001622,28,Female,Loyal,No
C001623,35,Female,Loyal,Yes
C001624,60,Male,Returning,Yes
C001625,17,Male,New,No
C001626,29,Female,New,No
C001627,74,Male,New,No
C001628,22,Male,Returning,No
C001629,42,Female,Loyal,Yes
C001630,29,Female,New,No
C001631,22,Female,Returning,Yes
C001632,43,Female,Loyal,No
C001633,49,Male,New,Yes
C001634,27,Male,New,No
C001635,21,Female,New,No
C001636,24,Male,New,Yes
C001637,58,Female,Returning,No
C001638,71,Female,Returning,No
C001639,27,Female,Returning,No
C001640,36,Male,New,No
C001641,38,Male,Returning,No
C001642,39,Male,New,No
C001643,31,Female,Returning,No
C001644,19,Female,New,No
C001645,50,Female,Loyal,Yes
C001646,39,Male,Returning,Yes
C001647,38,Female,New,No
C001648,33,Male,Returning,Yes
C001649,76,Male,Returning,No
C001650,55,Female,Loyal,No
C001651,43,Female,Loyal,No
C001652,29,Female,New,No
C001653,68,Male,Returning,No
C001654,73,Other,New,No
C001655,18,Female,Returning,No
C001656,76,Other,New,No
C001657,61,Female,Returning,No
C001658,22,Female,Loyal,No
C001659,64,Male,Returning,No
C001660,22,Male,Loyal,No
C001661,19,Female,New,No
C001662,23,Male,Loyal,Yes
C001663,45,Male,Loyal,No
C001664,56,Male,Returning,No
C001665,42,Male,New,No
C001666,23,Female,Returning,No
C001667,28,Female,Returning,No
C001668,71,Male,New,Yes
C001669,78,Female,Loyal,No
C001670,65,Female,Loyal,No
C001671,22,Female,Loyal,No
C001672,69,Female,New,Yes
C001673,60,Female,Returning,No
C001674,50,Female,New,No
C001675,25,Female,New,No
C001676,80,Female,New,Yes
C001677,44,Male,New,No
C001678,18,Male,Returning,No
C001679,29,Female,New,No
C001680,42,Female,New,No
C001681,20,Female,Returning,No
C001682,37,Male,Returning,No
C001683,46,Male,Loyal,Yes
C001684,77,Male,Returning,No
C001685,21,Male,New,No
C001686,53,Female,Returning,Yes
C001687,75,Female,Returning,Yes
C001688,68,Female,New,No
C001689,76,Female,New,No
C001690,27,Female,Loyal,Yes
C001691,68,Male,New,No
C001692,79,Female,New,Yes
C001693,37,Male,New,Yes
C001694,48,Female,Loyal,Yes
C001695,50,Female,Returning,No
C001696,48,Male,Loyal,No
C001697,34,Female,Loyal,No
C001698,79,Female,Loyal,Yes
C001699,78,Female,New,Yes
C001700,40,Male,New,No
C001701,68,Female,Loyal,No
C001702,41,Male,Loyal,No
C001703,67,Other,Loyal,No
C001704,54,Male,Loyal,No
C001705,46,Female,Returning,Yes
C001706,24,Male,Returning,Yes
C001707,58,Female,Returning,Yes
C001708,36,Male,Returning,Yes
C001709,30,Female,New,No
C001710,28,Female,New,No
C001711,79,Female,New,No
C001712,22,Male,New,No
C001713,67,Male,New,No
C001714,72,Female,Returning,No
C001715,18,Female,Returning,Yes
C001716,54,Male,Returning,Yes
C001717,53,Male,Returning,Yes
C001718,39,Male,Returning,Yes
C001719,59,Female,Returning,Yes
C001720,42,Male,Returning,No
C001721,44,Male,New,No
C001722,44,Female,Returning,No
C001723,68,Female,Loyal,No
C001724,57,Female,New,No
C001725,40,Female,Loyal,Yes
C001726,76,Male,New,No
C001727,68,Female,Returning,No
C001728,76,Male,Loyal,No
C001729,63,Female,Returning,No
C001730,41,Male,Returning,No
C001731,66,Male,Returning,No
C001732,37,Male,New,No
C001733,33,Male,Returning,No
C001734,45,Female,Returning,No
C001735,79,Male,New,No
C001736,52,Male,New,No
C001737,40,Female,Loyal,No
C001738,46,Male,New,No
C001739,34,Female,Loyal,No
C001740,58,Male,New,No
C001741,38,Female,Returning,No
C001742,52,Male,Returning,No
C001743,40,Female,Returning,Yes
C001744,36,Female,Returning,No
C001745,79,Female,New,No
C001746,38,Other,Returning,No
C001747,20,Female,Returning,Yes
C001748,40,Male,Returning,No
C001749,50,Female,Returning,No
C001750,22,Male,New,Yes
C001751,35,Female,New,Yes
C001752,26,Male,New,Yes
C001753,48,Male,New,No
C001754,63,Female,Loyal,No
C001755,78,Female,Loyal,No
C001756,41,Male,New,Yes
C001757,72,Female,New,No
C001758,29,Female,Loyal,Yes
C001759,66,Female,New,No
C001760,52,Male,Returning,No
C001761,65,Male,Returning,Yes
C001762,65,Male,New,No
C001763,50,Male,Returning,No
C001764,32,Female,Loyal,No
C001765,50,Female,Returning,No
C001766,69,Female,Returning,Yes
C001767,79,Female,New,No
C001768,76,Female,New,No
C001769,27,Male,Loyal,No
C001770,54,Female,Loyal,No
C001771,22,Female,Loyal,No
C001772,59,Female,New,Yes
C001773,80,Female,Loyal,No
C001774,19,Female,New,No
C001775,58,Female,Returning,No
C001776,77,Female,Returning,No
C001777,71,Male,Returning,No
C001778,41,Male,Returning,No
C001779,22,Male,Returning,No
C001780,76,Male,Loyal,No
C001781,75,Male,New,No
C001782,53,Male,New,No
C001783,79,Female,Returning,Yes
C001784,16,Male,New,No
C001785,56,Female,New,Yes
C001786,18,Female,New,No
C001787,76,Female,New,No
C001788,60,Female,Returning,No
C001789,75,Male,Loyal,No
C001790,52,Female,Loyal,No
C001791,21,Male,Returning,Yes
C001792,17,Male,New,No
C001793,37,Female,Returning,No
C001794,64,Female,Returning,No
C001795,25,Female,Loyal,No
C001796,71,Female,Returning,No
C001797,31,Male,Returning,No
C001798,48,Male,New,Yes
C001799,29,Male,Loyal,Yes
C001800,46,Female,Loyal,Yes
C001801,45,Male,New,No
C001802,16,Male,Loyal,No
C001803,52,Female,New,Yes
C001804,67,Female,New,No
C001805,76,Female,Loyal,Yes
C001806,37,Female,Returning,No
C001807,73,Male,New,No
C001808,73,Male,New,Yes
C001809,80,Female,New,Yes
C001810,40,Male,New,No
C001811,71,Female,Returning,No
C001812,52,Female,New,No
C001813,19,Male,Returning,Yes
C001814,33,Male,Returning,No
C001815,59,Male,Returning,No
C001816,26,Female,Loyal,No
C001817,44,Male,New,No
C001818,66,Male,New,No
C001819,25,Male,New,No
C001820,48,Female,New,No
C001821,29,Female,Returning,No
C001822,50,Male,New,No
C001823,31,Male,Returning,Yes
C001824,78,Male,Loyal,No
C001825,20,Male,New,No
C001826,78,Male,New,No
C001827,67,Male,Loyal,No
C001828,71,Female,Loyal,No
C001829,71,Female,New,No
C001830,28,Female,Returning,No
C001831,76,Male,New,No
C001832,54,Female,Returning,Yes
C001833,78,Female,Returning,Yes
C001834,73,Male,New,No
C001835,53,Male,New,No
C001836,40,Female,Returning,No
C001837,23,Female,Returning,No
C001838,22,Male,Loyal,No
C001839,41,Female,Returning,Yes
C001840,68,Female,Loyal,Yes
C001841,48,Female,Returning,No
C001842,47,Female,Returning,No
C001843,31,Male,New,No
C001844,52,Female,New,Yes
C001845,57,Female,Returning,No
C001846,79,Female,New,No
C001847,63,Female,New,No
C001848,55,Female,New,Yes
C001849,75,Male,Loyal,Yes
C001850,43,Female,Returning,No
C001851,76,Female,Loyal,No
C001852,40,Female,Loyal,No
C001853,24,Male,Returning,No
C001854,43,Female,Returning,No
C001855,24,Male,Returning,Yes
C001856,23,Male,Returning,Yes
C001857,73,Male,Loyal,No
C001858,67,Male,Loyal,No
C001859,30,Female,Returning,No
C001860,70,Male,Loyal,No
C001861,20,Male,Returning,Yes
C001862,34,Female,Returning,No
C001863,61,Male,New,No
C001864,35,Female,New,No
C001865,63,Male,New,Yes
C001866,72,Male,Returning,Yes
C001867,20,Male,New,No
C001868,17,Female,Loyal,No
C001869,77,Male,New,Yes
C001870,49,Male,New,No
C001871,48,Female,Returning,No
C001872,46,Male,New,No
C001873,44,Male,New,Yes
C001874,60,Male,New,No
C001875,53,Other,Returning,Yes
C001876,26,Female,New,Yes
C001877,56,Female,Returning,Yes
C001878,59,Female,New,No
C001879,23,Female,New,No
C001880,40,Female,New,Yes
C001881,67,Male,New,Yes
C001882,56,Female,Loyal,Yes
C001883,24,Male,Returning,Yes
C001884,18,Female,Returning,No
C001885,53,Female,Loyal,Yes
C001886,46,Male,New,No
C001887,78,Male,Loyal,No
C001888,49,Female,Returning,No
C001889,76,Male,Returning,Yes
C001890,29,Female,Loyal,No
C001891,45,Female,New,Yes
C001892,25,Female,Returning,Yes
C001893,53,Male,Returning,No
C001894,28,Female,Returning,Yes
C001895,47,Male,New,Yes
C001896,38,Male,New,No
C001897,28,Female,Loyal,No
C001898,22,Male,Returning,Yes
C001899,49,Female,New,Yes
C001900,77,Female,New,No
C001901,28,Female,Returning,No
C001902,42,Female,New,No
C001903,30,Female,New,No
C001904,68,Female,Loyal,No
C001905,42,Male,New,No
C001906,79,Female,New,No
C001907,31,Female,Returning,No
C001908,21,Male,New,No
C001909,53,Female,New,No
C001910,58,Male,Returning,No
C001911,80,Male,Returning,Yes
C001912,72,Female,Returning,No
C001913,73,Female,Loyal,No
C001914,57,Female,Loyal,No
C001915,39,Female,Returning,No
C001916,43,Female,Returning,No
C001917,24,Male,Loyal,No
C001918,44,Male,New,No
C001919,39,Female,Returning,No
C001920,18,Male,New,No
C001921,29,Female,New,No
C001922,50,Male,Loyal,No
C001923,40,Male,New,No
C001924,80,Female,New,No
C001925,47,Female,New,No
C001926,78,Female,Returning,No
C001927,58,Male,Loyal,No
C001928,18,Female,Returning,No
C001929,29,Male,Loyal,No
C001930,61,Female,Returning,No
C001931,51,Female,Loyal,No
C001932,35,Male,Loyal,No
C001933,49,Female,New,Yes
C001934,74,Female,Loyal,No
C001935,41,Male,New,No
C001936,18,Female,Returning,No
C001937,36,Male,New,No
C001938,76,Other,Returning,No
C001939,65,Female,Loyal,No
C001940,70,Male,Loyal,No
C001941,75,Female,Returning,No
C001942,23,Male,Loyal,No
C001943,34,Male,New,No
C001944,19,Male,New,No
C001945,16,Male,Loyal,Yes
C001946,70,Female,New,No
C001947,76,Male,Loyal,Yes
C001948,26,Female,New,No
C001949,62,Male,New,No
C001950,50,Female,New,Yes
C001951,20,Female,New,No
C001952,75,Female,New,Yes
C001953,72,Female,New,No
C001954,52,Female,New,Yes
C001955,62,Female,Loyal,No
C001956,41,Male,Returning,No
C001957,67,Male,New,No
C001958,44,Female,New,Yes
C001959,80,Male,New,Yes
C001960,20,Female,New,No
C001961,27,Male,Returning,No
C001962,78,Female,New,No
C001963,34,Male,Loyal,No
C001964,36,Female,New,No
C001965,67,Female,Returning,No
C001966,28,Male,Returning,No
C001967,49,Male,New,No
C001968,34,Male,New,Yes
C001969,28,Female,New,No
C001970,78,Female,Returning,No
C001971,28,Male,Loyal,No
C001972,22,Female,New,No
C001973,59,Female,Loyal,No
C001974,72,Female,Returning,No
C001975,24,Female,Returning,No
C001976,62,Female,New,No
C001977,51,Female,Loyal,No
C001978,69,Male,New,Yes
C001979,24,Male,New,No
C001980,79,Male,Returning,Yes
C001981,56,Male,Loyal,No
C001982,70,Female,New,No
C001983,39,Male,New,No
C001984,77,Male,Loyal,No
C001985,56,Male,Loyal,Yes
C001986,24,Female,Returning,No
C001987,75,Male,Returning,No
C001988,67,Male,Returning,No
C001989,35,Male,Loyal,No
C001990,51,Male,New,No
C001991,41,Male,Loyal,No
C001992,51,Male,Returning,Yes
C001993,78,Male,Loyal,No
C001994,74,Male,Returning,Yes
C001995,30,Male,New,No
C001996,79,Female,Loyal,No
C001997,44,Male,Loyal,Yes
C001998,61,Female,Loyal,No
C001999,65,Female,New,Yes
C002000,47,Female,New,Yes
C002001,45,Female,Loyal,Yes
C002002,45,Female,Returning,No
C002003,72,Female,New,No
C002004,41,Female,New,No
C002005,34,Male,New,No
C002006,39,Male,New,No
C002007,28,Other,New,Yes
C002008,41,Female,Loyal,No
C002009,23,Female,Returning,No
C002010,21,Male,New,No
C002011,63,Female,Returning,No
C002012,21,Male,Returning,Yes
C002013,52,Male,Loyal,No
C002014,66,Female,Loyal,No
C002015,63,Female,New,No
C002016,44,Female,Loyal,No
C002017,28,Male,New,Yes
C002018,76,Female,Returning,No
C002019,70,Male,Loyal,Yes
C002020,55,Male,Loyal,Yes
C002021,21,Female,New,No
C002022,18,Female,New,No
C002023,36,Female,New,No
C002024,26,Female,New,No
C002025,71,Male,New,No
C002026,29,Male,New,No
C002027,34,Male,Returning,No
C002028,79,Female,New,No
C002029,69,Female,Returning,No
C002030,30,Male,Returning,Yes
C002031,40,Male,New,No
C002032,49,Male,Returning,No
C002033,59,Male,Loyal,No
C002034,76,Male,Returning,No
C002035,72,Female,Returning,No
C002036,79,Female,Returning,Yes
C002037,18,Male,Returning,No
C002038,31,Female,Returning,No
C002039,52,Male,Loyal,No
C002040,19,Female,Loyal,No
C002041,39,Female,New,No
C002042,25,Female,Returning,No
C002043,76,Male,Loyal,No
C002044,20,Male,Returning,No
C002045,25,Female,Returning,No
C002046,28,Female,New,Yes
C002047,25,Female,New,Yes
C002048,52,Female,Returning,No
C002049,39,Male,Loyal,No
C002050,75,Female,New,No
C002051,32,Female,Loyal,No
C002052,50,Female,Loyal,Yes
C002053,58,Male,Loyal,No
C002054,56,Male,Loyal,Yes
C002055,67,Male,New,No
C002056,29,Male,New,No
C002057,48,Male,New,No
C002058,68,Female,Returning,No
C002059,72,Male,New,No
C002060,56,Male,Loyal,No
C002061,58,Female,Loyal,Yes
C002062,72,Male,New,Yes
C002063,56,Male,Returning,Yes
C002064,77,Male,Returning,No
C002065,24,Female,Returning,No
C002066,38,Female,Loyal,No
C002067,23,Male,New,Yes
C002068,21,Female,New,Yes
C002069,46,Female,Loyal,No
C002070,30,Female,New,No
C002071,42,Female,Loyal,No
C002072,44,Male,New,Yes
C002073,56,Male,Returning,No
C002074,77,Male,Returning,No
C002075,71,Female,Loyal,No
C002076,40,Female,New,No
C002077,37,Female,Loyal,Yes
C002078,66,Female,Loyal,Yes
C002079,24,Male,Loyal,No
C002080,51,Female,Loyal,No
C002081,43,Female,Loyal,No
C002082,27,Male,Loyal,Yes
C002083,56,Male,Returning,No
C002084,36,Female,Loyal,No
C002085,28,Male,Loyal,No
C002086,58,Female,Returning,No
C002087,27,Male,New,No
C002088,59,Male,New,No
C002089,26,Female,Loyal,No
C002090,44,Female,Loyal,Yes
C002091,68,Female,New,Yes
C002092,30,Male,Loyal,No
C002093,65,Female,New,No
C002094,62,Male,Returning,No
C002095,74,Female,Loyal,No
C002096,26,Female,Loyal,No
C002097,62,Female,Returning,Yes
C002098,76,Female,Loyal,No
C002099,65,Female,Loyal,No
C002100,28,Male,Loyal,No
C002101,69,Male,Loyal,No
C002102,22,Female,Returning,Yes
C002103,54,Male,New,No
C002104,48,Female,New,No
C002105,50,Male,New,No
C002106,49,Female,New,No
C002107,18,Male,New,No
C002108,49,Female,New,No
C002109,76,Female,Returning,Yes
C002110,44,Male,New,Yes
C002111,33,Female,New,No
C002112,80,Female,New,Yes
C002113,22,Female,New,No
C002114,47,Male,Returning,No
C002115,49,Female,Loyal,No
C002116,47,Male,Returning,No
C002117,75,Male,Returning,No
C002118,43,Male,Loyal,No
C002119,79,Female,Returning,Yes
C002120,20,Male,New,No
C002121,63,Female,New,Yes
C002122,54,Male,Returning,No
C002123,31,Female,Returning,Yes
C002124,30,Male,Loyal,No
C002125,62,Male,New,Yes
C002126,57,Female,Loyal,Yes
C002127,55,Female,Returning,No
C002128,19,Female,Loyal,No
C002129,54,Male,Returning,Yes
C002130,79,Female,New,No
C002131,17,Male,New,Yes
C002132,46,Female,New,No
C002133,48,Male,New,No
C002134,74,Female,Loyal,Yes
C002135,34,Female,New,Yes
C002136,46,Female,New,No
C002137,62,Male,New,No
C002138,19,Female,Returning,No
C002139,68,Female,New,No
C002140,69,Female,New,Yes
C002141,62,Male,Loyal,No
C002142,58,Male,New,No
C002143,64,Female,Loyal,No
C002144,66,Female,New,No
C002145,74,Female,Returning,No
C002146,43,Female,Returning,No
C002147,45,Other,New,No
C002148,57,Female,Returning,No
C002149,28,Male,Returning,No
C002150,71,Male,Returning,Yes
C002151,66,Male,Loyal,No
C002152,57,Female,Loyal,No
C002153,35,Male,New,No
C002154,38,Female,Returning,No
C002155,44,Female,New,No
C002156,59,Male,New,No
C002157,66,Female,New,No
C002158,59,Female,Returning,No
C002159,76,Female,Returning,No
C002160,78,Female,Returning,No
C002161,61,Male,Loyal,Yes
C002162,40,Male,Loyal,No
C002163,54,Male,New,Yes
C002164,43,Female,New,No
C002165,56,Female,Returning,Yes
C002166,68,Female,New,No
C002167,40,Female,New,No
C002168,48,Male,New,No
C002169,18,Male,Returning,Yes
C002170,63,Male,Returning,No
C002171,47,Male,Returning,Yes
C002172,45,Female,Loyal,Yes
C002173,50,Male,Loyal,No
C002174,30,Male,Loyal,No
C002175,54,Male,New,No
C002176,64,Female,Returning,No
C002177,38,Male,New,No
C002178,24,Female,Loyal,Yes
C002179,41,Male,Returning,No
C002180,28,Male,New,Yes
C002181,40,Male,Returning,No
C002182,56,Female,Returning,No
C002183,23,Female,Loyal,No
C002184,64,Male,New,Yes
C002185,30,Male,New,Yes
C002186,74,Male,Loyal,No
C002187,63,Female,Returning,Yes
C002188,33,Male,New,Yes
C002189,52,Male,Returning,No
C002190,23,Female,Returning,Yes
C002191,22,Female,New,Yes
C002192,78,Male,New,No
C002193,68,Female,New,No
C002194,26,Male,New,No
C002195,34,Male,Returning,No
C002196,28,Female,New,Yes
C002197,41,Female,Returning,No
C002198,34,Male,Returning,No
C002199,37,Male,Returning,No
C002200,50,Male,New,Yes
C002201,28,Male,Returning,No
C002202,73,Male,New,No
C002203,63,Male,Loyal,No
C002204,65,Male,New,No
C002205,27,Male,Loyal,No
C002206,62,Female,Returning,No
C002207,70,Female,Loyal,Yes
C002208,27,Male,Loyal,Yes
C002209,64,Female,Loyal,Yes
C002210,39,Male,Returning,No
C002211,67,Male,New,No
C002212,47,Female,Returning,No
C002213,68,Female,New,Yes
C002214,25,Male,New,No
C002215,41,Female,Loyal,No
C002216,33,Male,Returning,No
C002217,32,Male,New,No
C002218,36,Female,Loyal,No
C002219,40,Male,New,Yes
C002220,24,Female,Loyal,No
C002221,61,Female,Loyal,No
C002222,51,Female,New,No
C002223,69,Female,New,No
C002224,61,Male,Loyal,No
C002225,25,Female,New,No
C002226,20,Female,Loyal,No
C002227,43,Female,Returning,No
C002228,47,Female,New,Yes
C002229,31,Female,Returning,No
C002230,66,Male,Returning,Yes
C002231,53,Female,Returning,No
C002232,64,Male,Returning,Yes
C002233,23,Female,New,No
C002234,68,Female,New,No
C002235,29,Female,Loyal,No
C002236,45,Male,Returning,No
C002237,44,Male,Returning,No
C002238,69,Female,Returning,No
C002239,33,Male,Returning,No
C002240,31,Female,New,No
C002241,38,Male,Loyal,No
C002242,39,Male,Returning,No
C002243,27,Female,Loyal,No
C002244,27,Female,Loyal,No
C002245,31,Female,Returning,No
C002246,46,Male,Returning,No
C002247,38,Female,New,No
C002248,41,Male,New,Yes
C002249,62,Female,Returning,No
C002250,31,Male,New,Yes
C002251,75,Female,New,Yes
C002252,64,Male,Returning,No
C002253,27,Female,New,No
C002254,36,Female,New,No
C002255,27,Female,Returning,Yes
C002256,33,Male,New,Yes
C002257,39,Female,New,Yes
C002258,24,Male,New,No
C002259,16,Male,Returning,No
C002260,44,Female,Loyal,No
C002261,61,Female,New,No
C002262,35,Female,Returning,No
C002263,71,Female,New,No
C002264,40,Female,Returning,No
C002265,74,Male,New,No
C002266,31,Female,Loyal,Yes
C002267,51,Female,Returning,Yes
C002268,65,Male,Returning,No
C002269,19,Female,New,No
C002270,76,Male,Loyal,No
C002271,39,Male,New,Yes
C002272,48,Female,Returning,No
C002273,56,Female,Loyal,No
C002274,57,Male,Returning,No
C002275,17,Male,Loyal,Yes
C002276,72,Male,Returning,Yes
C002277,56,Male,Loyal,No
C002278,80,Male,New,Yes
C002279,46,Male,New,No
C002280,55,Male,Returning,No
C002281,44,Male,Returning,No
C002282,73,Male,Returning,No
C002283,70,Female,Returning,Yes
C002284,75,Male,Returning,No
C002285,48,Female,New,No
C002286,67,Female,Returning,Yes
C002287,39,Female,Loyal,No
C002288,45,Female,New,No
C002289,65,Male,New,No
C002290,21,Female,Returning,Yes
C002291,62,Male,New,No
C002292,17,Female,Returning,No
C002293,53,Female,Returning,No
C002294,47,Female,Returning,Yes
C002295,46,Male,Loyal,No
C002296,48,Male,Loyal,No
C002297,47,Female,Returning,No
C002298,42,Female,Loyal,No
C002299,45,Female,New,Yes
C002300,52,Female,New,Yes
C002301,65,Female,Returning,Yes
C002302,51,Male,Returning,No
C002303,57,Female,New,Yes
C002304,70,Female,New,No
C002305,80,Male,New,No
C002306,23,Male,New,No
C002307,62,Female,New,Yes
C002308,30,Male,Loyal,Yes
C002309,28,Male,Loyal,No
C002310,67,Female,Returning,No
C002311,20,Female,Returning,No
C002312,71,Male,New,No
C002313,66,Male,Returning,No
C002314,80,Other,Returning,No
C002315,59,Female,Loyal,Yes
C002316,72,Male,New,No
C002317,23,Female,Loyal,No
C002318,73,Male,Loyal,Yes
C002319,26,Male,New,Yes
C002320,36,Female,Loyal,No
C002321,24,Female,New,Yes
C002322,42,Male,Loyal,No
C002323,64,Male,Returning,Yes
C002324,33,Female,Returning,No
C002325,69,Male,Returning,Yes
C002326,55,Female,Returning,No
C002327,56,Female,Loyal,Yes
C002328,77,Female,Loyal,No
C002329,44,Male,Returning,No
C002330,38,Female,Loyal,No
C002331,80,Male,Returning,No
C002332,52,Female,Returning,No
C002333,55,Male,New,No
C002334,35,Male,Loyal,No
C002335,30,Female,Returning,No
C002336,27,Female,Returning,No
C002337,30,Female,Returning,No
C002338,28,Female,Loyal,No
C002339,64,Male,New,No
C002340,19,Male,Returning,Yes
C002341,56,Female,Returning,No
C002342,77,Male,New,Yes
C002343,65,Female,New,No
C002344,42,Female,Loyal,No
C002345,19,Female,New,No
C002346,70,Female,Loyal,No
C002347,16,Male,Loyal,No
C002348,60,Female,New,No
C002349,59,Male,Returning,No
C002350,28,Female,New,Yes
C002351,64,Male,Returning,No
C002352,27,Female,Returning,No
C002353,30,Female,Returning,No
C002354,68,Female,Loyal,No
C002355,79,Female,Loyal,No
C002356,33,Female,Returning,Yes
C002357,75,Female,Loyal,No
C002358,75,Male,Loyal,No
C002359,66,Female,Returning,No
C002360,25,Male,New,No
C002361,35,Male,Loyal,Yes
C002362,60,Female,Loyal,No
C002363,80,Male,Returning,No
C002364,68,Female,Returning,No
C002365,43,Male,New,No
C002366,31,Male,Returning,No
C002367,78,Male,Loyal,No
C002368,33,Female,Loyal,No
C002369,38,Male,New,No
C002370,78,Female,New,No
C002371,52,Female,New,Yes
C002372,33,Female,Returning,Yes
C002373,16,Female,Loyal,Yes
C002374,43,Male,New,No
C002375,80,Male,Loyal,No
C002376,44,Female,Returning,No
C002377,61,Male,Returning,Yes
C002378,32,Male,Returning,No
C002379,66,Male,Loyal,No
C002380,66,Male,Returning,Yes
C002381,55,Female,New,No
C002382,66,Female,Returning,No
C002383,53,Male,Returning,No
C002384,40,Female,New,No
C002385,63,Male,Loyal,No
C002386,70,Male,Returning,No
C002387,70,Male,New,Yes
C002388,29,Female,Returning,Yes
C002389,59,Male,New,No
C002390,16,Male,Returning,No
C002391,53,Female,New,No
C002392,53,Female,New,No
C002393,39,Female,Returning,Yes
C002394,80,Female,Returning,No
C002395,73,Male,New,No
C002396,18,Male,New,No
C002397,29,Female,New,No
C002398,29,Male,New,No
C002399,74,Female,Returning,Yes
C002400,49,Female,New,No
C002401,63,Female,Returning,No
C002402,68,Male,Returning,No
C002403,65,Male,New,No
C002404,21,Male,Returning,No
C002405,25,Male,Returning,No
C002406,41,Female,Returning,No
C002407,37,Male,Returning,Yes
C002408,64,Female,New,Yes
C002409,26,Female,Returning,No
C002410,40,Female,Loyal,No
C002411,31,Female,Returning,No
C002412,28,Female,Returning,Yes
C002413,27,Female,Returning,No
C002414,28,Female,Loyal,No
C002415,52,Male,New,Yes
C002416,42,Female,Returning,No
C002417,44,Female,Returning,No
C002418,47,Other,Returning,No
C002419,64,Male,Returning,No
C002420,72,Female,Returning,No
C002421,50,Male,Returning,Yes
C002422,57,Female,Returning,No
C002423,64,Female,New,No
C002424,60,Male,Loyal,Yes
C002425,24,Female,New,No
C002426,79,Male,New,No
C002427,26,Female,New,No
C002428,42,Male,Returning,No
C002429,58,Male,Returning,No
C002430,42,Male,Returning,No
C002431,31,Female,Returning,Yes
C002432,76,Female,New,No
C002433,20,Male,New,Yes
C002434,31,Male,Loyal,Yes
C002435,80,Female,Loyal,Yes
C002436,63,Female,Loyal,No
C002437,21,Male,New,No
C002438,65,Male,Loyal,No
C002439,79,Male,Loyal,No
C002440,22,Male,Returning,No
C002441,42,Female,Returning,Yes
C002442,46,Female,New,No
C002443,24,Male,Returning,Yes
C002444,29,Male,Loyal,Yes
C002445,27,Female,Returning,No
C002446,28,Male,New,Yes
C002447,42,Female,Returning,No
C002448,46,Female,Returning,No
C002449,31,Male,Returning,No
C002450,34,Female,Returning,No
C002451,28,Female,Loyal,No
C002452,67,Male,New,No
C002453,29,Female,New,No
C002454,74,Female,New,No
C002455,51,Male,Loyal,No
C002456,68,Female,Loyal,No
C002457,57,Male,Loyal,Yes
C002458,33,Female,Loyal,Yes
C002459,55,Female,Returning,No
C002460,33,Male,New,No
C002461,23,Female,Returning,No
C002462,32,Male,Returning,No
C002463,33,Male,Returning,Yes
C002464,24,Male,New,Yes
C002465,17,Female,Returning,No
C002466,77,Female,Returning,No
C002467,49,Male,New,No
C002468,42,Female,Loyal,No
C002469,76,Male,New,No
C002470,30,Male,Loyal,No
C002471,42,Female,New,No
C002472,71,Female,Loyal,No
C002473,57,Male,Returning,Yes
C002474,41,Male,New,Yes
C002475,32,Female,New,No
C002476,18,Male,New,No
C002477,21,Male,Loyal,No
C002478,26,Female,New,No
C002479,67,Female,New,No
C002480,57,Male,Returning,No
C002481,44,Male,Returning,Yes
C002482,66,Male,Returning,Yes
C002483,26,Female,New,No
C002484,29,Male,Returning,No
C002485,41,Male,New,No
C002486,75,Male,Returning,No
C002487,55,Female,New,No
C002488,71,Female,Loyal,No
C002489,32,Female,Returning,No
C002490,71,Female,Returning,Yes
C002491,20,Female,Loyal,No
C002492,30,Male,Loyal,No
C002493,49,Female,Loyal,Yes
C002494,19,Male,Returning,Yes
C002495,71,Female,Loyal,Yes
C002496,72,Male,New,No
C002497,51,Female,Loyal,No
C002498,35,Male,Returning,Yes
C002499,22,Male,Returning,Yes
C002500,56,Male,Loyal,No
C002501,50,Female,Returning,No
C002502,65,Female,Returning,No
C002503,55,Male,Loyal,Yes
C002504,24,Female,Returning,No
C002505,23,Male,New,Yes
C002506,66,Female,New,No
C002507,26,Female,Returning,No
C002508,77,Male,New,No
C002509,22,Male,Returning,No
C002510,63,Male,Loyal,No
C002511,79,Female,New,No
C002512,44,Male,Loyal,No
C002513,19,Other,Returning,No
C002514,72,Female,Loyal,Yes
C002515,28,Female,New,No
C002516,50,Female,Returning,No
C002517,79,Male,Returning,No
C002518,64,Female,Loyal,No
C002519,19,Male,Loyal,No
C002520,69,Female,Loyal,Yes
C002521,26,Male,New,Yes
C002522,64,Male,Returning,No
C002523,56,Female,Returning,No
C002524,34,Female,New,Yes
C002525,43,Female,Loyal,Yes
C002526,23,Female,Returning,No
C002527,80,Female,Loyal,Yes
C002528,31,Male,Loyal,No
C002529,36,Female,New,No
C002530,48,Female,Returning,No
C002531,59,Female,Returning,Yes
C002532,48,Male,Loyal,No
C002533,48,Male,Returning,No
C002534,53,Female,New,Yes
C002535,71,Female,Returning,No
C002536,41,Female,New,No
C002537,70,Male,Returning,No
C002538,67,Male,Loyal,Yes
C002539,78,Female,New,Yes
C002540,75,Male,New,No
C002541,67,Male,Returning,Yes
C002542,32,Male,Loyal,Yes
C002543,66,Female,New,Yes
C002544,63,Male,New,Yes
C002545,34,Male,Returning,No
C002546,60,Female,Returning,Yes
C002547,32,Female,New,Yes
C002548,50,Female,Loyal,Yes
C002549,67,Female,Loyal,No
C002550,28,Female,Returning,No
C002551,37,Male,New,Yes
C002552,67,Male,Returning,No
C002553,45,Female,New,Yes
C002554,78,Female,Returning,No
C002555,16,Male,Loyal,No
C002556,62,Female,New,No
C002557,68,Female,New,No
C002558,75,Male,New,No
C002559,26,Female,New,No
C002560,79,Female,New,No
C002561,41,Male,Returning,No
C002562,38,Male,Loyal,No
C002563,39,Female,New,Yes
C002564,57,Male,New,No
C002565,58,Male,Loyal,No
C002566,46,Female,Returning,Yes
C002567,20,Male,Loyal,No
C002568,80,Female,Returning,Yes
C002569,30,Female,New,Yes
C002570,22,Female,New,No
C002571,54,Female,Loyal,No
C002572,42,Female,Loyal,No
C002573,56,Male,Returning,No
C002574,72,Female,Returning,Yes
C002575,22,Male,Returning,No
C002576,34,Female,New,No
C002577,49,Male,New,Yes
C002578,67,Male,Loyal,No
C002579,55,Female,New,Yes
C002580,40,Male,New,No
C002581,55,Male,Returning,No
C002582,79,Female,Returning,No
C002583,47,Female,Loyal,No
C002584,73,Male,New,No
C002585,66,Male,Loyal,No
C002586,35,Female,New,No
C002587,32,Male,New,Yes
C002588,66,Female,Returning,No
C002589,29,Female,Loyal,No
C002590,37,Male,Returning,No
C002591,31,Male,New,No
C002592,55,Female,Returning,No
C002593,35,Female,New,No
C002594,58,Female,Loyal,Yes
C002595,76,Male,Loyal,Yes
C002596,69,Female,Returning,No
C002597,77,Female,Returning,Yes
C002598,17,Female,Returning,No
C002599,45,Male,Returning,No
C002600,30,Female,New,Yes
C002601,75,Male,Returning,No
C002602,62,Female,Returning,Yes
C002603,36,Female,Loyal,No
C002604,52,Female,New,No
C002605,55,Female,Loyal,No
C002606,48,Female,Loyal,Yes
C002607,46,Female,Loyal,No
C002608,19,Female,Loyal,No
C002609,45,Female,New,No
C002610,38,Female,Returning,Yes
C002611,69,Female,Loyal,No
C002612,72,Female,Loyal,No
C002613,64,Female,New,No
C002614,18,Male,Returning,No
C002615,70,Male,Loyal,No
C002616,41,Male,New,No
C002617,43,Female,New,No
C002618,77,Male,Returning,No
C002619,72,Male,Returning,Yes
C002620,19,Female,Returning,No
C002621,39,Female,New,No
C002622,64,Male,Loyal,No
C002623,51,Male,New,Yes
C002624,32,Male,Loyal,Yes
C002625,50,Male,New,No
C002626,72,Male,Loyal,No
C002627,30,Male,New,No
C002628,64,Female,Returning,Yes
C002629,63,Female,New,No
C002630,73,Male,Returning,Yes
C002631,35,Female,New,Yes
C002632,30,Female,New,No
C002633,51,Female,Returning,No
C002634,50,Female,New,No
C002635,42,Female,Loyal,Yes
C002636,66,Male,Returning,Yes
C002637,67,Female,New,Yes
C002638,31,Male,Loyal,No
C002639,67,Female,New,Yes
C002640,30,Male,Loyal,No
C002641,42,Male,New,No
C002642,17,Male,Returning,No
C002643,38,Female,Loyal,Yes
C002644,78,Female,New,No
C002645,44,Male,Returning,Yes
C002646,62,Male,New,No
C002647,23,Female,Returning,No
C002648,57,Male,New,No
C002649,40,Male,New,No
C002650,64,Female,New,No
C002651,76,Male,Returning,No
C002652,50,Female,Loyal,No
C002653,22,Female,Loyal,Yes
C002654,46,Male,Returning,Yes
C002655,24,Female,Loyal,Yes
C002656,45,Male,Loyal,Yes
C002657,19,Male,Returning,Yes
C002658,57,Other,New,Yes
C002659,36,Female,Returning,Yes
C002660,29,Female,New,No
C002661,17,Female,Loyal,No
C002662,73,Male,Returning,No
C002663,70,Female,New,No
C002664,68,Male,Loyal,Yes
C002665,19,Female,New,No
C002666,38,Female,Loyal,No
C002667,79,Male,Loyal,No
C002668,53,Male,Returning,Yes
C002669,24,Female,Returning,No
C002670,25,Male,New,No
C002671,33,Female,Returning,No
C002672,79,Male,Loyal,No
C002673,27,Female,New,Yes
C002674,74,Male,New,No
C002675,60,Female,New,No
C002676,75,Female,Returning,Yes
C002677,69,Male,Returning,Yes
C002678,37,Female,New,No
C002679,69,Female,New,Yes
C002680,26,Female,Loyal,Yes
C002681,34,Female,New,No
C002682,29,Male,New,No
C002683,24,Female,New,No
C002684,21,Male,Loyal,Yes
C002685,28,Male,New,No
C002686,23,Female,New,No
C002687,40,Male,Returning,No
C002688,20,Female,New,Yes
C002689,19,Female,Loyal,No
C002690,80,Female,Loyal,No
C002691,21,Female,Returning,No
C002692,20,Female,Returning,No
C002693,17,Female,New,Yes
C002694,24,Male,Returning,No
C002695,50,Male,New,No
C002696,69,Male,Returning,Yes
C002697,63,Male,New,No
C002698,53,Male,Returning,No
C002699,21,Female,New,No
C002700,66,Male,Returning,No
C002701,18,Female,New,No
C002702,57,Male,New,No
C002703,42,Male,Returning,No
C002704,73,Female,Returning,No
C002705,35,Male,Loyal,No
C002706,57,Male,New,No
C002707,44,Male,New,No
C002708,49,Female,Returning,No
C002709,77,Male,New,No
C002710,62,Male,Loyal,Yes
C002711,42,Female,New,No
C002712,45,Female,Loyal,No
C002713,61,Female,Returning,Yes
C002714,38,Male,New,No
C002715,26,Female,Returning,No
C002716,46,Female,Returning,Yes
C002717,20,Female,Returning,No
C002718,27,Male,Returning,Yes
C002719,43,Male,Returning,No
C002720,67,Female,Returning,No
C002721,66,Female,Returning,No
C002722,32,Male,Returning,No
C002723,43,Female,Loyal,Yes
C002724,25,Female,Returning,No
C002725,65,Male,Returning,No
C002726,32,Female,New,No
C002727,67,Female,New,No
C002728,70,Female,New,No
C002729,60,Male,Returning,No
C002730,37,Male,Loyal,No
C002731,77,Female,New,No
C002732,60,Male,Returning,Yes
C002733,57,Male,New,No
C002734,71,Male,New,No
C002735,73,Female,New,No
C002736,21,Female,Returning,Yes
C002737,73,Male,New,No
C002738,65,Female,New,No
C002739,29,Female,Returning,No
C002740,35,Female,Returning,No
C002741,64,Male,Returning,No
C002742,30,Female,New,No
C002743,45,Female,New,No
C002744,60,Male,New,No
C002745,58,Female,New,No
C002746,75,Female,Returning,No
C002747,23,Female,Returning,Yes
C002748,35,Female,Loyal,No
C002749,80,Other,Loyal,No
C002750,52,Female,New,Yes
C002751,32,Male,New,Yes
C002752,34,Female,Loyal,No
C002753,38,Female,New,No
C002754,52,Female,Returning,No
C002755,34,Female,Returning,No
C002756,56,Female,Returning,Yes
C002757,44,Female,New,No
C002758,55,Male,New,Yes
C002759,26,Female,New,No
C002760,56,Male,New,No
C002761,76,Female,New,Yes
C002762,24,Female,Returning,No
C002763,37,Male,Returning,No
C002764,61,Female,New,No
C002765,56,Female,New,No
C002766,59,Female,Loyal,No
C002767,52,Female,New,No
C002768,60,Male,New,Yes
C002769,55,Female,Returning,No
C002770,20,Male,New,No
C002771,64,Female,New,Yes
C002772,45,Female,New,Yes
C002773,19,Female,Loyal,No
C002774,42,Female,Returning,No
C002775,44,Male,Returning,No
C002776,21,Male,Loyal,Yes
C002777,80,Female,Returning,No
C002778,30,Female,New,No
C002779,37,Male,Returning,No
C002780,44,Female,Returning,Yes
C002781,70,Male,Returning,Yes
C002782,64,Female,Loyal,Yes
C002783,66,Female,New,No
C002784,31,Female,New,Yes
C002785,70,Female,New,No
C002786,69,Male,New,No
C002787,46,Male,Loyal,No
C002788,51,Male,Returning,No
C002789,18,Male,New,No
C002790,65,Female,Returning,No
C002791,78,Female,Loyal,Yes
C002792,46,Female,Returning,No
C002793,51,Male,Returning,No
C002794,48,Female,Returning,Yes
C002795,21,Male,New,No
C002796,56,Male,Returning,Yes
C002797,62,Male,Returning,Yes
C002798,76,Female,Loyal,Yes
C002799,76,Male,Loyal,No
C002800,47,Male,Loyal,Yes
C002801,78,Male,New,No
C002802,50,Female,Loyal,No
C002803,57,Male,Returning,Yes
C002804,55,Female,New,Yes
C002805,80,Male,Loyal,Yes
C002806,63,Male,Loyal,Yes
C002807,23,Female,Loyal,No
C002808,20,Male,New,No
C002809,42,Female,New,No
C002810,49,Male,Loyal,No
C002811,59,Male,Loyal,No
C002812,47,Male,New,No
C002813,49,Male,New,No
C002814,75,Female,Returning,Yes
C002815,37,Female,New,Yes
C002816,48,Male,Returning,No
C002817,52,Female,Loyal,No
C002818,46,Female,New,No
C002819,78,Female,Returning,No
C002820,78,Female,Returning,No
C002821,49,Other,New,No
C002822,45,Female,Returning,No
C002823,54,Female,Returning,No
C002824,27,Male,Loyal,Yes
C002825,43,Male,Returning,No
C002826,30,Female,Loyal,No
C002827,25,Male,New,Yes
C002828,22,Female,Loyal,No
C002829,54,Male,Returning,No
C002830,16,Female,Returning,No
C002831,58,Female,New,No
C002832,44,Female,New,No
C002833,39,Male,Returning,Yes
C002834,66,Female,Loyal,No
C002835,51,Female,Loyal,Yes
C002836,63,Male,New,No
C002837,62,Female,New,Yes
C002838,18,Male,Returning,No
C002839,30,Female,Loyal,No
C002840,53,Female,Loyal,No
C002841,79,Female,New,No
C002842,26,Female,New,No
C002843,22,Female,New,No
C002844,77,Female,Returning,No
C002845,78,Male,New,No
C002846,26,Female,New,Yes
C002847,42,Female,Loyal,Yes
C002848,56,Male,Returning,No
C002849,28,Female,Loyal,Yes
C002850,37,Male,Loyal,Yes
C002851,41,Male,New,No
C002852,57,Female,New,No
C002853,36,Male,Returning,Yes
C002854,42,Male,Returning,No
C002855,34,Male,Returning,No
C002856,65,Male,Loyal,Yes
C002857,25,Female,Loyal,No
C002858,30,Male,Returning,No
C002859,32,Female,New,Yes
C002860,74,Female,New,Yes
C002861,77,Other,Returning,No
C002862,48,Female,New,No
C002863,26,Male,Loyal,No
C002864,65,Male,Returning,Yes
C002865,47,Male,New,Yes
C002866,71,Male,Loyal,Yes
C002867,39,Male,Returning,No
C002868,80,Other,New,No
C002869,68,Male,Returning,Yes
C002870,30,Male,Returning,Yes
C002871,63,Male,Returning,No
C002872,34,Female,New,Yes
C002873,38,Female,Returning,Yes
C002874,32,Female,Returning,No
C002875,60,Female,New,Yes
C002876,33,Female,New,No
C002877,57,Female,Returning,Yes
C002878,53,Male,New,Yes
C002879,64,Male,Loyal,No
C002880,80,Male,New,No
C002881,16,Male,Returning,Yes
C002882,80,Male,Loyal,No
C002883,23,Male,New,No
C002884,50,Female,Returning,No
C002885,38,Male,New,Yes
C002886,57,Female,Returning,Yes
C002887,62,Female,Loyal,No
C002888,71,Female,Loyal,Yes
C002889,42,Male,Returning,No
C002890,76,Male,Loyal,No
C002891,36,Female,Loyal,Yes
C002892,29,Male,New,Yes
C002893,40,Female,Loyal,Yes
C002894,50,Female,New,No
C002895,59,Female,Loyal,Yes
C002896,70,Female,Loyal,No
C002897,30,Male,Returning,No
C002898,35,Female,Returning,Yes
C002899,77,Female,Loyal,No
C002900,44,Female,New,No
C002901,31,Male,Returning,No
C002902,80,Male,Returning,Yes
C002903,45,Male,Returning,No
C002904,80,Male,New,No
C002905,75,Male,New,No
C002906,74,Female,Loyal,No
C002907,53,Female,Loyal,No
C002908,67,Female,Loyal,No
C002909,78,Female,Returning,Yes
C002910,33,Female,Returning,No
C002911,18,Female,Returning,No
C002912,36,Female,Returning,No
C002913,57,Female,Loyal,Yes
C002914,51,Female,New,Yes
C002915,21,Female,Loyal,Yes
C002916,52,Male,Loyal,No
C002917,27,Male,Returning,No
C002918,48,Female,Loyal,No
C002919,53,Female,Loyal,No
C002920,57,Female,New,No
C002921,42,Female,New,No
C002922,42,Female,Returning,No
C002923,60,Female,Loyal,No
C002924,64,Male,New,No
C002925,68,Male,Returning,No
C002926,37,Male,Returning,No
C002927,43,Male,Returning,Yes
C002928,37,Male,New,No
C002929,50,Male,New,Yes
C002930,24,Male,Loyal,No
C002931,43,Male,New,Yes
C002932,28,Male,Returning,No
C002933,50,Male,Returning,No
C002934,71,Male,Loyal,No
C002935,80,Female,Loyal,Yes
C002936,45,Female,Loyal,No
C002937,19,Female,Returning,Yes
C002938,30,Female,New,Yes
C002939,22,Female,New,No
C002940,65,Female,Returning,No
C002941,80,Female,New,No
C002942,52,Male,New,Yes
C002943,27,Female,New,No
C002944,17,Female,Returning,No
C002945,79,Female,Returning,No
C002946,36,Female,Loyal,No
C002947,23,Male,Returning,No
C002948,27,Male,New,Yes
C002949,32,Female,Returning,Yes
C002950,58,Female,New,No
C002951,73,Female,Loyal,Yes
C002952,33,Male,Returning,No
C002953,60,Male,New,No
C002954,20,Male,Returning,No
C002955,16,Female,Returning,No
C002956,19,Male,Returning,Yes
C002957,76,Male,New,No
C002958,53,Male,New,No
C002959,68,Female,New,No
C002960,17,Female,Loyal,No
C002961,17,Female,New,No
C002962,71,Female,New,No
C002963,22,Male,Returning,Yes
C002964,26,Female,Returning,Yes
C002965,49,Female,New,Yes
C002966,55,Male,Loyal,Yes
C002967,30,Female,Returning,Yes
C002968,44,Other,Loyal,No
C002969,59,Male,New,No
C002970,44,Male,Returning,Yes
C002971,40,Male,Returning,No
C002972,20,Female,Returning,No
C002973,45,Female,New,Yes
C002974,68,Male,New,Yes
C002975,56,Female,Loyal,No
C002976,74,Female,Loyal,Yes
C002977,24,Male,New,Yes
C002978,16,Female,New,No
C002979,51,Female,New,No
C002980,27,Female,Returning,No
C002981,54,Female,New,Yes
C002982,74,Male,Loyal,No
C002983,37,Female,New,Yes
C002984,51,Female,Returning,No
C002985,60,Female,Loyal,Yes
C002986,25,Male,New,Yes
C002987,74,Female,Loyal,No
C002988,29,Female,Loyal,Yes
C002989,68,Male,Returning,Yes
C002990,58,Female,New,No
C002991,25,Male,Returning,Yes
C002992,63,Female,New,No
C002993,28,Female,Loyal,No
C002994,54,Female,Returning,Yes
C002995,78,Male,Loyal,Yes
C002996,77,Female,Returning,No
C002997,72,Female,New,No
C002998,48,Male,Returning,No
C002999,52,Female,Loyal,No
C003000,35,Male,Returning,No
C003001,75,Other,New,No
C003002,47,Male,Loyal,No
C003003,66,Female,New,No
C003004,39,Female,Loyal,Yes
C003005,64,Male,New,No
C003006,30,Female,Loyal,No
C003007,63,Female,Returning,No
C003008,18,Male,New,No
C003009,22,Male,New,No
C003010,38,Female,New,No
C003011,47,Female,Returning,Yes
C003012,62,Male,New,No
C003013,39,Male,New,No
C003014,17,Female,Returning,No
C003015,37,Female,Loyal,No
C003016,44,Female,New,Yes
C003017,51,Female,Returning,Yes
C003018,57,Female,Loyal,Yes
C003019,32,Male,Returning,Yes
C003020,55,Female,Loyal,No
C003021,57,Female,Returning,No
C003022,66,Male,Returning,Yes
C003023,49,Female,Loyal,No
C003024,68,Female,New,No
C003025,30,Male,Returning,Yes
C003026,62,Female,Returning,No
C003027,18,Male,New,No
C003028,22,Female,Returning,Yes
C003029,72,Female,Loyal,No
C003030,46,Male,New,No
C003031,56,Female,Returning,No
C003032,55,Male,New,Yes
C003033,61,Female,New,No
C003034,31,Male,Returning,Yes
C003035,27,Female,New,No
C003036,18,Male,Returning,Yes
C003037,72,Male,New,Yes
C003038,30,Female,Loyal,No
C003039,53,Female,Loyal,No
C003040,45,Female,New,No
C003041,26,Male,New,Yes
C003042,42,Female,New,No
C003043,21,Male,New,No
C003044,27,Female,Returning,No
C003045,25,Female,Returning,Yes
C003046,69,Male,Returning,No
C003047,52,Female,Loyal,No
C003048,76,Female,Loyal,Yes
C003049,44,Male,Returning,Yes
C003050,29,Male,Returning,No
C003051,55,Female,Returning,No
C003052,76,Female,Returning,No
C003053,50,Female,New,Yes
C003054,17,Male,New,Yes
C003055,35,Female,New,Yes
C003056,76,Male,New,No
C003057,49,Male,Returning,No
C003058,77,Male,Returning,Yes
C003059,49,Female,Returning,Yes
C003060,16,Female,Loyal,Yes
C003061,72,Female,New,Yes
C003062,65,Female,Loyal,No
C003063,62,Female,New,No
C003064,79,Male,New,Yes
C003065,28,Female,New,No
C003066,74,Female,New,No
C003067,31,Male,New,No
C003068,79,Other,Returning,No
C003069,28,Female,New,Yes
C003070,51,Male,New,No
C003071,67,Male,New,Yes
C003072,21,Female,Returning,No
C003073,20,Male,Returning,No
C003074,71,Female,New,No
C003075,19,Female,New,No
C003076,55,Female,Returning,No
C003077,76,Female,Returning,No
C003078,55,Male,Returning,No
C003079,47,Male,Returning,No
C003080,43,Female,New,No
C003081,57,Male,Returning,Yes
C003082,53,Female,Returning,No
C003083,48,Female,Loyal,Yes
C003084,25,Male,New,No
C003085,59,Female,Returning,No
C003086,64,Male,Returning,No
C003087,62,Female,Returning,No
C003088,20,Male,Returning,Yes
C003089,61,Female,Loyal,No
C003090,63,Female,New,No
C003091,27,Male,New,No
C003092,71,Female,New,No
C003093,50,Female,Returning,Yes
C003094,46,Male,Returning,Yes
C003095,62,Female,Returning,No
C003096,49,Female,Returning,No
C003097,51,Female,Returning,No
C003098,36,Male,Returning,Yes
C003099,76,Male,New,No
C003100,79,Male,New,Yes
C003101,24,Male,New,No
C003102,63,Female,Loyal,No
C003103,17,Female,New,No
C003104,39,Female,New,No
C003105,79,Male,New,No
C003106,27,Female,Returning,No
C003107,40,Male,Loyal,Yes
C003108,30,Male,Loyal,Yes
C003109,63,Male,New,No
C003110,46,Female,Returning,No
C003111,54,Female,New,No
C003112,77,Male,Loyal,No
C003113,49,Male,New,No
C003114,63,Female,New,No
C003115,22,Male,Returning,No
C003116,29,Male,Returning,No
C003117,77,Female,Loyal,No
C003118,71,Male,New,Yes
C003119,58,Female,Loyal,No
C003120,40,Male,New,Yes
C003121,28,Female,New,Yes
C003122,71,Female,Returning,No
C003123,67,Female,Returning,Yes
C003124,31,Male,Loyal,No
C003125,54,Male,Returning,No
C003126,56,Female,Returning,Yes
C003127,47,Female,New,Yes
C003128,76,Female,Loyal,No
C003129,24,Female,Returning,No
C003130,32,Male,Returning,No
C003131,22,Female,Loyal,Yes
C003132,61,Male,New,No
C003133,57,Male,Loyal,No
C003134,80,Female,Returning,No
C003135,51,Male,Loyal,Yes
C003136,25,Other,Returning,No
C003137,45,Male,Returning,No
C003138,21,Male,Loyal,No
C003139,59,Female,Returning,No
C003140,59,Female,New,Yes
C003141,71,Male,Returning,No
C003142,38,Female,Returning,No
C003143,36,Male,Loyal,Yes
C003144,20,Male,Loyal,No
C003145,42,Female,New,No
C003146,46,Female,New,No
C003147,65,Female,New,Yes
C003148,64,Male,Returning,No
C003149,25,Female,Loyal,No
C003150,34,Female,Returning,Yes
C003151,49,Male,Loyal,No
C003152,37,Male,Returning,Yes
C003153,17,Male,Returning,No
C003154,70,Male,Loyal,No
C003155,63,Female,New,No
C003156,49,Male,Returning,No
C003157,36,Male,New,No
C003158,70,Female,New,Yes
C003159,18,Female,Returning,No
C003160,45,Female,New,No
C003161,68,Male,Returning,No
C003162,77,Male,New,No
C003163,32,Male,Returning,No
C003164,58,Male,New,No
C003165,28,Female,Loyal,No
C003166,23,Male,Returning,No
C003167,38,Male,Loyal,No
C003168,73,Female,Returning,No
C003169,60,Female,New,No
C003170,47,Male,Returning,No
C003171,34,Male,New,No
C003172,25,Female,Returning,Yes
C003173,33,Male,Returning,No
C003174,25,Female,Loyal,No
C003175,28,Female,Loyal,No
C003176,60,Male,New,Yes
C003177,24,Female,Returning,No
C003178,19,Male,Returning,No
C003179,51,Male,Loyal,No
C003180,34,Female,Loyal,No
C003181,45,Female,Returning,No
C003182,25,Female,New,Yes
C003183,29,Female,Loyal,No
C003184,44,Male,Returning,No
C003185,60,Female,Loyal,Yes
C003186,42,Male,Returning,No
C003187,51,Female,Loyal,No
C003188,49,Female,New,No
C003189,33,Male,Returning,No
C003190,34,Female,New,No
C003191,43,Male,Returning,No
C003192,18,Male,Loyal,No
C003193,60,Male,Returning,No
C003194,55,Female,Returning,No
C003195,35,Female,New,No
C003196,40,Other,New,No
C003197,37,Female,Returning,Yes
C003198,58,Male,Returning,No
C003199,65,Male,New,Yes
C003200,23,Male,Returning,Yes
C003201,42,Male,Returning,No
C003202,16,Other,New,Yes
C003203,45,Female,New,Yes
C003204,32,Male,New,Yes
C003205,37,Male,Returning,No
C003206,45,Female,Loyal,No
C003207,37,Male,Returning,No
C003208,41,Female,New,No
C003209,65,Female,Loyal,No
C003210,68,Male,New,No
C003211,16,Male,Returning,No
C003212,40,Female,Returning,No
C003213,71,Male,Loyal,No
C003214,50,Female,Returning,No
C003215,29,Female,New,No
C003216,54,Female,New,No
C003217,25,Male,New,No
C003218,17,Female,New,Yes
C003219,57,Female,Returning,No
C003220,49,Male,Returning,No
C003221,65,Female,Loyal,No
C003222,38,Female,New,Yes
C003223,71,Female,Returning,No
C003224,43,Male,Loyal,No
C003225,63,Male,Returning,No
C003226,22,Male,Returning,No
C003227,22,Female,Loyal,Yes
C003228,66,Female,Returning,No
C003229,70,Male,Returning,Yes
C003230,77,Female,Loyal,No
C003231,37,Female,New,No
C003232,17,Female,New,No
C003233,79,Female,Returning,No
C003234,55,Female,New,No
C003235,32,Male,New,No
C003236,65,Female,New,No
C003237,74,Male,Returning,No
C003238,34,Female,Returning,No
C003239,66,Male,Loyal,No
C003240,67,Male,New,No
C003241,48,Male,Returning,Yes
C003242,57,Female,New,Yes
C003243,33,Male,New,Yes
C003244,76,Female,Returning,No
C003245,79,Male,New,No
C003246,79,Male,Returning,No
C003247,63,Male,Returning,No
C003248,18,Male,Returning,Yes
C003249,39,Male,Returning,No
C003250,44,Male,Loyal,No
C003251,78,Female,New,Yes
C003252,51,Female,Loyal,Yes
C003253,50,Male,New,No
C003254,25,Other,Returning,No
C003255,67,Female,Loyal,Yes
C003256,37,Female,New,No
C003257,21,Male,Loyal,No
C003258,80,Female,Returning,No
C003259,28,Female,Loyal,Yes
C003260,17,Female,New,Yes
C003261,21,Female,Returning,No
C003262,45,Male,New,No
C003263,22,Female,New,No
C003264,70,Female,Returning,No
C003265,49,Female,Returning,No
C003266,37,Female,Returning,No
C003267,16,Female,Returning,No
C003268,47,Female,Loyal,No
C003269,25,Female,Returning,No
C003270,79,Male,New,Yes
C003271,34,Female,Loyal,No
C003272,46,Female,Returning,Yes
C003273,17,Female,New,No
C003274,24,Female,Returning,No
C003275,29,Female,New,No
C003276,19,Female,Loyal,No
C003277,63,Female,New,No
C003278,77,Female,Returning,Yes
C003279,80,Male,Returning,Yes
C003280,33,Female,Loyal,No
C003281,67,Female,Returning,Yes
C003282,48,Male,Loyal,No
C003283,18,Female,Returning,No
C003284,21,Male,New,Yes
C003285,51,Female,Returning,No
C003286,43,Female,Returning,Yes
C003287,16,Male,New,No
C003288,76,Female,Returning,No
C003289,63,Female,New,No
C003290,48,Male,Loyal,Yes
C003291,80,Male,New,Yes
C003292,79,Female,New,Yes
C003293,79,Male,Returning,No
C003294,32,Female,Loyal,No
C003295,73,Male,Loyal,No
C003296,48,Female,Loyal,No
C003297,63,Male,Loyal,No
C003298,71,Female,New,No
C003299,26,Male,Returning,Yes
C003300,45,Female,New,No
C003301,24,Male,Loyal,Yes
C003302,34,Male,New,Yes
C003303,42,Male,Returning,No
C003304,71,Other,New,No
C003305,72,Female,Loyal,Yes
C003306,41,Male,New,Yes
C003307,37,Female,Loyal,Yes
C003308,50,Male,Loyal,No
C003309,75,Male,New,Yes
C003310,79,Female,Loyal,No
C003311,30,Female,New,No
C003312,28,Male,Returning,No
C003313,61,Male,New,No
C003314,35,Male,Returning,No
C003315,28,Female,New,No
C003316,18,Female,Returning,No
C003317,42,Male,Loyal,No
C003318,41,Male,Returning,No
C003319,52,Male,New,No
C003320,29,Male,New,No
C003321,62,Male,New,No
C003322,60,Male,Loyal,No
C003323,46,Male,Returning,No
C003324,27,Male,Returning,No
C003325,48,Male,Loyal,No
C003326,59,Female,New,No
C003327,40,Female,Returning,No
C003328,33,Male,Loyal,Yes
C003329,48,Male,Returning,No
C003330,39,Male,New,Yes
C003331,42,Male,Loyal,Yes
C003332,38,Female,Loyal,Yes
C003333,35,Female,Loyal,No
C003334,62,Male,Loyal,No
C003335,45,Male,Loyal,No
C003336,46,Female,Returning,No
C003337,58,Female,New,No
C003338,39,Female,Loyal,Yes
C003339,22,Female,New,No
C003340,71,Female,Loyal,No
C003341,19,Female,New,Yes
C003342,53,Female,Returning,No
C003343,33,Male,Loyal,No
C003344,29,Male,Loyal,No
C003345,18,Male,New,No
C003346,74,Female,Returning,No
C003347,43,Female,New,Yes
C003348,38,Female,New,No
C003349,64,Male,Returning,No
C003350,18,Female,Loyal,No
C003351,52,Male,Loyal,Yes
C003352,48,Male,Returning,Yes
C003353,51,Male,Loyal,No
C003354,24,Female,New,Yes
C003355,77,Female,New,No
C003356,31,Male,Returning,No
C003357,60,Female,Loyal,No
C003358,64,Male,Returning,No
C003359,38,Female,New,No
C003360,24,Male,New,No
C003361,35,Male,New,No
C003362,68,Female,Loyal,No
C003363,74,Male,New,Yes
C003364,76,Male,Returning,Yes
C003365,30,Male,Returning,Yes
C003366,55,Female,New,Yes
C003367,25,Female,New,No
C003368,62,Male,Returning,Yes
C003369,43,Female,New,No
C003370,62,Male,Returning,Yes
C003371,60,Female,Loyal,No
C003372,80,Male,New,Yes
C003373,47,Female,New,No
C003374,38,Male,Returning,No
C003375,50,Female,Returning,No
C003376,26,Female,Loyal,Yes
C003377,23,Female,New,No
C003378,49,Male,Loyal,No
C003379,69,Female,Returning,No
C003380,50,Male,New,No
C003381,66,Female,Returning,No
C003382,27,Male,Returning,No
C003383,45,Male,New,Yes
C003384,55,Female,New,Yes
C003385,38,Female,New,No
C003386,16,Female,Returning,Yes
C003387,20,Male,New,Yes
C003388,76,Male,New,Yes
C003389,55,Female,New,No
C003390,33,Male,Returning,No
C003391,32,Male,Loyal,No
C003392,18,Male,New,No
C003393,77,Female,Loyal,No
C003394,23,Male,Returning,Yes
C003395,65,Female,Loyal,No
C003396,31,Male,Returning,No
C003397,37,Female,Returning,Yes
C003398,33,Male,Loyal,Yes
C003399,69,Other,Returning,No
C003400,18,Male,Loyal,No
C003401,38,Female,Loyal,No
C003402,34,Male,Returning,No
C003403,33,Female,Returning,No
C003404,28,Male,Returning,No
C003405,75,Female,Returning,No
C003406,40,Male,Returning,No
C003407,43,Female,Returning,No
C003408,41,Female,New,Yes
C003409,79,Female,Loyal,No
C003410,38,Female,New,Yes
C003411,38,Female,New,No
C003412,37,Male,New,No
C003413,37,Male,New,No
C003414,21,Male,Returning,No
C003415,55,Male,New,Yes
C003416,17,Female,New,No
C003417,30,Female,New,No
C003418,29,Female,New,No
C003419,34,Female,Loyal,Yes
C003420,65,Male,Returning,No
C003421,54,Male,New,No
C003422,80,Male,Returning,No
C003423,38,Male,Returning,No
C003424,76,Female,Returning,No
C003425,18,Male,New,Yes
C003426,48,Female,Returning,No
C003427,67,Male,New,No
C003428,50,Female,New,No
C003429,76,Female,Loyal,No
C003430,36,Female,Returning,No
C003431,18,Female,New,No
C003432,66,Female,New,No
C003433,20,Female,Returning,No
C003434,65,Male,New,Yes
C003435,63,Male,New,Yes
C003436,70,Female,New,No
C003437,47,Female,New,No
C003438,74,Male,Returning,Yes
C003439,27,Female,New,No
C003440,44,Male,Returning,Yes
C003441,23,Female,New,No
C003442,65,Female,Loyal,No
C003443,62,Female,Returning,Yes
C003444,68,Female,New,Yes
C003445,65,Male,New,No
C003446,36,Male,Returning,No
C003447,20,Female,Returning,No
C003448,76,Male,New,No
C003449,48,Female,New,No
C003450,22,Female,Returning,Yes
C003451,76,Male,New,No
C003452,80,Male,New,No
C003453,44,Male,New,Yes
C003454,66,Female,Loyal,No
C003455,18,Female,New,No
C003456,22,Female,New,Yes
C003457,33,Male,New,No
C003458,58,Female,Returning,Yes
C003459,24,Male,Returning,Yes
C003460,18,Female,Returning,Yes
C003461,59,Female,Returning,No
C003462,66,Female,Returning,No
C003463,64,Female,Returning,No
C003464,67,Male,Loyal,No
C003465,68,Other,Loyal,No
C003466,55,Male,Returning,No
C003467,49,Male,Returning,Yes
C003468,71,Female,New,No
C003469,38,Male,New,No
C003470,22,Male,New,No
C003471,64,Male,Loyal,No
C003472,33,Female,Loyal,No
C003473,79,Female,Returning,No
C003474,42,Male,Returning,No
C003475,71,Female,New,No
C003476,18,Female,Loyal,No
C003477,58,Female,New,No
C003478,45,Male,Loyal,Yes
C003479,46,Female,New,No
C003480,33,Male,New,No
C003481,79,Male,Returning,Yes
C003482,41,Female,New,No
C003483,71,Female,New,Yes
C003484,43,Male,Returning,No
C003485,19,Female,Returning,No
C003486,73,Female,New,Yes
C003487,28,Female,Returning,No
C003488,33,Female,Returning,Yes
C003489,71,Male,New,No
C003490,74,Female,Returning,No
C003491,75,Male,Returning,No
C003492,43,Female,Loyal,No
C003493,65,Other,Returning,Yes
C003494,37,Male,Returning,No
C003495,64,Female,Returning,No
C003496,48,Male,Returning,Yes
C003497,19,Female,Loyal,Yes
C003498,43,Male,Returning,No
C003499,46,Male,New,No
C003500,32,Female,Loyal,No
C003501,40,Female,Returning,No
C003502,48,Other,Returning,No
C003503,19,Male,Returning,Yes
C003504,25,Female,New,Yes
C003505,65,Female,Returning,Yes
C003506,38,Female,Returning,No
C003507,55,Male,Returning,Yes
C003508,52,Male,New,No
C003509,51,Male,Loyal,Yes
C003510,42,Male,Returning,No
C003511,47,Male,Returning,No
C003512,69,Female,New,Yes
C003513,78,Male,Returning,No
C003514,32,Female,New,No
C003515,59,Male,Returning,No
C003516,79,Female,Returning,Yes
C003517,16,Male,Returning,Yes
C003518,67,Male,Loyal,No
C003519,48,Male,New,No
C003520,78,Female,Returning,No
C003521,53,Male,Returning,No
C003522,70,Female,Returning,No
C003523,26,Female,Returning,Yes
C003524,25,Male,Loyal,No
C003525,76,Male,Returning,Yes
C003526,50,Female,New,Yes
C003527,52,Male,New,Yes
C003528,27,Female,Loyal,No
C003529,30,Male,New,No
C003530,69,Male,Returning,No
C003531,35,Male,Loyal,No
C003532,53,Male,Loyal,Yes
C003533,36,Male,New,Yes
C003534,33,Male,Returning,No
C003535,26,Female,Returning,No
C003536,76,Female,Loyal,Yes
C003537,77,Male,Returning,No
C003538,23,Female,Returning,No
C003539,38,Male,New,Yes
C003540,52,Female,New,No
C003541,40,Male,Returning,No
C003542,62,Female,Returning,No
C003543,32,Male,Returning,Yes
C003544,19,Male,Loyal,Yes
C003545,37,Female,New,No
C003546,54,Male,New,No
C003547,27,Female,Returning,Yes
C003548,69,Male,Returning,No
C003549,16,Male,Returning,No
C003550,20,Female,Returning,Yes
C003551,49,Female,New,Yes
C003552,49,Female,Returning,No
C003553,35,Female,Loyal,No
C003554,32,Male,Loyal,Yes
C003555,20,Female,Returning,No
C003556,59,Male,Returning,No
C003557,40,Male,Loyal,No
C003558,23,Male,Loyal,Yes
C003559,41,Male,New,No
C003560,76,Female,New,No
C003561,32,Male,Loyal,No
C003562,74,Male,Loyal,Yes
C003563,32,Male,Returning,No
C003564,28,Female,New,No
C003565,32,Female,Loyal,No
C003566,37,Other,New,Yes
C003567,23,Male,New,No
C003568,54,Female,Returning,No
C003569,37,Male,Returning,No
C003570,62,Female,New,No
C003571,47,Male,Returning,No
C003572,44,Female,Returning,No
C003573,46,Female,New,No
C003574,26,Female,New,No
C003575,62,Female,Returning,No
C003576,22,Female,Loyal,No
C003577,62,Female,Loyal,No
C003578,80,Female,New,No
C003579,65,Male,Returning,Yes
C003580,45,Male,Loyal,No
C003581,36,Male,New,No
C003582,72,Female,Returning,Yes
C003583,32,Female,Returning,No
C003584,47,Male,Returning,No
C003585,66,Male,New,Yes
C003586,75,Male,New,No
C003587,75,Male,New,No
C003588,21,Male,Returning,Yes
C003589,74,Male,New,Yes
C003590,23,Female,Returning,No
C003591,53,Male,Returning,No
C003592,76,Male,New,No
C003593,58,Male,New,No
C003594,77,Female,New,No
C003595,38,Female,Loyal,No
C003596,36,Female,New,No
C003597,37,Female,Returning,No
C003598,39,Male,Returning,No
C003599,60,Male,New,No
C003600,45,Female,Loyal,No
C003601,63,Male,Returning,Yes
C003602,43,Female,Returning,No
C003603,36,Male,New,Yes
C003604,28,Female,New,Yes
C003605,51,Male,New,No
C003606,74,Male,Returning,Yes
C003607,71,Male,Loyal,No
C003608,32,Male,Returning,No
C003609,47,Female,New,No
C003610,61,Male,New,No
C003611,55,Female,Returning,No
C003612,20,Female,New,No
C003613,54,Male,New,No
C003614,18,Male,Loyal,Yes
C003615,23,Male,Returning,No
C003616,58,Female,New,Yes
C003617,22,Male,New,No
C003618,38,Female,Returning,No
C003619,54,Male,New,No
C003620,58,Male,Loyal,No
C003621,44,Male,Returning,Yes
C003622,22,Male,Returning,No
C003623,67,Male,Returning,No
C003624,77,Female,New,No
C003625,73,Other,New,No
C003626,64,Male,Returning,No
C003627,42,Female,New,Yes
C003628,72,Female,New,No
C003629,47,Female,Loyal,No
C003630,24,Male,Loyal,No
C003631,71,Male,New,No
C003632,36,Male,Loyal,No
C003633,77,Female,New,No
C003634,39,Female,Loyal,No
C003635,72,Female,Returning,No
C003636,50,Female,Returning,No
C003637,46,Female,Returning,No
C003638,35,Female,New,Yes
C003639,70,Female,Loyal,No
C003640,19,Female,New,Yes
C003641,46,Male,Loyal,No
C003642,39,Female,New,Yes
C003643,51,Female,New,Yes
C003644,32,Male,New,Yes
C003645,59,Male,Returning,No
C003646,41,Male,Returning,Yes
C003647,28,Male,Returning,Yes
C003648,28,Male,Loyal,No
C003649,61,Male,Returning,No
C003650,33,Male,Returning,Yes
C003651,35,Female,New,No
C003652,56,Male,Returning,Yes
C003653,37,Female,Loyal,No
C003654,41,Female,New,No
C003655,31,Female,New,No
C003656,38,Female,New,Yes
C003657,61,Female,New,Yes
C003658,50,Male,Returning,No
C003659,80,Female,New,Yes
C003660,66,Female,Loyal,No
C003661,17,Female,New,Yes
C003662,40,Female,New,No
C003663,34,Male,New,No
C003664,54,Female,Returning,Yes
C003665,33,Female,Loyal,Yes
C003666,78,Female,Loyal,No
C003667,35,Female,Returning,No
C003668,49,Female,New,No
C003669,23,Female,Returning,No
C003670,75,Male,Returning,No
C003671,75,Male,Returning,Yes
C003672,67,Male,Returning,No
C003673,38,Female,Returning,No
C003674,19,Female,New,Yes
C003675,62,Male,New,No
C003676,43,Female,Loyal,No
C003677,80,Male,New,No
C003678,61,Male,New,Yes
C003679,51,Female,New,No
C003680,80,Female,New,Yes
C003681,68,Male,Loyal,No
C003682,45,Other,New,No
C003683,17,Male,Returning,Yes
C003684,22,Female,Loyal,No
C003685,44,Male,New,No
C003686,52,Female,New,Yes
C003687,17,Female,New,No
C003688,24,Male,New,No
C003689,61,Male,New,Yes
C003690,64,Female,Returning,No
C003691,17,Female,New,No
C003692,48,Female,Returning,Yes
C003693,21,Female,Loyal,No
C003694,63,Female,New,Yes
C003695,70,Male,New,No
C003696,72,Female,New,Yes
C003697,54,Male,New,No
C003698,56,Female,Returning,No
C003699,76,Female,Returning,No
C003700,55,Female,New,No
C003701,45,Female,New,Yes
C003702,65,Male,New,No
C003703,54,Male,Returning,No
C003704,70,Male,Returning,No
C003705,50,Female,Returning,No
C003706,72,Male,Returning,Yes
C003707,18,Male,New,Yes
C003708,18,Female,Returning,Yes
C003709,22,Male,New,No
C003710,52,Male,Returning,Yes
C003711,62,Male,New,Yes
C003712,30,Male,Returning,No
C003713,26,Male,Returning,No
C003714,71,Female,Returning,No
C003715,64,Male,Returning,No
C003716,58,Male,New,No
C003717,47,Female,Returning,No
C003718,43,Male,New,Yes
C003719,17,Female,New,No
C003720,28,Female,New,No
C003721,74,Male,Returning,Yes
C003722,38,Male,Returning,Yes
C003723,61,Male,Loyal,Yes
C003724,61,Male,Returning,No
C003725,36,Female,Returning,Yes
C003726,29,Male,Loyal,No
C003727,60,Male,New,No
C003728,22,Male,Returning,No
C003729,48,Female,New,Yes
C003730,73,Female,New,No
C003731,62,Male,Loyal,No
C003732,65,Female,New,Yes
C003733,21,Female,Loyal,No
C003734,28,Male,Loyal,Yes
C003735,33,Male,Loyal,No
C003736,35,Male,Returning,No
C003737,28,Male,Returning,Yes
C003738,79,Male,Returning,Yes
C003739,26,Female,Returning,Yes
C003740,62,Male,Loyal,Yes
C003741,54,Male,Returning,No
C003742,55,Male,Returning,No
C003743,29,Female,Loyal,Yes
C003744,35,Female,New,No
C003745,55,Male,Loyal,No
C003746,35,Male,New,No
C003747,61,Male,New,No
C003748,18,Male,Returning,No
C003749,20,Male,Returning,Yes
C003750,63,Female,Loyal,Yes
C003751,56,Male,New,No
C003752,18,Male,New,Yes
C003753,74,Female,Loyal,Yes
C003754,16,Female,Returning,No
C003755,78,Male,Returning,No
C003756,63,Male,New,No
C003757,80,Female,Loyal,No
C003758,77,Female,Loyal,Yes
C003759,36,Female,Returning,Yes
C003760,65,Male,New,No
C003761,29,Male,Loyal,No
C003762,46,Female,Loyal,No
C003763,31,Male,Returning,Yes
C003764,47,Female,Returning,Yes
C003765,72,Female,Returning,Yes
C003766,44,Female,New,Yes
C003767,22,Male,Returning,No
C003768,37,Male,Returning,Yes
C003769,67,Female,Returning,No
C003770,49,Male,Loyal,No
C003771,52,Male,Returning,No
C003772,44,Male,Loyal,Yes
C003773,35,Male,New,Yes
C003774,54,Male,Loyal,Yes
C003775,57,Female,New,No
C003776,74,Female,New,No
C003777,56,Male,Returning,No
C003778,80,Male,New,Yes
C003779,69,Male,New,Yes
C003780,21,Male,Returning,No
C003781,41,Male,New,Yes
C003782,41,Male,Loyal,No
C003783,16,Male,New,No
C003784,27,Female,Returning,No
C003785,65,Male,Returning,No
C003786,38,Male,Returning,No
C003787,25,Female,Returning,No
C003788,34,Female,Returning,No
C003789,33,Male,New,No
C003790,27,Male,New,No
C003791,22,Female,Returning,No
C003792,65,Female,Returning,Yes
C003793,69,Female,New,No
C003794,48,Female,New,No
C003795,56,Male,Loyal,No
C003796,75,Male,New,Yes
C003797,70,Male,Loyal,No
C003798,18,Female,New,Yes
C003799,77,Female,Loyal,No
C003800,20,Female,Returning,No
C003801,17,Male,Returning,Yes
C003802,42,Male,New,No
C003803,64,Female,Loyal,No
C003804,21,Male,New,No
C003805,35,Female,Returning,Yes
C003806,33,Female,New,No
C003807,41,Male,Returning,No
C003808,80,Female,Returning,Yes
C003809,37,Male,Returning,No
C003810,29,Female,Returning,No
C003811,23,Male,Loyal,No
C003812,28,Female,Returning,No
C003813,24,Female,New,No
C003814,53,Female,Returning,Yes
C003815,43,Male,Returning,No
C003816,48,Male,New,No
C003817,70,Male,Returning,No
C003818,53,Female,New,Yes
C003819,26,Female,Loyal,Yes
C003820,40,Female,Returning,No
C003821,36,Male,Returning,Yes
C003822,69,Female,Loyal,Yes
C003823,35,Female,Loyal,No
C003824,25,Male,New,No
C003825,63,Male,New,Yes
C003826,43,Female,Returning,Yes
C003827,22,Female,New,No
C003828,60,Female,New,No
C003829,29,Male,New,Yes
C003830,72,Female,New,No
C003831,70,Male,New,Yes
C003832,40,Female,New,Yes
C003833,52,Male,New,No
C003834,52,Male,Returning,No
C003835,58,Female,New,No
C003836,20,Female,New,Yes
C003837,37,Female,Loyal,No
C003838,27,Male,Returning,Yes
C003839,61,Male,Loyal,Yes
C003840,20,Male,Loyal,No
C003841,49,Female,Returning,No
C003842,63,Female,Loyal,No
C003843,77,Male,New,No
C003844,34,Male,Returning,No
C003845,16,Male,Returning,No
C003846,63,Male,Returning,Yes
C003847,16,Male,New,No
C003848,20,Male,Loyal,Yes
C003849,80,Male,Returning,No
C003850,72,Male,Loyal,Yes
C003851,61,Male,Loyal,No
C003852,70,Other,Loyal,No
C003853,20,Female,New,Yes
C003854,21,Male,Returning,No
C003855,35,Male,Returning,No
C003856,17,Female,Returning,No
C003857,73,Male,Returning,Yes
C003858,19,Female,Returning,No
C003859,51,Female,Loyal,No
C003860,71,Female,New,Yes
C003861,63,Male,New,No
C003862,31,Male,Returning,No
C003863,46,Male,Returning,Yes
C003864,51,Female,Loyal,No
C003865,65,Male,Returning,No
C003866,43,Female,Returning,No
C003867,34,Female,Returning,No
C003868,67,Female,Loyal,No
C003869,73,Male,New,Yes
C003870,47,Female,New,No
C003871,17,Male,Returning,No
C003872,48,Male,New,Yes
C003873,73,Female,Loyal,No
C003874,80,Male,New,No
C003875,42,Female,New,No
C003876,25,Female,Loyal,No
C003877,53,Female,New,No
C003878,69,Male,New,Yes
C003879,77,Male,New,No
C003880,19,Male,Loyal,No
C003881,34,Male,Loyal,No
C003882,47,Female,Returning,No
C003883,22,Male,Returning,No
C003884,73,Female,Returning,Yes
C003885,23,Female,New,No
C003886,59,Male,New,No
C003887,75,Female,Loyal,No
C003888,60,Female,New,Yes
C003889,65,Female,Returning,No
C003890,33,Female,New,Yes
C003891,69,Male,Returning,No
C003892,43,Female,New,No
C003893,19,Male,New,Yes
C003894,39,Female,New,Yes
C003895,38,Male,Loyal,No
C003896,49,Male,New,Yes
C003897,33,Male,Returning,No
C003898,46,Male,Returning,No
C003899,43,Male,New,No
C003900,37,Male,Loyal,No
C003901,61,Male,New,No
C003902,35,Female,Returning,No
C003903,65,Female,Returning,No
C003904,32,Male,Loyal,Yes
C003905,72,Female,Loyal,No
C003906,39,Female,New,No
C003907,18,Male,Loyal,No
C003908,25,Female,Loyal,No
C003909,68,Female,Loyal,No
C003910,72,Male,Loyal,No
C003911,29,Female,Returning,No
C003912,55,Female,Returning,Yes
C003913,53,Female,New,No
C003914,24,Female,Loyal,No
C003915,45,Female,Loyal,Yes
C003916,61,Male,New,Yes
C003917,78,Female,Returning,No
C003918,71,Female,New,No
C003919,22,Male,New,No
C003920,31,Female,Returning,No
C003921,44,Female,New,No
C003922,25,Female,Returning,No
C003923,53,Female,New,No
C003924,16,Female,Returning,No
C003925,23,Female,Returning,No
C003926,19,Male,Loyal,No
C003927,35,Male,New,Yes
C003928,65,Male,New,No
C003929,27,Female,Returning,No
C003930,80,Male,Returning,Yes
C003931,33,Male,Returning,No
C003932,18,Female,Returning,Yes
C003933,37,Male,Loyal,No
C003934,64,Male,New,No
C003935,22,Female,New,Yes
C003936,20,Male,Loyal,Yes
C003937,71,Female,Loyal,Yes
C003938,54,Female,New,Yes
C003939,38,Female,Loyal,No
C003940,65,Female,New,Yes
C003941,70,Male,Loyal,Yes
C003942,39,Male,Returning,No
C003943,52,Female,Returning,No
C003944,16,Male,Loyal,No
C003945,35,Male,Loyal,No
C003946,54,Male,New,No
C003947,28,Male,Returning,Yes
C003948,80,Male,Loyal,No
C003949,79,Male,Returning,No
C003950,32,Female,New,No
C003951,41,Male,New,Yes
C003952,28,Female,Loyal,No
C003953,48,Female,Returning,No
C003954,24,Female,Returning,Yes
C003955,41,Female,Returning,No
C003956,52,Male,New,Yes
C003957,55,Male,New,Yes
C003958,54,Female,New,No
C003959,30,Male,New,No
C003960,67,Female,Loyal,No
C003961,60,Male,New,No
C003962,64,Female,New,No
C003963,46,Female,Returning,Yes
C003964,74,Male,Loyal,Yes
C003965,41,Male,New,No
C003966,68,Female,New,Yes
C003967,29,Female,Returning,No
C003968,32,Female,Returning,No
C003969,50,Male,Returning,No
C003970,52,Female,New,No
C003971,64,Female,Loyal,Yes
C003972,35,Male,Returning,Yes
C003973,72,Male,Loyal,No
C003974,37,Female,Loyal,No
C003975,50,Male,Returning,No
C003976,76,Female,New,No
C003977,51,Female,Returning,No
C003978,60,Male,Returning,No
C003979,75,Female,New,No
C003980,79,Female,New,No
C003981,48,Male,New,No
C003982,43,Male,Loyal,No
C003983,28,Male,Loyal,Yes
C003984,50,Male,Returning,No
C003985,75,Female,Loyal,No
C003986,47,Male,Returning,No
C003987,38,Female,Loyal,Yes
C003988,22,Male,New,No
C003989,41,Female,New,No
C003990,31,Female,Returning,Yes
C003991,79,Female,Loyal,Yes
C003992,50,Male,Loyal,Yes
C003993,24,Female,Loyal,Yes
C003994,20,Male,Loyal,No
C003995,71,Male,New,No
C003996,76,Male,New,No
C003997,65,Female,Returning,Yes
C003998,24,Female,Returning,No
C003999,22,Male,Returning,Yes
C004000,28,Male,New,Yes
C004001,64,Female,Returning,No
C004002,65,Male,Loyal,No
C004003,70,Female,New,No
C004004,22,Female,Returning,No
C004005,25,Female,New,No
C004006,74,Female,Returning,No
C004007,76,Female,Returning,No
C004008,63,Male,New,Yes
C004009,22,Female,Returning,Yes
C004010,20,Male,Returning,No
C004011,19,Male,New,No
C004012,60,Male,Loyal,No
C004013,70,Female,Loyal,Yes
C004014,57,Male,Returning,No
C004015,33,Female,New,No
C004016,65,Male,Returning,Yes
C004017,19,Female,New,No
C004018,69,Male,New,No
C004019,73,Female,Returning,Yes
C004020,62,Male,Loyal,No
C004021,73,Female,New,Yes
C004022,54,Female,Returning,Yes
C004023,46,Male,Returning,Yes
C004024,36,Female,Returning,Yes
C004025,75,Male,Loyal,Yes
C004026,61,Male,New,No
C004027,28,Male,Returning,Yes
C004028,78,Male,New,Yes
C004029,19,Male,New,No
C004030,54,Male,Returning,No
C004031,28,Female,New,No
C004032,59,Male,New,No
C004033,42,Male,New,No
C004034,44,Female,New,No
C004035,59,Female,Returning,No
C004036,65,Female,New,Yes
C004037,40,Male,New,No
C004038,80,Female,Returning,No
C004039,48,Male,Returning,No
C004040,26,Male,Loyal,Yes
C004041,16,Male,Loyal,No
C004042,29,Female,Loyal,No
C004043,60,Male,Returning,No
C004044,51,Male,New,No
C004045,37,Female,New,No
C004046,47,Female,Loyal,No
C004047,70,Female,Loyal,No
C004048,53,Male,Returning,No
C004049,19,Female,Returning,No
C004050,19,Female,New,No
C004051,47,Female,New,Yes
C004052,42,Female,Returning,No
C004053,71,Female,New,Yes
C004054,53,Male,Returning,Yes
C004055,65,Female,Loyal,No
C004056,54,Male,Loyal,No
C004057,38,Female,Loyal,Yes
C004058,58,Female,New,No
C004059,56,Male,Returning,Yes
C004060,62,Male,Returning,No
C004061,28,Male,Returning,No
C004062,57,Female,Loyal,Yes
C004063,34,Female,New,No
C004064,67,Male,New,Yes
C004065,67,Female,Returning,Yes
C004066,56,Male,Returning,No
C004067,77,Female,Returning,Yes
C004068,50,Female,New,No
C004069,17,Male,New,No
C004070,55,Male,Returning,No
C004071,66,Male,Returning,No
C004072,22,Male,New,No
C004073,22,Female,Loyal,No
C004074,33,Male,Returning,Yes
C004075,70,Other,New,No
C004076,50,Female,New,Yes
C004077,79,Female,New,Yes
C004078,72,Male,New,No
C004079,52,Female,Returning,No
C004080,60,Male,Loyal,No
C004081,37,Female,New,No
C004082,21,Male,New,No
C004083,41,Male,Loyal,No
C004084,54,Male,Returning,No
C004085,27,Male,Returning,No
C004086,30,Female,Returning,No
C004087,16,Male,New,No
C004088,63,Male,New,Yes
C004089,74,Male,Loyal,No
C004090,69,Male,Returning,No
C004091,40,Male,New,No
C004092,54,Male,Loyal,No
C004093,78,Male,Returning,No
C004094,54,Male,New,No
C004095,35,Male,Loyal,No
C004096,38,Female,Returning,Yes
C004097,63,Female,Loyal,No
C004098,45,Male,New,No
C004099,70,Female,New,No
C004100,72,Female,Loyal,No
C004101,18,Female,New,No
C004102,63,Male,Loyal,No
C004103,40,Male,Loyal,Yes
C004104,49,Male,New,No
C004105,33,Male,Loyal,No
C004106,39,Male,Loyal,Yes
C004107,37,Female,Loyal,No
C004108,19,Female,Returning,No
C004109,66,Female,Returning,No
C004110,25,Female,New,No
C004111,40,Male,New,No
C004112,28,Female,Loyal,No
C004113,26,Male,Loyal,No
C004114,40,Male,New,Yes
C004115,75,Female,Returning,No
C004116,77,Male,Loyal,No
C004117,40,Male,Returning,No
C004118,48,Male,New,No
C004119,80,Male,New,No
C004120,31,Male,Returning,No
C004121,77,Male,Loyal,No
C004122,22,Male,New,No
C004123,30,Female,New,No
C004124,37,Male,Loyal,No
C004125,18,Female,Loyal,Yes
C004126,69,Female,Loyal,No
C004127,71,Female,Loyal,Yes
C004128,40,Female,Returning,No
C004129,70,Female,Loyal,No
C004130,66,Female,Returning,No
C004131,68,Female,Returning,Yes
C004132,68,Male,New,No
C004133,53,Male,Returning,Yes
C004134,23,Male,New,No
C004135,76,Female,Loyal,No
C004136,55,Male,New,No
C004137,74,Female,New,No
C004138,78,Female,Loyal,No
C004139,28,Female,Loyal,Yes
C004140,42,Male,Loyal,No
C004141,28,Other,Returning,No
C004142,19,Male,New,Yes
C004143,78,Male,New,No
C004144,76,Male,Loyal,No
C004145,76,Male,Loyal,Yes
C004146,73,Female,New,Yes
C004147,58,Female,New,No
C004148,49,Male,New,No
C004149,80,Male,Returning,No
C004150,51,Female,New,No
C004151,57,Female,New,Yes
C004152,29,Female,Returning,Yes
C004153,64,Female,Returning,Yes
C004154,69,Female,Returning,No
C004155,60,Male,New,No
C004156,48,Female,New,No
C004157,28,Female,New,Yes
C004158,18,Female,Returning,Yes
C004159,56,Male,New,No
C004160,60,Female,Loyal,No
C004161,66,Female,New,No
C004162,77,Male,Loyal,No
C004163,48,Male,New,No
C004164,69,Female,Returning,No
C004165,62,Male,Returning,No
C004166,34,Female,New,No
C004167,70,Male,New,No
C004168,19,Female,New,No
C004169,54,Male,Returning,No
C004170,77,Male,Loyal,No
C004171,58,Male,Returning,No
C004172,76,Male,Returning,Yes
C004173,19,Female,New,Yes
C004174,50,Male,Returning,No
C004175,66,Female,Returning,No
C004176,57,Female,New,No
C004177,73,Male,New,No
C004178,46,Male,New,No
C004179,60,Male,New,Yes
C004180,43,Male,Loyal,No
C004181,72,Male,New,No
C004182,23,Male,New,No
C004183,32,Male,New,Yes
C004184,22,Male,New,No
C004185,61,Female,New,Yes
C004186,31,Male,New,No
C004187,36,Male,New,Yes
C004188,70,Male,New,No
C004189,39,Female,Loyal,Yes
C004190,25,Female,Returning,No
C004191,17,Female,Returning,No
C004192,30,Female,New,Yes
C004193,75,Male,New,No
C004194,51,Female,Loyal,Yes
C004195,80,Female,New,No
C004196,29,Male,Returning,No
C004197,38,Female,New,Yes
C004198,26,Female,New,No
C004199,41,Male,Returning,No
C004200,52,Male,Returning,No
C004201,68,Male,New,No
C004202,39,Male,Returning,No
C004203,66,Male,Returning,No
C004204,56,Female,Returning,Yes
C004205,34,Male,Loyal,No
C004206,75,Male,Returning,No
C004207,44,Male,New,No
C004208,25,Female,New,No
C004209,78,Female,Returning,Yes
C004210,75,Female,New,No
C004211,19,Male,Loyal,No
C004212,74,Male,Loyal,No
C004213,77,Female,New,No
C004214,69,Male,Loyal,No
C004215,32,Male,New,No
C004216,57,Male,New,No
C004217,50,Female,Loyal,No
C004218,56,Male,Loyal,No
C004219,56,Male,Returning,No
C004220,57,Male,Loyal,No
C004221,49,Male,New,Yes
C004222,60,Male,Returning,Yes
C004223,50,Female,Loyal,Yes
C004224,17,Male,Loyal,No
C004225,18,Female,Returning,No
C004226,78,Male,New,No
C004227,75,Male,Loyal,Yes
C004228,54,Male,New,No
C004229,27,Male,Loyal,No
C004230,66,Female,New,Yes
C004231,25,Female,New,No
C004232,40,Male,New,No
C004233,37,Female,Returning,No
C004234,16,Female,New,No
C004235,68,Other,New,No
C004236,49,Female,Loyal,No
C004237,36,Female,New,No
C004238,48,Female,Returning,Yes
C004239,16,Male,Returning,No
C004240,44,Female,Returning,No
C004241,49,Male,Returning,No
C004242,38,Female,Loyal,Yes
C004243,69,Female,Returning,Yes
C004244,32,Female,Returning,No
C004245,24,Female,New,No
C004246,50,Male,Returning,No
C004247,73,Female,New,No
C004248,40,Female,Returning,Yes
C004249,19,Female,Returning,Yes
C004250,79,Female,Loyal,No
C004251,44,Male,Returning,Yes
C004252,27,Female,Returning,Yes
C004253,56,Male,New,No
C004254,36,Female,Returning,No
C004255,76,Male,Loyal,No
C004256,35,Male,Returning,Yes
C004257,51,Female,New,No
C004258,51,Male,Returning,No
C004259,31,Male,New,No
C004260,48,Male,Returning,Yes
C004261,23,Male,New,No
C004262,57,Male,Returning,No
C004263,65,Female,Loyal,Yes
C004264,77,Male,New,No
C004265,37,Female,Returning,No
C004266,34,Male,New,No
C004267,51,Male,New,Yes
C004268,61,Male,Returning,Yes
C004269,80,Male,Returning,No
C004270,17,Female,Loyal,No
C004271,31,Male,New,Yes
C004272,33,Female,New,Yes
C004273,32,Male,Returning,No
C004274,46,Male,Returning,No
C004275,72,Female,Returning,No
C004276,18,Male,Loyal,Yes
C004277,69,Female,Loyal,No
C004278,56,Male,New,No
C004279,55,Male,Loyal,No
C004280,60,Male,Loyal,No
C004281,23,Male,New,No
C004282,64,Female,New,Yes
C004283,32,Female,Loyal,No
C004284,49,Female,Returning,No
C004285,59,Female,New,No
C004286,55,Female,New,No
C004287,37,Male,Returning,No
C004288,41,Male,Loyal,Yes
C004289,46,Female,Loyal,No
C004290,18,Male,Loyal,Yes
C004291,63,Male,Returning,No
C004292,22,Female,Loyal,No
C004293,45,Male,New,No
C004294,58,Female,Returning,No
C004295,21,Male,Loyal,No
C004296,80,Male,Loyal,No
C004297,40,Female,Returning,No
C004298,17,Female,New,Yes
C004299,58,Male,New,No
C004300,52,Female,Returning,Yes
C004301,57,Male,New,No
C004302,64,Male,New,No
C004303,46,Female,Loyal,No
C004304,69,Male,New,No
C004305,40,Male,Returning,No
C004306,51,Female,New,No
C004307,26,Male,New,No
C004308,56,Female,New,No
C004309,33,Male,New,No
C004310,61,Female,Returning,No
C004311,68,Female,Returning,No
C004312,71,Male,Returning,Yes
C004313,76,Male,Loyal,No
C004314,23,Female,Returning,No
C004315,24,Male,Returning,Yes
C004316,76,Female,Returning,Yes
C004317,40,Female,Returning,No
C004318,17,Male,New,No
C004319,34,Male,Loyal,Yes
C004320,70,Female,Returning,No
C004321,39,Male,Returning,No
C004322,20,Male,Returning,Yes
C004323,62,Male,Loyal,Yes
C004324,28,Male,Returning,Yes
C004325,38,Female,Returning,No
C004326,16,Female,Returning,No
C004327,55,Male,Loyal,No
C004328,44,Male,New,Yes
C004329,72,Female,Loyal,Yes
C004330,37,Female,Loyal,No
C004331,29,Female,New,No
C004332,26,Male,New,No
C004333,29,Male,Loyal,Yes
C004334,45,Male,New,Yes
C004335,21,Female,New,No
C004336,42,Male,New,No
C004337,71,Female,New,No
C004338,65,Female,Returning,No
C004339,57,Female,Loyal,No
C004340,74,Male,Returning,No
C004341,66,Male,New,No
C004342,58,Female,Returning,No
C004343,72,Female,New,Yes
C004344,24,Male,Returning,Yes
C004345,69,Female,Returning,No
C004346,35,Female,Loyal,Yes
C004347,63,Female,Loyal,Yes
C004348,75,Female,Returning,No
C004349,48,Female,Returning,No
C004350,21,Male,Returning,Yes
C004351,40,Female,Returning,No
C004352,42,Female,Loyal,Yes
C004353,76,Male,Loyal,No
C004354,77,Female,Loyal,No
C004355,52,Male,Returning,Yes
C004356,77,Female,Returning,Yes
C004357,44,Male,Returning,Yes
C004358,42,Female,New,No
C004359,70,Male,Returning,No
C004360,59,Male,Loyal,No
C004361,49,Male,Loyal,No
C004362,45,Male,Loyal,No
C004363,61,Female,Returning,No
C004364,64,Female,Returning,No
C004365,47,Male,Returning,No
C004366,18,Male,Returning,No
C004367,22,Female,New,No
C004368,25,Male,Returning,No
C004369,46,Male,New,No
C004370,55,Male,Returning,No
C004371,68,Male,Loyal,Yes
C004372,31,Male,Returning,Yes
C004373,67,Female,New,No
C004374,59,Male,Returning,No
C004375,19,Female,Returning,Yes
C004376,38,Female,Returning,Yes
C004377,35,Male,New,Yes
C004378,73,Male,Returning,No
C004379,75,Female,Loyal,No
C004380,69,Male,New,Yes
C004381,50,Female,Returning,No
C004382,48,Female,Loyal,No
C004383,36,Male,Loyal,No
C004384,66,Male,Loyal,No
C004385,21,Female,Loyal,No
C004386,33,Female,Returning,No
C004387,24,Male,Returning,No
C004388,48,Female,New,Yes
C004389,35,Male,New,No
C004390,28,Female,Returning,No
C004391,40,Male,New,No
C004392,71,Female,New,No
C004393,52,Female,Loyal,No
C004394,69,Female,New,No
C004395,75,Male,New,Yes
C004396,74,Male,Returning,Yes
C004397,38,Male,New,No
C004398,73,Female,Returning,No
C004399,75,Female,New,No
C004400,78,Male,Loyal,Yes
C004401,38,Female,Returning,No
C004402,30,Male,Returning,No
C004403,53,Female,New,No
C004404,76,Male,Returning,Yes
C004405,74,Male,New,No
C004406,53,Female,Returning,No
C004407,25,Female,New,No
C004408,43,Male,New,Yes
C004409,62,Female,New,No
C004410,52,Male,New,Yes
C004411,38,Male,New,Yes
C004412,38,Female,New,No
C004413,19,Male,Loyal,No
C004414,34,Female,Returning,No
C004415,59,Male,Returning,No
C004416,31,Female,New,No
C004417,80,Male,New,No
C004418,21,Female,Loyal,No
C004419,54,Female,New,No
C004420,48,Female,Loyal,No
C004421,70,Female,Returning,No
C004422,73,Male,Returning,No
C004423,51,Female,Returning,No
C004424,56,Female,Loyal,Yes
C004425,61,Female,Loyal,No
C004426,49,Female,Returning,No
C004427,28,Female,New,No
C004428,43,Female,Returning,No
C004429,31,Male,New,No
C004430,46,Male,New,No
C004431,55,Male,Returning,No
C004432,29,Female,New,Yes
C004433,32,Male,Loyal,Yes
C004434,69,Male,Loyal,Yes
C004435,40,Male,New,No
C004436,28,Female,New,No
C004437,62,Female,Returning,Yes
C004438,62,Female,New,Yes
C004439,69,Female,New,No
C004440,65,Male,Loyal,Yes
C004441,80,Female,New,No
C004442,53,Female,New,No
C004443,34,Female,Returning,No
C004444,72,Female,New,Yes
C004445,33,Female,Loyal,No
C004446,34,Female,Loyal,Yes
C004447,69,Male,Returning,No
C004448,73,Female,New,No
C004449,38,Male,Loyal,No
C004450,63,Male,Returning,No
C004451,75,Male,Returning,No
C004452,67,Male,Returning,No
C004453,16,Female,Returning,Yes
C004454,59,Male,New,No
C004455,27,Male,Returning,No
C004456,71,Female,Returning,Yes
C004457,20,Female,Returning,No
C004458,80,Male,Returning,Yes
C004459,27,Female,Returning,No
C004460,43,Male,Loyal,No
C004461,31,Female,Returning,No
C004462,68,Female,New,No
C004463,41,Male,Returning,Yes
C004464,64,Male,Loyal,No
C004465,20,Male,New,No
C004466,45,Male,Loyal,Yes
C004467,75,Male,Loyal,No
C004468,76,Female,Returning,Yes
C004469,29,Other,New,No
C004470,41,Female,Returning,No
C004471,42,Female,New,No
C004472,52,Male,New,No
C004473,50,Female,New,Yes
C004474,22,Male,Returning,No
C004475,65,Female,Returning,Yes
C004476,30,Female,Returning,No
C004477,36,Female,Returning,No
C004478,70,Male,Returning,No
C004479,60,Male,Returning,No
C004480,41,Female,Returning,Yes
C004481,75,Female,New,No
C004482,41,Female,Returning,No
C004483,52,Female,New,Yes
C004484,31,Male,Loyal,Yes
C004485,27,Male,Returning,No
C004486,47,Female,Loyal,No
C004487,52,Female,Returning,No
C004488,68,Male,New,No
C004489,41,Female,New,No
C004490,74,Female,New,No
C004491,55,Male,Returning,Yes
C004492,20,Female,Loyal,Yes
C004493,64,Female,New,Yes
C004494,53,Female,Returning,No
C004495,41,Male,New,No
C004496,46,Female,Returning,Yes
C004497,35,Male,Returning,No
C004498,55,Female,New,No
C004499,52,Female,New,Yes
C004500,45,Male,Returning,No
C004501,34,Female,Returning,No
C004502,41,Female,New,No
C004503,48,Female,Returning,No
C004504,46,Male,New,No
C004505,36,Female,Loyal,No
C004506,53,Male,Loyal,No
C004507,30,Female,Returning,No
C004508,48,Female,Returning,No
C004509,23,Female,Returning,No
C004510,46,Female,Loyal,Yes
C004511,66,Male,New,No
C004512,69,Female,Returning,Yes
C004513,61,Male,New,No
C004514,64,Female,Loyal,No
C004515,20,Male,Loyal,No
C004516,38,Female,New,Yes
C004517,58,Male,Returning,Yes
C004518,68,Female,Returning,No
C004519,53,Male,Returning,No
C004520,71,Male,New,No
C004521,33,Male,Returning,No
C004522,25,Female,Returning,No
C004523,21,Male,Loyal,No
C004524,53,Female,Returning,No
C004525,59,Female,Returning,No
C004526,34,Female,New,No
C004527,66,Male,New,No
C004528,64,Female,Returning,No
C004529,39,Male,Returning,Yes
C004530,31,Male,Loyal,No
C004531,64,Female,Returning,No
C004532,59,Female,New,No
C004533,27,Male,New,No
C004534,32,Female,Returning,No
C004535,47,Female,New,No
C004536,49,Female,New,No
C004537,26,Male,New,No
C004538,77,Female,Returning,Yes
C004539,41,Female,New,Yes
C004540,40,Female,Loyal,No
C004541,19,Female,Loyal,No
C004542,72,Male,New,No
C004543,31,Male,Loyal,No
C004544,80,Male,Returning,No
C004545,48,Male,Loyal,No
C004546,72,Female,Returning,No
C004547,27,Male,New,No
C004548,26,Male,New,No
C004549,68,Male,Loyal,No
C004550,69,Male,Loyal,Yes
C004551,51,Female,Returning,No
C004552,18,Male,Returning,No
C004553,77,Female,Returning,No
C004554,41,Male,Loyal,No
C004555,76,Female,Returning,Yes
C004556,72,Male,New,No
C004557,71,Male,New,Yes
C004558,60,Male,Returning,No
C004559,59,Female,New,Yes
C004560,50,Male,Loyal,Yes
C004561,17,Male,Loyal,Yes
C004562,41,Male,New,No
C004563,63,Male,Loyal,Yes
C004564,68,Male,Returning,No
C004565,52,Male,Returning,No
C004566,62,Female,New,Yes
C004567,17,Female,Returning,No
C004568,46,Male,Loyal,No
C004569,49,Male,Returning,Yes
C004570,74,Female,Returning,Yes
C004571,36,Female,New,No
C004572,30,Female,New,No
C004573,38,Male,Returning,No
C004574,27,Male,Returning,No
C004575,52,Male,Loyal,No
C004576,57,Female,Returning,No
C004577,68,Female,New,No
C004578,79,Male,New,No
C004579,20,Female,New,Yes
C004580,32,Female,New,Yes
C004581,35,Female,New,No
C004582,32,Male,Loyal,No
C004583,69,Female,Returning,No
C004584,25,Female,Loyal,No
C004585,17,Female,Loyal,No
C004586,71,Male,New,No
C004587,78,Female,Returning,No
C004588,30,Female,New,Yes
C004589,37,Female,New,No
C004590,48,Female,New,No
C004591,50,Male,New,Yes
C004592,80,Male,Returning,No
C004593,42,Female,Returning,No
C004594,16,Male,Returning,Yes
C004595,43,Female,Returning,Yes
C004596,52,Male,Loyal,Yes
C004597,49,Female,Loyal,No
C004598,49,Female,Loyal,Yes
C004599,75,Male,Returning,Yes
C004600,68,Male,New,Yes
C004601,32,Male,Returning,No
C004602,39,Male,Returning,No
C004603,59,Male,New,No
C004604,42,Male,Loyal,Yes
C004605,43,Female,Loyal,No
C004606,26,Female,Loyal,No
C004607,32,Male,New,Yes
C004608,64,Male,New,No
C004609,70,Male,New,No
C004610,67,Female,Loyal,Yes
C004611,36,Female,Returning,No
C004612,24,Female,Loyal,No
C004613,26,Male,Loyal,No
C004614,41,Female,New,No
C004615,49,Male,New,No
C004616,74,Female,Loyal,No
C004617,74,Female,New,Yes
C004618,16,Male,Returning,No
C004619,61,Female,Returning,No
C004620,35,Male,Returning,Yes
C004621,28,Female,Loyal,No
C004622,52,Female,New,No
C004623,18,Male,Returning,No
C004624,37,Male,Loyal,No
C004625,51,Female,New,Yes
C004626,33,Female,Returning,No
C004627,54,Male,Loyal,No
C004628,45,Male,New,No
C004629,67,Male,New,No
C004630,27,Male,New,Yes
C004631,19,Female,New,No
C004632,50,Male,New,No
C004633,32,Male,New,Yes
C004634,61,Male,Returning,No
C004635,22,Male,Loyal,No
C004636,53,Male,New,No
C004637,80,Male,Returning,No
C004638,22,Female,New,No
C004639,35,Female,Returning,Yes
C004640,70,Male,New,No
C004641,50,Male,New,Yes
C004642,27,Female,Loyal,Yes
C004643,29,Female,Loyal,Yes
C004644,65,Male,Returning,No
C004645,71,Male,Returning,No
C004646,39,Male,Returning,No
C004647,46,Female,New,No
C004648,66,Female,Returning,No
C004649,27,Female,Loyal,No
C004650,29,Male,Loyal,No
C004651,66,Female,Returning,No
C004652,28,Male,New,No
C004653,66,Male,Returning,Yes
C004654,48,Male,Returning,Yes
C004655,80,Male,New,No
C004656,18,Male,Returning,No
C004657,77,Male,New,Yes
C004658,30,Female,Returning,No
C004659,18,Female,Loyal,No
C004660,63,Male,New,No
C004661,50,Female,Returning,Yes
C004662,70,Male,New,No
C004663,23,Female,New,No
C004664,21,Male,Returning,Yes
C004665,52,Female,Returning,Yes
C004666,73,Male,Loyal,No
C004667,42,Female,Returning,No
C004668,67,Male,Loyal,Yes
C004669,74,Female,New,No
C004670,72,Male,Returning,No
C004671,49,Female,New,No
C004672,61,Male,Returning,Yes
C004673,50,Male,Returning,No
C004674,59,Male,New,No
C004675,52,Male,Returning,No
C004676,50,Male,Returning,No
C004677,44,Male,New,Yes
C004678,58,Female,Returning,Yes
C004679,64,Male,Loyal,No
C004680,75,Female,New,No
C004681,55,Male,Returning,No
C004682,22,Female,Loyal,No
C004683,54,Female,New,No
C004684,36,Male,New,No
C004685,17,Female,Returning,Yes
C004686,20,Female,Returning,Yes
C004687,54,Female,Loyal,No
C004688,77,Male,Returning,Yes
C004689,48,Female,Returning,No
C004690,44,Female,Returning,Yes
C004691,21,Other,New,No
C004692,59,Male,Returning,No
C004693,19,Female,New,Yes
C004694,70,Male,Loyal,Yes
C004695,69,Female,New,No
C004696,80,Male,New,No
C004697,34,Female,Loyal,No
C004698,26,Female,New,No
C004699,35,Female,Returning,Yes
C004700,67,Male,Loyal,No
C004701,30,Female,Loyal,No
C004702,73,Male,New,No
C004703,26,Female,New,No
C004704,19,Male,Returning,No
C004705,30,Male,Returning,No
C004706,65,Female,New,Yes
C004707,55,Female,New,Yes
C004708,39,Female,Loyal,Yes
C004709,58,Male,New,No
C004710,58,Female,Loyal,Yes
C004711,52,Male,New,No
C004712,49,Female,Returning,No
C004713,22,Male,Returning,No
C004714,32,Male,New,No
C004715,50,Female,Returning,Yes
C004716,24,Female,New,Yes
C004717,46,Male,Loyal,No
C004718,23,Female,Returning,Yes
C004719,67,Male,New,No
C004720,22,Male,Returning,Yes
C004721,22,Female,Loyal,No
C004722,57,Female,Returning,No
C004723,30,Female,New,No
C004724,38,Female,Loyal,No
C004725,36,Male,New,Yes
C004726,30,Male,Returning,No
C004727,65,Female,New,No
C004728,60,Male,Returning,No
C004729,31,Female,Returning,No
C004730,60,Male,New,No
C004731,62,Male,Loyal,Yes
C004732,51,Female,Returning,Yes
C004733,53,Male,New,No
C004734,76,Male,Returning,No
C004735,45,Female,Returning,No
C004736,41,Female,New,Yes
C004737,51,Male,Returning,No
C004738,70,Female,Loyal,Yes
C004739,62,Female,New,Yes
C004740,20,Female,Loyal,No
C004741,45,Male,Returning,Yes
C004742,64,Female,New,No
C004743,30,Female,Returning,No
C004744,80,Female,Returning,No
C004745,68,Female,Loyal,Yes
C004746,71,Male,Returning,Yes
C004747,21,Female,New,No
C004748,53,Male,New,No
C004749,50,Female,New,Yes
C004750,56,Male,Returning,No
C004751,71,Female,Loyal,No
C004752,38,Male,Loyal,Yes
C004753,50,Female,Loyal,No
C004754,60,Male,Returning,No
C004755,64,Female,New,No
C004756,66,Female,Returning,No
C004757,37,Male,New,Yes
C004758,80,Female,New,No
C004759,16,Female,New,Yes
C004760,48,Male,Loyal,No
C004761,55,Male,Returning,No
C004762,19,Male,New,No
C004763,45,Male,Loyal,No
C004764,54,Female,Loyal,No
C004765,55,Female,Returning,No
C004766,23,Male,New,Yes
C004767,34,Female,New,No
C004768,31,Female,New,Yes
C004769,57,Female,Returning,Yes
C004770,37,Female,Returning,No
C004771,53,Female,New,No
C004772,63,Female,New,Yes
C004773,67,Male,Returning,No
C004774,27,Male,Loyal,No
C004775,74,Male,New,No
C004776,26,Female,Returning,Yes
C004777,17,Female,Loyal,No
C004778,18,Male,Returning,Yes
C004779,29,Female,Returning,Yes
C004780,72,Female,Returning,Yes
C004781,29,Male,Loyal,Yes
C004782,61,Male,Loyal,No
C004783,43,Female,New,No
C004784,18,Male,New,No
C004785,44,Male,New,No
C004786,17,Male,New,No
C004787,46,Female,Returning,No
C004788,52,Male,New,Yes
C004789,49,Male,Returning,Yes
C004790,34,Female,Returning,Yes
C004791,65,Male,Returning,No
C004792,54,Male,New,No
C004793,32,Female,New,Yes
C004794,44,Female,New,No
C004795,23,Female,Loyal,Yes
C004796,76,Male,New,No
C004797,64,Female,New,No
C004798,34,Female,New,Yes
C004799,59,Female,Returning,No
C004800,60,Male,Returning,No
C004801,55,Male,Loyal,No
C004802,19,Female,New,No
C004803,73,Male,New,No
C004804,78,Female,Loyal,No
C004805,79,Female,New,Yes
C004806,79,Male,New,No
C004807,76,Female,Loyal,Yes
C004808,64,Male,Returning,No
C004809,19,Male,Returning,Yes
C004810,46,Male,Loyal,No
C004811,31,Female,New,Yes
C004812,30,Female,New,No
C004813,69,Female,New,No
C004814,68,Male,New,No
C004815,49,Male,Returning,No
C004816,63,Male,Loyal,Yes
C004817,24,Male,Loyal,Yes
C004818,30,Female,Returning,No
C004819,71,Male,Loyal,Yes
C004820,45,Male,Returning,Yes
C004821,51,Female,New,Yes
C004822,46,Male,New,Yes
C004823,29,Male,Returning,No
C004824,69,Male,New,No
C004825,65,Male,New,No
C004826,60,Female,Loyal,No
C004827,38,Male,New,Yes
C004828,57,Female,Returning,No
C004829,77,Male,New,No
C004830,58,Female,Returning,No
C004831,48,Male,Returning,No
C004832,33,Female,New,No
C004833,49,Female,New,No
C004834,40,Female,Returning,Yes
C004835,55,Male,Returning,No
C004836,18,Female,New,No
C004837,28,Female,New,Yes
C004838,67,Female,New,No
C004839,40,Female,New,No
C004840,44,Male,Loyal,No
C004841,51,Female,New,No
C004842,44,Female,Returning,No
C004843,65,Female,Returning,No
C004844,31,Female,Loyal,No
C004845,65,Female,New,No
C004846,29,Female,Returning,No
C004847,40,Female,Returning,No
C004848,54,Female,New,No
C004849,73,Female,New,Yes
C004850,31,Male,Loyal,No
C004851,54,Female,Returning,No
C004852,20,Male,New,Yes
C004853,20,Male,Returning,No
C004854,65,Male,New,No
C004855,62,Female,New,No
C004856,40,Male,New,Yes
C004857,56,Male,New,Yes
C004858,40,Male,Returning,No
C004859,34,Male,Returning,No
C004860,44,Female,New,No
C004861,36,Male,Returning,No
C004862,68,Male,Returning,No
C004863,42,Female,Returning,No
C004864,36,Female,New,Yes
C004865,50,Male,New,No
C004866,65,Female,Loyal,No
C004867,33,Male,New,Yes
C004868,77,Female,New,No
C004869,46,Male,Returning,Yes
C004870,58,Female,Loyal,Yes
C004871,78,Male,Loyal,No
C004872,44,Female,Returning,No
C004873,28,Male,Loyal,No
C004874,64,Female,New,No
C004875,16,Female,Loyal,Yes
C004876,45,Female,New,Yes
C004877,79,Female,Loyal,No
C004878,42,Male,Loyal,Yes
C004879,60,Female,Loyal,Yes
C004880,50,Female,Returning,No
C004881,29,Male,New,No
C004882,36,Female,Returning,No
C004883,50,Female,New,Yes
C004884,22,Male,Returning,No
C004885,42,Female,New,No
C004886,42,Male,New,No
C004887,70,Male,New,No
C004888,24,Female,Loyal,No
C004889,70,Male,Returning,Yes
C004890,42,Male,Returning,No
C004891,58,Female,New,No
C004892,52,Male,New,No
C004893,35,Female,Returning,No
C004894,76,Male,New,Yes
C004895,30,Male,Returning,No
C004896,18,Female,Returning,No
C004897,64,Female,Loyal,No
C004898,56,Female,New,No
C004899,73,Male,Returning,No
C004900,45,Male,Loyal,No
C004901,17,Female,Loyal,No
C004902,17,Female,Returning,No
C004903,44,Male,New,No
C004904,32,Female,Returning,No
C004905,75,Female,Returning,No
C004906,23,Female,New,No
C004907,73,Male,New,No
C004908,30,Female,Returning,No
C004909,23,Male,New,No
C004910,33,Male,Loyal,No
C004911,25,Female,New,Yes
C004912,42,Male,Loyal,Yes
C004913,37,Female,Returning,No
C004914,50,Female,Loyal,No
C004915,50,Male,Loyal,No
C004916,16,Female,New,No
C004917,24,Male,New,No
C004918,26,Male,New,Yes
C004919,28,Female,Returning,No
C004920,22,Male,New,No
C004921,36,Male,Returning,Yes
C004922,51,Female,Loyal,Yes
C004923,36,Female,Returning,No
C004924,37,Male,Returning,Yes
C004925,46,Female,Loyal,No
C004926,51,Female,Loyal,No
C004927,37,Female,New,No
C004928,30,Female,New,No
C004929,42,Female,Returning,No
C004930,17,Male,New,No
C004931,48,Male,Returning,Yes
C004932,77,Male,Loyal,Yes
C004933,41,Female,Returning,No
C004934,23,Female,New,No
C004935,61,Female,New,Yes
C004936,24,Female,Loyal,No
C004937,28,Male,New,No
C004938,25,Female,New,No
C004939,73,Male,Returning,Yes
C004940,79,Female,Returning,No
C004941,53,Male,Returning,No
C004942,56,Male,Returning,Yes
C004943,57,Male,Returning,No
C004944,55,Male,New,No
C004945,51,Male,Returning,Yes
C004946,80,Male,Returning,No
C004947,63,Female,Returning,No
C004948,21,Female,Loyal,No
C004949,41,Male,New,Yes
C004950,79,Female,Returning,Yes
C004951,42,Male,Returning,No
C004952,29,Female,Returning,Yes
C004953,72,Male,New,No
C004954,56,Female,Returning,No
C004955,52,Male,Loyal,No
C004956,43,Female,Returning,No
C004957,24,Female,New,Yes
C004958,40,Male,New,No
C004959,44,Female,Returning,No
C004960,76,Female,New,No
C004961,35,Male,Loyal,No
C004962,25,Male,Loyal,Yes
C004963,43,Female,Loyal,No
C004964,80,Male,New,No
C004965,47,Female,Returning,No
C004966,40,Female,New,Yes
C004967,59,Male,New,No
C004968,58,Female,Returning,No
C004969,35,Female,New,No
C004970,78,Female,New,No
C004971,54,Male,Loyal,No
C004972,19,Male,Loyal,Yes
C004973,42,Female,Loyal,No
C004974,75,Male,New,No
C004975,41,Male,Loyal,Yes
C004976,52,Female,Returning,Yes
C004977,55,Male,New,Yes
C004978,61,Female,Returning,No
C004979,72,Female,Returning,No
C004980,25,Female,Returning,No
C004981,49,Female,Loyal,No
C004982,50,Male,New,No
C004983,25,Male,Loyal,No
C004984,59,Male,New,No
C004985,23,Female,Returning,No
C004986,45,Female,Loyal,Yes
C004987,37,Female,Returning,No
C004988,26,Female,Loyal,Yes
C004989,69,Male,Returning,No
C004990,31,Male,New,No
C004991,32,Male,Returning,Yes
C004992,71,Male,Returning,Yes
C004993,73,Female,New,No
C004994,18,Female,Returning,No
C004995,34,Female,New,No
C004996,62,Male,New,No
C004997,66,Female,Loyal,No
C004998,80,Female,Loyal,No
C004999,52,Male,Returning,No
C005000,16,Female,New,No
C005001,72,Male,Returning,Yes
C005002,26,Female,New,No
C005003,23,Female,New,No
C005004,59,Female,Loyal,No
C005005,55,Male,Returning,No
C005006,19,Male,Returning,Yes
C005007,27,Female,New,Yes
C005008,54,Male,Loyal,No
C005009,32,Male,New,No
C005010,60,Male,Returning,No
C005011,42,Male,New,No
C005012,54,Male,New,No
C005013,46,Female,Returning,Yes
C005014,39,Female,Returning,No
C005015,38,Female,Returning,No
C005016,61,Female,New,No
C005017,49,Male,Loyal,Yes
C005018,54,Male,Returning,No
C005019,53,Female,Loyal,No
C005020,29,Male,New,No
C005021,75,Male,Loyal,Yes
C005022,52,Female,Returning,No
C005023,62,Male,Returning,Yes
C005024,73,Female,New,No
C005025,76,Female,New,Yes
C005026,59,Female,Loyal,No
C005027,67,Male,New,No
C005028,46,Female,Returning,No
C005029,63,Female,Returning,No
C005030,36,Male,Loyal,No
C005031,62,Male,Returning,No
C005032,21,Female,Loyal,No
C005033,75,Female,New,No
C005034,31,Male,Loyal,No
C005035,58,Male,Returning,No
C005036,16,Female,New,No
C005037,26,Female,New,No
C005038,80,Female,Loyal,Yes
C005039,70,Male,Returning,No
C005040,30,Male,New,No
C005041,24,Male,New,No
C005042,68,Female,Returning,Yes
C005043,80,Male,New,Yes
C005044,26,Female,New,No
C005045,59,Male,Returning,No
C005046,34,Female,New,No
C005047,64,Female,New,No
C005048,43,Female,Returning,Yes
C005049,24,Female,Returning,No
C005050,37,Female,Returning,No
C005051,51,Male,New,No
C005052,67,Male,Returning,No
C005053,17,Male,New,No
C005054,78,Male,Returning,Yes
C005055,58,Female,New,Yes
C005056,72,Male,New,Yes
C005057,76,Female,Returning,No
C005058,25,Female,New,No
C005059,22,Female,Loyal,No
C005060,66,Female,Loyal,No
C005061,28,Male,New,No
C005062,25,Female,Returning,No
C005063,46,Female,Returning,No
C005064,75,Male,New,No
C005065,67,Female,Returning,No
C005066,49,Male,Loyal,Yes
C005067,28,Female,New,No
C005068,37,Male,Returning,Yes
C005069,60,Male,Returning,No
C005070,26,Female,New,No
C005071,50,Male,Returning,Yes
C005072,16,Female,Loyal,No
C005073,37,Female,New,Yes
C005074,32,Male,New,No
C005075,60,Male,New,Yes
C005076,75,Female,Loyal,No
C005077,25,Female,Returning,No
C005078,67,Female,Returning,No
C005079,58,Male,Loyal,No
C005080,79,Male,Loyal,No
C005081,75,Female,New,No
C005082,22,Other,Loyal,No
C005083,64,Female,New,No
C005084,54,Male,New,No
C005085,23,Male,New,No
C005086,32,Male,Returning,No
C005087,76,Female,Loyal,Yes
C005088,51,Female,Returning,No
C005089,38,Female,Returning,Yes
C005090,36,Male,New,No
C005091,70,Other,New,No
C005092,34,Female,Loyal,No
C005093,26,Female,Loyal,Yes
C005094,53,Female,Returning,No
C005095,80,Male,New,Yes
C005096,27,Male,New,No
C005097,32,Female,Loyal,Yes
C005098,46,Male,New,No
C005099,28,Female,New,No
C005100,58,Male,Returning,No
C005101,32,Female,Loyal,No
C005102,24,Female,New,No
C005103,32,Male,Loyal,Yes
C005104,76,Male,New,No
C005105,76,Female,Returning,No
C005106,48,Male,New,No
C005107,42,Female,Loyal,Yes
C005108,69,Female,Returning,No
C005109,28,Male,Loyal,No
C005110,58,Male,Returning,No
C005111,60,Female,Loyal,No
C005112,62,Male,Returning,No
C005113,30,Male,Returning,No
C005114,62,Female,New,No
C005115,55,Female,Loyal,No
C005116,72,Female,Returning,No
C005117,27,Male,Returning,No
C005118,55,Male,Returning,Yes
C005119,69,Female,Loyal,Yes
C005120,34,Female,Returning,No
C005121,64,Female,Returning,No
C005122,22,Male,Returning,Yes
C005123,62,Male,Returning,No
C005124,55,Female,Returning,Yes
C005125,28,Male,Loyal,No
C005126,20,Female,Loyal,No
C005127,64,Male,Returning,No
C005128,31,Male,New,No
C005129,48,Male,New,Yes
C005130,19,Female,Loyal,No
C005131,78,Male,Loyal,No
C005132,51,Male,New,No
C005133,76,Male,Loyal,Yes
C005134,26,Male,New,No
C005135,29,Male,Loyal,No
C005136,55,Female,Loyal,No
C005137,55,Female,Returning,No
C005138,67,Male,Loyal,No
C005139,76,Female,Returning,No
C005140,69,Male,New,No
C005141,25,Male,Loyal,No
C005142,36,Male,New,No
C005143,75,Male,New,No
C005144,51,Male,New,No
C005145,72,Male,Returning,No
C005146,52,Male,Returning,No
C005147,19,Female,Loyal,No
C005148,46,Female,Loyal,No
C005149,69,Female,Loyal,No
C005150,58,Male,Returning,No
C005151,24,Female,Loyal,No
C005152,29,Male,New,No
C005153,71,Female,Returning,Yes
C005154,79,Female,New,No
C005155,64,Other,New,No
C005156,22,Female,New,No
C005157,56,Male,New,No
C005158,69,Female,Loyal,No
C005159,57,Female,Returning,Yes
C005160,54,Female,Loyal,No
C005161,46,Male,Returning,No
C005162,31,Female,Returning,No
C005163,34,Male,New,No
C005164,64,Male,Loyal,No
C005165,20,Female,New,Yes
C005166,21,Female,Returning,No
C005167,41,Female,Loyal,No
C005168,66,Male,Loyal,No
C005169,58,Male,Loyal,No
C005170,54,Female,New,No
C005171,50,Male,Returning,No
C005172,23,Female,New,No
C005173,37,Male,New,Yes
C005174,21,Female,New,No
C005175,65,Female,Loyal,Yes
C005176,64,Female,Loyal,No
C005177,32,Male,Returning,Yes
C005178,35,Male,Loyal,Yes
C005179,36,Female,Returning,Yes
C005180,73,Female,New,No
C005181,47,Male,Returning,Yes
C005182,65,Female,New,No
C005183,45,Male,Returning,No
C005184,61,Female,Loyal,No
C005185,50,Female,New,No
C005186,34,Male,New,No
C005187,72,Female,New,No
C005188,62,Male,Returning,No
C005189,66,Female,New,No
C005190,77,Female,Returning,No
C005191,32,Female,New,No
C005192,21,Female,Loyal,No
C005193,53,Male,Loyal,No
C005194,37,Male,New,No
C005195,44,Male,Loyal,No
C005196,31,Female,New,Yes
C005197,41,Female,New,No
C005198,41,Female,Returning,Yes
C005199,38,Male,New,No
C005200,64,Female,Loyal,No
C005201,54,Female,Loyal,No
C005202,46,Male,Loyal,No
C005203,23,Female,New,No
C005204,53,Male,Returning,Yes
C005205,27,Female,Returning,Yes
C005206,36,Male,New,No
C005207,42,Male,Loyal,No
C005208,25,Female,Loyal,No
C005209,41,Male,Loyal,No
C005210,33,Male,Loyal,Yes
C005211,71,Female,New,No
C005212,71,Male,Loyal,No
C005213,16,Male,Loyal,Yes
C005214,55,Male,Returning,No
C005215,57,Male,New,Yes
C005216,40,Female,Returning,No
C005217,46,Female,New,Yes
C005218,67,Female,New,No
C005219,40,Female,Loyal,No
C005220,20,Female,Loyal,No
C005221,40,Female,Loyal,No
C005222,32,Female,New,Yes
C005223,40,Male,Returning,Yes
C005224,30,Female,Returning,No
C005225,25,Female,Returning,Yes
C005226,80,Male,Returning,No
C005227,24,Male,Loyal,No
C005228,61,Female,Loyal,No
C005229,62,Male,Loyal,No
C005230,56,Male,New,No
C005231,75,Male,Returning,No
C005232,16,Female,Returning,Yes
C005233,35,Female,Returning,No
C005234,27,Male,Loyal,No
C005235,53,Female,New,No
C005236,57,Male,New,No
C005237,74,Male,Loyal,No
C005238,40,Male,Returning,No
C005239,31,Male,Returning,No
C005240,76,Male,Loyal,No
C005241,59,Male,Returning,Yes
C005242,65,Male,Returning,Yes
C005243,44,Female,New,No
C005244,45,Male,Returning,No
C005245,41,Male,Returning,No
C005246,64,Male,Returning,No
C005247,29,Female,Returning,Yes
C005248,79,Female,New,Yes
C005249,27,Male,New,Yes
C005250,45,Female,Returning,No
C005251,36,Male,Returning,No
C005252,57,Male,New,Yes
C005253,60,Female,Loyal,Yes
C005254,75,Female,New,Yes
C005255,67,Male,Returning,No
C005256,32,Female,Returning,No
C005257,29,Male,Returning,No
C005258,73,Male,New,No
C005259,47,Male,New,No
C005260,22,Female,New,No
C005261,69,Female,New,No
C005262,58,Male,New,No
C005263,17,Female,Returning,No
C005264,66,Female,Returning,No
C005265,55,Male,New,No
C005266,55,Female,Returning,No
C005267,72,Female,New,No
C005268,48,Male,Loyal,No
C005269,45,Female,Returning,No
C005270,56,Female,Returning,No
C005271,28,Female,New,Yes
C005272,25,Male,Returning,No
C005273,70,Male,Returning,Yes
C005274,30,Male,Loyal,No
C005275,48,Male,New,Yes
C005276,33,Female,Returning,No
C005277,30,Male,Loyal,No
C005278,54,Female,Returning,No
C005279,68,Male,Returning,No
C005280,44,Male,Loyal,No
C005281,25,Female,New,No
C005282,31,Male,New,No
C005283,26,Male,Loyal,Yes
C005284,73,Female,New,No
C005285,36,Male,Loyal,Yes
C005286,40,Male,New,No
C005287,20,Female,New,Yes
C005288,44,Female,New,No
C005289,75,Male,Loyal,No
C005290,42,Female,New,Yes
C005291,58,Female,New,Yes
C005292,27,Male,New,No
C005293,25,Male,New,Yes
C005294,63,Female,New,No
C005295,20,Female,Loyal,No
C005296,45,Male,Returning,No
C005297,36,Female,New,Yes
C005298,17,Male,New,No
C005299,50,Male,New,No
C005300,78,Female,New,No
C005301,20,Male,New,No
C005302,69,Male,Loyal,No
C005303,51,Male,New,No
C005304,63,Female,Returning,No
C005305,22,Female,Returning,No
C005306,72,Male,New,Yes
C005307,16,Male,Loyal,No
C005308,74,Other,Returning,No
C005309,58,Female,New,No
C005310,37,Male,Loyal,Yes
C005311,16,Female,New,No
C005312,55,Male,New,No
C005313,21,Male,Returning,Yes
C005314,55,Male,Returning,No
C005315,66,Female,New,Yes
C005316,33,Male,New,No
C005317,31,Female,Loyal,Yes
C005318,30,Female,Returning,No
C005319,30,Male,Returning,No
C005320,23,Male,Returning,No
C005321,32,Male,Returning,No
C005322,58,Male,Returning,No
C005323,35,Female,New,No
C005324,66,Female,New,No
C005325,69,Male,Returning,No
C005326,65,Male,Returning,No
C005327,51,Female,Returning,No
C005328,36,Female,Returning,Yes
C005329,76,Female,Returning,Yes
C005330,29,Male,New,No
C005331,46,Female,Loyal,No
C005332,45,Male,Loyal,Yes
C005333,64,Female,Loyal,No
C005334,51,Female,Loyal,No
C005335,67,Female,Loyal,Yes
C005336,75,Female,New,No
C005337,41,Male,Returning,No
C005338,72,Female,Returning,No
C005339,27,Female,Returning,No
C005340,75,Other,Loyal,No
C005341,27,Female,New,No
C005342,71,Female,New,No
C005343,41,Female,New,No
C005344,78,Female,New,Yes
C005345,24,Female,Returning,No
C005346,46,Male,New,No
C005347,74,Female,New,No
C005348,19,Male,Returning,No
C005349,33,Male,Returning,No
C005350,21,Female,Returning,No
C005351,36,Male,New,Yes
C005352,41,Female,Loyal,Yes
C005353,56,Female,New,No
C005354,32,Male,Returning,Yes
C005355,26,Female,Loyal,Yes
C005356,27,Male,Loyal,Yes
C005357,76,Male,Returning,No
C005358,77,Female,New,No
C005359,30,Female,Loyal,No
C005360,28,Male,Returning,No
C005361,19,Female,Loyal,No
C005362,78,Female,Returning,No
C005363,61,Female,Loyal,No
C005364,65,Female,Loyal,Yes
C005365,34,Other,Returning,No
C005366,57,Female,Loyal,No
C005367,19,Female,Returning,No
C005368,59,Male,New,Yes
C005369,53,Male,Returning,No
C005370,37,Male,Returning,Yes
C005371,62,Male,Returning,No
C005372,58,Female,New,No
C005373,44,Female,Returning,No
C005374,28,Male,New,No
C005375,17,Female,Loyal,Yes
C005376,76,Male,Loyal,No
C005377,34,Female,New,Yes
C005378,35,Male,Loyal,No
C005379,60,Male,New,Yes
C005380,32,Male,Returning,Yes
C005381,40,Female,Loyal,Yes
C005382,62,Male,New,Yes
C005383,54,Male,New,Yes
C005384,58,Male,Loyal,Yes
C005385,16,Male,New,No
C005386,45,Female,New,Yes
C005387,46,Female,Returning,No
C005388,57,Female,New,No
C005389,25,Male,New,No
C005390,26,Male,Loyal,No
C005391,65,Female,Returning,Yes
C005392,59,Male,Returning,Yes
C005393,68,Female,Returning,Yes
C005394,33,Male,New,No
C005395,80,Female,Returning,No
C005396,33,Female,Loyal,No
C005397,58,Female,Loyal,No
C005398,26,Male,Returning,No
C005399,75,Male,Returning,Yes
C005400,37,Female,Loyal,No
C005401,68,Female,Returning,Yes
C005402,37,Male,New,No
C005403,67,Female,Returning,No
C005404,45,Male,New,No
C005405,20,Female,Loyal,No
C005406,28,Male,Returning,No
C005407,60,Male,Returning,No
C005408,28,Female,New,No
C005409,33,Male,Loyal,No
C005410,51,Female,New,No
C005411,32,Male,Loyal,No
C005412,24,Male,Loyal,Yes
C005413,56,Female,Loyal,No
C005414,60,Male,New,Yes
C005415,63,Female,Loyal,No
C005416,77,Male,New,Yes
C005417,24,Male,Loyal,No
C005418,43,Male,New,No
C005419,31,Male,Returning,Yes
C005420,74,Male,Returning,No
C005421,51,Female,Loyal,No
C005422,22,Female,New,Yes
C005423,60,Male,New,No
C005424,18,Female,Loyal,No
C005425,33,Female,New,Yes
C005426,62,Female,New,No
C005427,48,Other,New,No
C005428,65,Male,Loyal,No
C005429,53,Female,Returning,No
C005430,70,Female,Returning,No
C005431,52,Male,Loyal,Yes
C005432,19,Female,Loyal,No
C005433,20,Male,Returning,Yes
C005434,66,Male,New,No
C005435,18,Male,Returning,No
C005436,40,Female,Returning,No
C005437,17,Male,New,Yes
C005438,35,Male,Loyal,No
C005439,54,Female,New,No
C005440,27,Male,Returning,No
C005441,46,Female,Returning,No
C005442,80,Male,Loyal,Yes
C005443,20,Male,New,Yes
C005444,20,Female,New,No
C005445,33,Female,Returning,No
C005446,69,Female,Loyal,No
C005447,42,Female,Returning,No
C005448,57,Male,Returning,No
C005449,18,Female,Loyal,No
C005450,63,Male,Returning,No
C005451,20,Female,New,No
C005452,62,Male,New,No
C005453,25,Male,Returning,No
C005454,71,Male,Returning,Yes
C005455,35,Male,New,No
C005456,27,Other,Returning,No
C005457,37,Male,Loyal,No
C005458,16,Male,Returning,No
C005459,26,Female,Returning,No
C005460,54,Female,New,No
C005461,35,Female,New,No
C005462,39,Male,Loyal,No
C005463,68,Male,Returning,No
C005464,24,Male,New,No
C005465,41,Male,Returning,No
C005466,28,Female,New,No
C005467,47,Male,New,No
C005468,37,Female,New,Yes
C005469,19,Female,Loyal,No
C005470,20,Male,Returning,No
C005471,71,Female,Returning,Yes
C005472,19,Male,Returning,No
C005473,66,Male,Loyal,No
C005474,75,Male,New,No
C005475,46,Female,New,No
C005476,36,Female,Loyal,No
C005477,66,Female,Loyal,No
C005478,79,Female,New,No
C005479,23,Female,New,No
C005480,78,Female,Returning,No
C005481,77,Male,New,No
C005482,25,Male,Returning,No
C005483,19,Male,Returning,Yes
C005484,62,Female,Returning,No
C005485,21,Male,Returning,No
C005486,55,Female,Loyal,No
C005487,20,Female,Loyal,Yes
C005488,60,Female,Returning,No
C005489,31,Male,Returning,Yes
C005490,22,Male,Loyal,Yes
C005491,20,Female,Returning,No
C005492,28,Male,New,Yes
C005493,51,Male,New,No
C005494,20,Female,New,No
C005495,68,Male,New,No
C005496,55,Female,Loyal,No
C005497,35,Female,New,No
C005498,80,Male,Returning,No
C005499,58,Female,Loyal,No
C005500,59,Male,New,No
C005501,27,Female,Returning,No
C005502,62,Male,Loyal,No
C005503,52,Male,New,Yes
C005504,79,Male,New,No
C005505,47,Male,New,Yes
C005506,60,Male,Returning,No
C005507,38,Female,Returning,Yes
C005508,18,Female,Loyal,No
C005509,24,Male,Returning,Yes
C005510,72,Female,Returning,Yes
C005511,63,Female,Loyal,Yes
C005512,39,Male,New,No
C005513,61,Female,Loyal,Yes
C005514,16,Female,Returning,No
C005515,18,Male,Returning,Yes
C005516,48,Male,Returning,Yes
C005517,56,Male,New,No
C005518,76,Female,Loyal,No
C005519,65,Female,Returning,No
C005520,32,Male,Loyal,No
C005521,68,Female,Loyal,No
C005522,47,Male,Returning,No
C005523,69,Female,Loyal,Yes
C005524,27,Female,New,Yes
C005525,17,Female,New,No
C005526,19,Female,New,No
C005527,80,Female,New,No
C005528,21,Male,Returning,No
C005529,77,Male,New,No
C005530,63,Female,Returning,No
C005531,25,Male,Loyal,Yes
C005532,72,Female,Loyal,Yes
C005533,25,Female,Returning,No
C005534,25,Male,Loyal,No
C005535,53,Male,Loyal,No
C005536,34,Male,Loyal,No
C005537,34,Female,New,No
C005538,28,Female,Returning,No
C005539,55,Male,New,No
C005540,17,Male,New,No
C005541,31,Male,New,No
C005542,51,Male,Returning,No
C005543,47,Female,New,Yes
C005544,61,Male,Returning,Yes
C005545,30,Male,Returning,No
C005546,58,Female,New,No
C005547,65,Female,New,No
C005548,41,Male,Loyal,No
C005549,32,Female,Loyal,No
C005550,52,Male,Loyal,Yes
C005551,53,Male,Returning,No
C005552,22,Female,New,Yes
C005553,52,Male,New,Yes
C005554,26,Male,Returning,Yes
C005555,52,Female,Loyal,Yes
C005556,76,Male,New,Yes
C005557,50,Female,New,No
C005558,65,Male,Loyal,Yes
C005559,36,Female,Returning,No
C005560,75,Female,Returning,No
C005561,68,Male,Loyal,No
C005562,75,Female,Returning,No
C005563,64,Female,Loyal,Yes
C005564,58,Female,New,No
C005565,50,Male,Returning,Yes
C005566,76,Male,New,No
C005567,71,Female,New,No
C005568,43,Female,New,Yes
C005569,21,Female,New,No
C005570,16,Male,New,Yes
C005571,31,Female,Returning,No
C005572,20,Male,New,No
C005573,29,Female,New,No
C005574,23,Male,Returning,No
C005575,79,Male,New,No
C005576,22,Female,New,No
C005577,56,Male,Loyal,No
C005578,38,Female,Returning,No
C005579,27,Male,Loyal,Yes
C005580,61,Female,New,No
C005581,79,Female,Returning,No
C005582,67,Female,New,No
C005583,79,Female,Returning,Yes
C005584,54,Male,Loyal,Yes
C005585,59,Male,Loyal,No
C005586,25,Female,Returning,No
C005587,71,Male,New,No
C005588,64,Male,Returning,Yes
C005589,32,Female,Returning,No
C005590,39,Female,Returning,No
C005591,55,Male,Returning,Yes
C005592,16,Female,Returning,No
C005593,69,Male,New,Yes
C005594,34,Female,Returning,No
C005595,20,Female,New,No
C005596,37,Male,Returning,Yes
C005597,70,Male,Returning,No
C005598,33,Other,Returning,Yes
C005599,51,Female,New,No
C005600,68,Male,Returning,Yes
C005601,18,Male,Returning,Yes
C005602,65,Male,New,Yes
C005603,34,Male,New,No
C005604,61,Other,New,No
C005605,28,Male,New,No
C005606,25,Other,Returning,No
C005607,67,Male,Returning,Yes
C005608,68,Female,New,Yes
C005609,79,Male,New,Yes
C005610,60,Male,Returning,No
C005611,46,Female,New,No
C005612,28,Female,Loyal,No
C005613,35,Female,Returning,No
C005614,58,Male,Returning,No
C005615,38,Female,New,Yes
C005616,47,Female,Loyal,No
C005617,26,Female,Returning,Yes
C005618,44,Female,Returning,No
C005619,31,Male,Returning,No
C005620,23,Female,New,Yes
C005621,24,Female,Loyal,No
C005622,49,Female,New,Yes
C005623,39,Male,Loyal,No
C005624,22,Male,Loyal,No
C005625,49,Female,Returning,No
C005626,26,Female,Loyal,No
C005627,17,Male,New,No
C005628,24,Male,Returning,No
C005629,45,Male,New,No
C005630,78,Female,New,No
C005631,31,Male,Returning,Yes
C005632,34,Male,Returning,Yes
C005633,31,Female,Returning,No
C005634,39,Male,New,Yes
C005635,62,Male,Returning,No
C005636,36,Male,New,No
C005637,58,Male,Returning,No
C005638,74,Female,New,Yes
C005639,77,Female,Returning,No
C005640,52,Female,Loyal,No
C005641,62,Male,Loyal,Yes
C005642,75,Female,Returning,No
C005643,67,Female,New,Yes
C005644,35,Male,Returning,Yes
C005645,24,Female,Returning,Yes
C005646,23,Male,New,No
C005647,73,Female,Loyal,No
C005648,52,Female,New,No
C005649,35,Female,Returning,No
C005650,38,Female,Returning,No
C005651,34,Female,Loyal,No
C005652,68,Female,Loyal,Yes
C005653,55,Male,New,Yes
C005654,73,Female,Returning,No
C005655,35,Female,Loyal,Yes
C005656,46,Female,Returning,No
C005657,23,Female,New,Yes
C005658,79,Female,Returning,No
C005659,49,Female,Loyal,No
C005660,51,Male,New,No
C005661,42,Male,Returning,No
C005662,33,Male,Returning,No
C005663,77,Male,Returning,No
C005664,47,Male,New,No
C005665,59,Female,New,Yes
C005666,18,Female,Returning,No
C005667,33,Male,New,No
C005668,68,Female,New,No
C005669,21,Female,Returning,Yes
C005670,22,Male,New,Yes
C005671,68,Female,Returning,No
C005672,36,Female,Loyal,No
C005673,33,Male,Returning,No
C005674,52,Female,New,No
C005675,28,Female,New,No
C005676,18,Female,Returning,No
C005677,16,Female,Returning,No
C005678,21,Male,Loyal,No
C005679,26,Male,Returning,No
C005680,61,Female,Returning,Yes
C005681,35,Female,Returning,No
C005682,20,Female,Returning,No
C005683,16,Male,New,No
C005684,47,Female,Returning,No
C005685,70,Female,New,Yes
C005686,38,Male,Returning,Yes
C005687,20,Male,Returning,Yes
C005688,30,Male,Loyal,No
C005689,48,Male,New,Yes
C005690,28,Male,Loyal,No
C005691,79,Male,Returning,No
C005692,65,Male,Returning,No
C005693,38,Female,Returning,No
C005694,77,Female,Loyal,No
C005695,37,Female,Returning,Yes
C005696,25,Other,New,No
C005697,76,Male,Returning,No
C005698,78,Male,Loyal,No
C005699,36,Female,Returning,No
C005700,54,Male,Loyal,No
C005701,27,Female,Loyal,No
C005702,57,Female,New,No
C005703,60,Male,Loyal,No
C005704,62,Male,New,No
C005705,52,Male,New,No
C005706,61,Female,Returning,Yes
C005707,52,Female,Loyal,No
C005708,69,Female,Returning,No
C005709,27,Female,New,No
C005710,47,Male,Returning,No
C005711,43,Female,Returning,Yes
C005712,50,Female,Returning,No
C005713,25,Female,New,Yes
C005714,37,Male,New,Yes
C005715,78,Male,Returning,Yes
C005716,22,Female,New,No
C005717,57,Female,Loyal,No
C005718,59,Male,New,No
C005719,46,Male,Returning,Yes
C005720,18,Female,Loyal,No
C005721,18,Female,Returning,Yes
C005722,33,Other,Loyal,Yes
C005723,22,Male,New,No
C005724,22,Female,Returning,Yes
C005725,26,Female,Returning,Yes
C005726,28,Female,Loyal,Yes
C005727,70,Female,Returning,No
C005728,57,Female,New,No
C005729,17,Female,New,No
C005730,56,Female,Loyal,Yes
C005731,24,Female,Returning,No
C005732,43,Female,New,No
C005733,18,Female,Returning,Yes
C005734,21,Male,New,No
C005735,24,Female,New,No
C005736,44,Male,Loyal,No
C005737,46,Male,Returning,No
C005738,38,Male,New,No
C005739,56,Female,Loyal,No
C005740,62,Female,Loyal,No
C005741,63,Male,Loyal,No
C005742,53,Female,Returning,Yes
C005743,51,Female,Loyal,No
C005744,47,Female,New,Yes
C005745,31,Male,Loyal,Yes
C005746,47,Male,New,No
C005747,16,Female,New,No
C005748,78,Male,New,No
C005749,40,Male,New,Yes
C005750,65,Female,Loyal,Yes
C005751,78,Female,Loyal,Yes
C005752,48,Female,New,No
C005753,72,Male,Loyal,Yes
C005754,47,Male,Loyal,Yes
C005755,24,Male,New,No
C005756,17,Male,Returning,No
C005757,24,Female,New,No
C005758,77,Male,New,No
C005759,46,Male,Returning,No
C005760,36,Male,Loyal,No
C005761,44,Female,New,Yes
C005762,32,Female,New,Yes
C005763,72,Female,Returning,No
C005764,80,Female,Returning,No
C005765,21,Male,Loyal,No
C005766,62,Male,Returning,No
C005767,37,Male,Loyal,No
C005768,19,Female,Returning,No
C005769,75,Female,New,No
C005770,20,Female,Returning,Yes
C005771,29,Male,New,No
C005772,17,Male,Returning,No
C005773,46,Female,New,Yes
C005774,54,Male,New,Yes
C005775,36,Male,Loyal,No
C005776,20,Female,Loyal,No
C005777,23,Female,Returning,No
C005778,76,Female,Loyal,No
C005779,68,Female,Loyal,Yes
C005780,76,Male,New,No
C005781,50,Female,Returning,No
C005782,51,Male,New,No
C005783,67,Male,Loyal,No
C005784,56,Male,New,Yes
C005785,44,Male,Loyal,No
C005786,34,Female,New,No
C005787,47,Male,Returning,No
C005788,20,Female,Loyal,No
C005789,28,Male,New,No
C005790,63,Female,Loyal,Yes
C005791,72,Female,New,No
C005792,22,Female,Returning,No
C005793,22,Male,Returning,No
C005794,21,Male,New,Yes
C005795,67,Male,Returning,No
C005796,36,Female,Returning,No
C005797,37,Male,Returning,Yes
C005798,16,Male,Returning,Yes
C005799,79,Female,Returning,No
C005800,44,Female,New,No
C005801,67,Female,New,No
C005802,61,Male,Loyal,No
C005803,25,Female,Returning,No
C005804,68,Female,New,Yes
C005805,51,Male,New,No
C005806,55,Male,Loyal,No
C005807,29,Female,Returning,No
C005808,71,Male,New,No
C005809,76,Female,Loyal,No
C005810,42,Male,Loyal,No
C005811,22,Female,Loyal,No
C005812,71,Female,Returning,No
C005813,73,Male,New,No
C005814,48,Female,New,No
C005815,53,Male,New,No
C005816,30,Female,Returning,No
C005817,20,Female,New,No
C005818,77,Male,Returning,Yes
C005819,47,Male,Returning,Yes
C005820,33,Male,Returning,No
C005821,61,Male,New,Yes
C005822,17,Female,Loyal,No
C005823,21,Female,Returning,Yes
C005824,31,Female,Returning,No
C005825,45,Male,Loyal,No
C005826,39,Female,New,No
C005827,28,Female,Loyal,Yes
C005828,38,Male,Loyal,No
C005829,37,Female,Loyal,No
C005830,50,Male,Returning,Yes
C005831,52,Female,New,Yes
C005832,73,Female,New,No
C005833,68,Female,Loyal,Yes
C005834,35,Female,New,Yes
C005835,74,Male,New,No
C005836,49,Female,Loyal,No
C005837,28,Male,Returning,No
C005838,38,Male,New,Yes
C005839,64,Female,Loyal,No
C005840,69,Male,New,No
C005841,40,Male,Returning,No
C005842,26,Female,New,No
C005843,28,Male,Returning,No
C005844,22,Female,New,No
C005845,61,Male,Loyal,No
C005846,48,Female,New,No
C005847,45,Male,New,No
C005848,59,Male,Loyal,No
C005849,69,Male,Loyal,No
C005850,67,Other,Returning,Yes
C005851,24,Female,Loyal,No
C005852,54,Male,New,No
C005853,73,Female,Returning,No
C005854,66,Female,Loyal,Yes
C005855,37,Female,Returning,Yes
C005856,41,Male,New,No
C005857,73,Male,Loyal,No
C005858,18,Female,New,No
C005859,50,Male,New,No
C005860,23,Male,Returning,No
C005861,74,Female,New,Yes
C005862,18,Female,New,Yes
C005863,17,Male,New,No
C005864,37,Male,Returning,No
C005865,29,Female,Returning,No
C005866,48,Female,Returning,Yes
C005867,35,Female,Returning,No
C005868,39,Female,Returning,No
C005869,52,Female,New,Yes
C005870,52,Female,New,No
C005871,76,Female,Loyal,Yes
C005872,47,Male,Returning,Yes
C005873,52,Female,New,No
C005874,60,Female,Loyal,No
C005875,27,Female,Returning,No
C005876,59,Male,Returning,No
C005877,72,Female,New,No
C005878,36,Female,Returning,No
C005879,27,Female,New,No
C005880,38,Male,Returning,No
C005881,33,Female,Loyal,Yes
C005882,54,Female,Returning,Yes
C005883,72,Male,New,No
C005884,54,Male,New,No
C005885,24,Female,Loyal,No
C005886,36,Female,Loyal,Yes
C005887,60,Male,New,No
C005888,37,Male,New,Yes
C005889,54,Male,Returning,Yes
C005890,61,Male,Loyal,No
C005891,37,Male,Loyal,No
C005892,58,Male,Returning,No
C005893,41,Female,New,No
C005894,24,Other,Loyal,No
C005895,40,Male,Loyal,No
C005896,44,Male,New,No
C005897,16,Female,Returning,No
C005898,74,Female,New,No
C005899,50,Male,New,Yes
C005900,18,Male,Loyal,No
C005901,72,Female,New,Yes
C005902,71,Male,Loyal,Yes
C005903,16,Female,New,No
C005904,26,Female,New,No
C005905,39,Male,Returning,No
C005906,48,Male,New,No
C005907,63,Female,Returning,No
C005908,43,Female,New,No
C005909,55,Female,Returning,Yes
C005910,16,Male,Loyal,Yes
C005911,58,Male,Returning,No
C005912,75,Male,New,No
C005913,50,Male,Loyal,No
C005914,45,Female,New,No
C005915,35,Female,New,No
C005916,78,Male,Loyal,No
C005917,18,Female,New,Yes
C005918,34,Female,Returning,Yes
C005919,25,Male,New,Yes
C005920,72,Male,Returning,Yes
C005921,47,Female,Returning,Yes
C005922,75,Female,Returning,Yes
C005923,59,Male,Returning,No
C005924,52,Female,New,No
C005925,49,Female,New,Yes
C005926,29,Male,Loyal,Yes
C005927,52,Other,Loyal,Yes
C005928,60,Female,Loyal,No
C005929,78,Female,Returning,No
C005930,51,Female,Returning,No
C005931,77,Female,Returning,No
C005932,77,Male,Returning,Yes
C005933,49,Male,New,No
C005934,44,Female,Returning,Yes
C005935,25,Male,New,No
C005936,33,Female,New,No
C005937,73,Male,Returning,No
C005938,24,Male,New,No
C005939,41,Female,Returning,No
C005940,61,Female,Loyal,No
C005941,31,Male,Loyal,No
C005942,79,Female,Loyal,Yes
C005943,58,Female,Loyal,No
C005944,17,Female,Returning,Yes
C005945,32,Female,Returning,No
C005946,64,Female,Returning,No
C005947,72,Female,Loyal,No
C005948,76,Female,Returning,No
C005949,71,Female,Returning,No
C005950,20,Male,Loyal,No
C005951,63,Male,Returning,No
C005952,23,Male,New,No
C005953,20,Male,Returning,Yes
C005954,60,Male,Returning,No
C005955,47,Female,Returning,No
C005956,58,Female,Loyal,No
C005957,71,Female,Returning,No
C005958,20,Female,Loyal,No
C005959,50,Other,New,No
C005960,70,Female,New,No
C005961,44,Male,New,No
C005962,50,Female,Returning,No
C005963,48,Female,Loyal,No
C005964,74,Female,Returning,No
C005965,19,Female,Returning,No
C005966,73,Female,Returning,No
C005967,69,Male,Loyal,Yes
C005968,68,Female,New,No
C005969,42,Male,New,No
C005970,49,Male,Returning,Yes
C005971,39,Female,Returning,No
C005972,32,Male,Returning,No
C005973,72,Female,New,No
C005974,48,Female,Returning,Yes
C005975,63,Female,New,No
C005976,22,Male,New,No
C005977,67,Male,New,No
C005978,58,Male,New,Yes
C005979,80,Male,Returning,Yes
C005980,24,Female,Loyal,Yes
C005981,51,Male,New,No
C005982,49,Male,Returning,No
C005983,50,Female,Returning,No
C005984,19,Female,New,Yes
C005985,46,Female,Returning,Yes
C005986,35,Female,New,No
C005987,56,Male,Loyal,Yes
C005988,31,Female,Returning,Yes
C005989,44,Female,New,No
C005990,56,Male,Loyal,Yes
C005991,20,Male,Returning,No
C005992,67,Male,New,No
C005993,62,Male,Returning,No
C005994,19,Male,Returning,Yes
C005995,20,Female,Returning,No
C005996,71,Male,Returning,Yes
C005997,34,Female,Loyal,No
C005998,71,Female,Loyal,No
C005999,48,Male,New,No
C006000,38,Male,Loyal,No
C006001,33,Male,New,Yes
C006002,58,Female,Loyal,No
C006003,23,Male,New,No
C006004,42,Female,New,Yes
C006005,38,Female,Returning,Yes
C006006,26,Female,New,No
C006007,38,Female,Loyal,No
C006008,50,Female,New,No
C006009,60,Male,Returning,Yes
C006010,21,Female,Loyal,No
C006011,72,Male,Returning,No
C006012,73,Male,Returning,Yes
C006013,60,Female,Loyal,Yes
C006014,76,Male,New,No
C006015,43,Female,New,No
C006016,69,Male,New,Yes
C006017,63,Female,New,Yes
C006018,52,Female,New,No
C006019,27,Female,Returning,No
C006020,52,Male,New,No
C006021,74,Female,Returning,No
C006022,79,Male,Returning,Yes
C006023,45,Female,Returning,No
C006024,32,Male,Returning,No
C006025,64,Female,New,Yes
C006026,20,Female,Loyal,No
C006027,25,Female,Returning,Yes
C006028,52,Female,Loyal,No
C006029,80,Male,Returning,Yes
C006030,37,Male,Returning,No
C006031,44,Female,New,Yes
C006032,36,Female,New,Yes
C006033,44,Female,Returning,Yes
C006034,16,Male,Returning,No
C006035,54,Male,Returning,No
C006036,54,Male,Loyal,No
C006037,36,Male,New,No
C006038,33,Female,Loyal,No
C006039,65,Female,Loyal,No
C006040,28,Male,New,No
C006041,19,Female,New,No
C006042,18,Female,Returning,No
C006043,73,Female,New,No
C006044,39,Male,New,No
C006045,22,Male,Returning,No
C006046,73,Male,Returning,Yes
C006047,25,Female,New,Yes
C006048,37,Female,Loyal,No
C006049,17,Female,New,No
C006050,60,Male,New,No
C006051,61,Female,New,Yes
C006052,65,Male,Loyal,No
C006053,33,Female,Loyal,No
C006054,37,Male,New,No
C006055,76,Male,Returning,No
C006056,69,Female,New,No
C006057,18,Male,New,Yes
C006058,60,Female,New,No
C006059,68,Male,Loyal,No
C006060,52,Male,Returning,No
C006061,57,Male,Returning,No
C006062,16,Female,New,No
C006063,17,Male,Loyal,No
C006064,18,Male,Loyal,No
C006065,26,Male,New,No
C006066,80,Male,Returning,No
C006067,57,Female,Returning,Yes
C006068,66,Female,Loyal,No
C006069,35,Female,Returning,Yes
C006070,76,Female,New,Yes
C006071,28,Male,New,Yes
C006072,74,Male,Returning,No
C006073,18,Female,Returning,No
C006074,17,Female,New,No
C006075,21,Male,Loyal,No
C006076,67,Male,Loyal,Yes
C006077,32,Male,Returning,No
C006078,45,Female,Returning,Yes
C006079,46,Male,Returning,Yes
C006080,67,Female,Returning,Yes
C006081,38,Female,New,No
C006082,16,Male,Returning,No
C006083,41,Female,Returning,Yes
C006084,34,Male,Loyal,No
C006085,63,Female,New,Yes
C006086,64,Female,New,No
C006087,21,Male,Returning,No
C006088,67,Female,Loyal,Yes
C006089,20,Female,Returning,Yes
C006090,56,Female,New,No
C006091,41,Female,Returning,No
C006092,35,Male,New,No
C006093,47,Female,Returning,No
C006094,36,Male,Returning,Yes
C006095,67,Male,Returning,No
C006096,78,Male,Returning,Yes
C006097,69,Female,New,Yes
C006098,44,Male,Returning,No
C006099,48,Male,Loyal,No
C006100,45,Female,Returning,No
C006101,67,Male,Loyal,Yes
C006102,51,Female,Returning,Yes
C006103,46,Female,Returning,No
C006104,42,Female,New,No
C006105,40,Female,Loyal,No
C006106,51,Female,New,No
C006107,60,Female,New,No
C006108,44,Female,New,Yes
C006109,68,Male,Returning,No
C006110,69,Female,Returning,Yes
C006111,43,Male,Returning,Yes
C006112,75,Male,New,Yes
C006113,27,Female,Returning,No
C006114,76,Female,New,Yes
C006115,35,Female,Loyal,No
C006116,52,Male,New,No
C006117,34,Female,Returning,No
C006118,44,Female,New,Yes
C006119,38,Male,New,No
C006120,61,Female,Returning,No
C006121,21,Female,Loyal,No
C006122,70,Male,Returning,Yes
C006123,74,Male,Returning,No
C006124,52,Female,New,No
C006125,51,Female,Returning,No
C006126,61,Female,Returning,Yes
C006127,28,Female,Loyal,No
C006128,64,Female,Returning,No
C006129,30,Female,Returning,No
C006130,59,Male,Loyal,No
C006131,35,Male,New,Yes
C006132,64,Male,Returning,No
C006133,67,Male,Returning,Yes
C006134,29,Female,New,No
C006135,56,Female,New,No
C006136,48,Male,Returning,Yes
C006137,35,Female,New,Yes
C006138,54,Female,Loyal,Yes
C006139,80,Male,New,No
C006140,16,Female,New,No
C006141,78,Female,Returning,Yes
C006142,71,Female,New,No
C006143,50,Male,New,No
C006144,55,Male,Returning,No
C006145,39,Female,Returning,Yes
C006146,24,Female,Returning,No
C006147,53,Male,Returning,No
C006148,69,Female,Returning,Yes
C006149,31,Male,Loyal,No
C006150,62,Male,New,No
C006151,64,Male,Loyal,Yes
C006152,65,Female,New,No
C006153,38,Male,Returning,Yes
C006154,41,Female,New,No
C006155,43,Female,Returning,No
C006156,71,Female,New,No
C006157,74,Female,New,No
C006158,42,Female,New,No
C006159,79,Male,New,No
C006160,53,Male,Returning,No
C006161,41,Female,Returning,Yes
C006162,16,Male,New,Yes
C006163,55,Male,Returning,No
C006164,57,Female,New,No
C006165,78,Male,New,No
C006166,62,Other,New,No
C006167,17,Male,Returning,No
C006168,52,Female,Returning,No
C006169,64,Male,Loyal,No
C006170,48,Male,New,No
C006171,43,Female,Returning,No
C006172,68,Female,Returning,No
C006173,55,Female,Loyal,Yes
C006174,60,Female,Returning,No
C006175,46,Female,New,No
C006176,34,Female,Loyal,No
C006177,49,Male,New,No
C006178,78,Male,Loyal,No
C006179,55,Female,New,No
C006180,61,Female,Returning,Yes
C006181,24,Female,Returning,No
C006182,80,Female,New,No
C006183,31,Male,Returning,No
C006184,79,Female,New,No
C006185,44,Male,New,No
C006186,75,Female,New,No
C006187,73,Female,Loyal,No
C006188,65,Male,Loyal,No
C006189,75,Female,Returning,Yes
C006190,55,Female,Returning,No
C006191,71,Female,New,Yes
C006192,27,Male,Returning,No
C006193,20,Female,Loyal,No
C006194,51,Male,Loyal,No
C006195,68,Male,Returning,Yes
C006196,65,Male,New,No
C006197,50,Male,Loyal,No
C006198,49,Male,Loyal,Yes
C006199,55,Male,Loyal,Yes
C006200,72,Female,Returning,No
C006201,70,Male,New,No
C006202,23,Male,Loyal,No
C006203,54,Female,Returning,Yes
C006204,40,Male,New,No
C006205,67,Female,New,Yes
C006206,48,Male,Returning,Yes
C006207,80,Female,Loyal,No
C006208,44,Female,Loyal,Yes
C006209,60,Female,Loyal,No
C006210,23,Female,Returning,No
C006211,76,Female,Loyal,Yes
C006212,25,Female,New,No
C006213,40,Male,New,Yes
C006214,70,Female,New,No
C006215,78,Male,Loyal,No
C006216,47,Male,Loyal,No
C006217,47,Female,Loyal,No
C006218,19,Female,Loyal,Yes
C006219,79,Female,Returning,No
C006220,17,Female,Loyal,No
C006221,17,Female,New,No
C006222,46,Male,Loyal,No
C006223,16,Male,Loyal,Yes
C006224,26,Female,Returning,No
C006225,56,Male,New,No
C006226,61,Female,New,Yes
C006227,35,Male,Loyal,Yes
C006228,67,Male,Returning,No
C006229,55,Female,Returning,No
C006230,30,Male,Loyal,No
C006231,62,Male,New,No
C006232,54,Female,New,Yes
C006233,68,Female,Loyal,No
C006234,26,Male,New,No
C006235,31,Female,Returning,Yes
C006236,35,Female,Returning,No
C006237,38,Male,Returning,No
C006238,73,Female,New,Yes
C006239,63,Female,New,No
C006240,51,Male,Loyal,No
C006241,51,Female,Returning,No
C006242,73,Female,Loyal,No
C006243,45,Male,Returning,No
C006244,30,Female,New,No
C006245,24,Male,New,No
C006246,37,Male,Returning,No
C006247,58,Female,Returning,No
C006248,46,Male,Returning,No
C006249,43,Male,Returning,Yes
C006250,47,Male,Loyal,No
C006251,79,Female,New,Yes
C006252,80,Female,Loyal,Yes
C006253,26,Female,Returning,No
C006254,23,Male,Returning,No
C006255,31,Male,New,Yes
C006256,71,Female,New,No
C006257,45,Male,Returning,No
C006258,72,Female,New,No
C006259,58,Female,Loyal,No
C006260,51,Male,Returning,Yes
C006261,34,Female,Returning,No
C006262,38,Male,Returning,No
C006263,25,Female,Loyal,No
C006264,49,Male,Loyal,Yes
C006265,34,Male,New,No
C006266,35,Female,Returning,No
C006267,18,Female,Loyal,No
C006268,67,Male,New,No
C006269,77,Female,New,No
C006270,48,Male,Loyal,No
C006271,50,Male,Returning,No
C006272,76,Female,Loyal,No
C006273,49,Male,Returning,Yes
C006274,56,Female,Returning,No
C006275,43,Female,Returning,No
C006276,49,Female,Returning,Yes
C006277,49,Male,Loyal,No
C006278,62,Male,Returning,Yes
C006279,55,Female,Loyal,No
C006280,48,Female,New,No
C006281,20,Female,Loyal,Yes
C006282,74,Male,Returning,No
C006283,73,Female,New,Yes
C006284,27,Female,Returning,No
C006285,35,Female,New,No
C006286,79,Female,New,No
C006287,36,Male,Loyal,No
C006288,68,Male,Loyal,No
C006289,67,Female,New,No
C006290,71,Female,New,No
C006291,17,Female,New,No
C006292,47,Male,Loyal,No
C006293,52,Female,Returning,No
C006294,70,Female,Returning,No
C006295,30,Male,Returning,No
C006296,35,Female,Loyal,No
C006297,27,Male,New,Yes
C006298,65,Female,New,No
C006299,80,Female,Returning,No
C006300,25,Male,Loyal,Yes
C006301,31,Female,Returning,No
C006302,35,Female,Loyal,Yes
C006303,73,Male,Loyal,Yes
C006304,44,Female,New,No
C006305,34,Male,Returning,No
C006306,36,Female,Loyal,No
C006307,54,Male,New,No
C006308,41,Male,Returning,No
C006309,25,Female,New,No
C006310,69,Male,Loyal,No
C006311,43,Male,New,Yes
C006312,32,Female,New,No
C006313,63,Female,Returning,No
C006314,64,Male,Returning,Yes
C006315,26,Male,New,No
C006316,20,Male,New,No
C006317,18,Male,Loyal,Yes
C006318,65,Male,Loyal,No
C006319,56,Male,Returning,No
C006320,67,Male,New,No
C006321,56,Male,Returning,No
C006322,42,Male,Returning,No
C006323,54,Female,Returning,Yes
C006324,62,Male,New,Yes
C006325,41,Female,New,No
C006326,75,Male,New,Yes
C006327,74,Male,Returning,No
C006328,68,Male,New,No
C006329,80,Female,Returning,No
C006330,41,Female,Returning,Yes
C006331,23,Female,Returning,No
C006332,47,Male,Returning,Yes
C006333,64,Male,Returning,Yes
C006334,66,Female,New,No
C006335,41,Female,New,Yes
C006336,35,Male,Returning,No
C006337,44,Female,Returning,No
C006338,68,Male,Returning,No
C006339,19,Male,Returning,No
C006340,37,Male,New,No
C006341,30,Female,New,No
C006342,68,Female,Returning,No
C006343,46,Male,Returning,Yes
C006344,21,Other,Returning,Yes
C006345,33,Female,New,No
C006346,18,Male,Loyal,No
C006347,46,Female,New,No
C006348,80,Female,Returning,No
C006349,52,Other,Returning,No
C006350,72,Male,Returning,No
C006351,64,Male,Loyal,No
C006352,73,Female,New,No
C006353,36,Female,New,No
C006354,77,Male,New,No
C006355,31,Male,Loyal,Yes
C006356,44,Female,Loyal,Yes
C006357,60,Female,Returning,No
C006358,34,Female,Returning,No
C006359,33,Male,New,Yes
C006360,24,Male,Loyal,No
C006361,16,Female,New,No
C006362,48,Female,New,No
C006363,80,Female,Loyal,No
C006364,30,Male,New,No
C006365,44,Female,Loyal,No
C006366,76,Female,Loyal,No
C006367,66,Male,Loyal,Yes
C006368,16,Female,Returning,Yes
C006369,48,Male,New,No
C006370,25,Male,Returning,Yes
C006371,32,Female,Loyal,No
C006372,32,Male,Returning,Yes
C006373,55,Male,Loyal,Yes
C006374,28,Male,Loyal,No
C006375,32,Male,Returning,No
C006376,30,Female,Loyal,No
C006377,39,Female,New,No
C006378,58,Female,Loyal,No
C006379,41,Female,Loyal,No
C006380,37,Female,New,No
C006381,49,Female,Returning,No
C006382,55,Male,Returning,No
C006383,16,Female,Loyal,No
C006384,73,Male,New,No
C006385,75,Male,Returning,Yes
C006386,55,Female,Returning,No
C006387,53,Male,Returning,No
C006388,61,Female,Loyal,No
C006389,44,Male,Returning,No
C006390,39,Male,Returning,No
C006391,38,Male,Loyal,No
C006392,26,Male,New,No
C006393,70,Male,New,No
C006394,36,Male,New,No
C006395,34,Male,Loyal,No
C006396,78,Female,Loyal,Yes
C006397,48,Male,Returning,Yes
C006398,56,Male,New,No
C006399,31,Female,Returning,No
C006400,34,Other,Returning,Yes
C006401,63,Male,Returning,No
C006402,45,Male,New,No
C006403,25,Female,New,No
C006404,70,Male,Loyal,No
C006405,42,Male,Returning,Yes
C006406,59,Female,New,No
C006407,38,Male,Loyal,Yes
C006408,52,Male,Returning,No
C006409,66,Female,Returning,Yes
C006410,73,Male,New,No
C006411,29,Female,Loyal,Yes
C006412,59,Male,New,No
C006413,75,Male,Loyal,No
C006414,57,Female,Returning,Yes
C006415,25,Female,New,Yes
C006416,28,Female,New,Yes
C006417,29,Female,Loyal,No
C006418,22,Male,New,No
C006419,64,Female,New,No
C006420,78,Female,Returning,No
C006421,49,Female,New,No
C006422,54,Male,Returning,No
C006423,66,Male,Returning,No
C006424,43,Female,New,No
C006425,46,Female,New,No
C006426,54,Female,New,No
C006427,35,Female,Loyal,Yes
C006428,20,Female,New,No
C006429,52,Male,Returning,No
C006430,69,Male,Returning,No
C006431,20,Female,Loyal,No
C006432,30,Male,New,No
C006433,33,Male,New,Yes
C006434,68,Female,Returning,No
C006435,48,Female,Returning,Yes
C006436,50,Male,Loyal,Yes
C006437,57,Female,New,No
C006438,33,Male,Loyal,Yes
C006439,62,Male,New,No
C006440,17,Male,Returning,No
C006441,23,Female,Returning,No
C006442,69,Female,New,No
C006443,58,Male,Loyal,Yes
C006444,27,Female,Returning,No
C006445,44,Female,New,No
C006446,19,Male,New,Yes
C006447,59,Female,Loyal,No
C006448,65,Male,Loyal,No
C006449,34,Male,New,No
C006450,38,Male,New,No
C006451,31,Female,Returning,No
C006452,41,Male,Returning,No
C006453,33,Male,New,No
C006454,32,Female,Returning,No
C006455,43,Male,Returning,No
C006456,71,Female,New,Yes
C006457,65,Female,Returning,No
C006458,35,Male,New,No
C006459,77,Female,New,No
C006460,29,Female,Loyal,Yes
C006461,75,Male,New,No
C006462,36,Female,New,Yes
C006463,51,Male,Loyal,No
C006464,29,Female,Loyal,No
C006465,65,Male,Loyal,Yes
C006466,36,Male,New,Yes
C006467,72,Female,Returning,Yes
C006468,21,Male,Returning,Yes
C006469,48,Female,Loyal,Yes
C006470,26,Female,New,No
C006471,73,Female,Returning,Yes
C006472,43,Female,New,No
C006473,59,Female,Returning,Yes
C006474,73,Male,New,No
C006475,50,Male,Returning,No
C006476,19,Other,Returning,No
C006477,30,Male,Loyal,No
C006478,29,Female,Loyal,No
C006479,75,Female,Returning,Yes
C006480,75,Female,New,No
C006481,47,Male,Loyal,No
C006482,73,Male,New,No
C006483,31,Female,New,Yes
C006484,60,Female,Returning,Yes
C006485,41,Female,Returning,No
C006486,31,Male,New,No
C006487,32,Female,New,Yes
C006488,43,Male,New,No
C006489,38,Female,Returning,Yes
C006490,29,Female,Returning,No
C006491,37,Female,Returning,No
C006492,24,Male,Returning,No
C006493,79,Male,Loyal,Yes
C006494,40,Female,Returning,No
C006495,22,Female,Returning,No
C006496,53,Female,Returning,No
C006497,73,Female,Returning,No
C006498,39,Female,Loyal,Yes
C006499,70,Female,New,Yes
C006500,55,Male,Loyal,No
C006501,64,Male,Returning,No
C006502,35,Male,Loyal,Yes
C006503,18,Male,Returning,No
C006504,38,Other,Returning,No
C006505,76,Male,New,No
C006506,67,Female,Returning,No
C006507,66,Female,Returning,No
C006508,73,Female,Loyal,No
C006509,40,Male,Loyal,Yes
C006510,36,Female,Returning,No
C006511,76,Female,Loyal,No
C006512,53,Male,Loyal,No
C006513,35,Male,Loyal,No
C006514,34,Male,New,No
C006515,73,Male,New,No
C006516,19,Male,Loyal,Yes
C006517,20,Male,Returning,No
C006518,63,Female,Returning,No
C006519,16,Male,Returning,No
C006520,27,Male,New,No
C006521,80,Female,New,No
C006522,43,Male,New,No
C006523,63,Male,Returning,No
C006524,47,Male,Returning,No
C006525,21,Male,Returning,No
C006526,27,Female,New,No
C006527,65,Female,New,No
C006528,22,Female,Returning,No
C006529,54,Male,New,Yes
C006530,38,Male,Loyal,No
C006531,40,Male,Returning,No
C006532,77,Male,New,No
C006533,55,Male,Returning,Yes
C006534,55,Female,Returning,No
C006535,38,Female,New,No
C006536,40,Female,Returning,No
C006537,60,Male,New,No
C006538,18,Female,Returning,No
C006539,31,Male,New,No
C006540,55,Male,Returning,No
C006541,56,Female,Returning,No
C006542,21,Male,Loyal,Yes
C006543,67,Male,Returning,No
C006544,51,Male,New,No
C006545,31,Female,Returning,No
C006546,64,Female,Returning,No
C006547,80,Female,Returning,No
C006548,43,Male,Returning,No
C006549,34,Male,Returning,No
C006550,35,Male,Returning,No
C006551,54,Male,Returning,No
C006552,19,Female,Loyal,No
C006553,47,Male,Returning,No
C006554,17,Female,Returning,No
C006555,18,Female,New,No
C006556,43,Male,New,No
C006557,64,Male,New,Yes
C006558,73,Male,New,Yes
C006559,21,Male,New,Yes
C006560,31,Female,Returning,No
C006561,43,Female,New,No
C006562,53,Female,New,No
C006563,80,Male,Returning,Yes
C006564,60,Female,Loyal,No
C006565,50,Female,New,No
C006566,19,Female,Loyal,No
C006567,21,Male,Loyal,No
C006568,25,Male,Loyal,Yes
C006569,58,Female,Returning,No
C006570,37,Female,Loyal,No
C006571,31,Male,Returning,No
C006572,59,Male,Returning,No
C006573,68,Female,New,No
C006574,44,Female,New,Yes
C006575,73,Male,Loyal,No
C006576,63,Male,Returning,No
C006577,62,Female,New,No
C006578,72,Male,New,No
C006579,27,Male,Returning,No
C006580,65,Female,Loyal,No
C006581,78,Female,Loyal,Yes
C006582,80,Male,New,No
C006583,53,Female,New,No
C006584,65,Female,New,Yes
C006585,73,Male,Returning,No
C006586,71,Female,Returning,No
C006587,74,Male,Returning,Yes
C006588,70,Female,Returning,Yes
C006589,40,Female,New,Yes
C006590,63,Female,New,No
C006591,42,Male,New,No
C006592,68,Male,Returning,Yes
C006593,68,Male,Returning,No
C006594,76,Female,Loyal,Yes
C006595,54,Male,New,Yes
C006596,46,Female,Loyal,No
C006597,26,Male,New,Yes
C006598,57,Female,New,No
C006599,52,Male,New,No
C006600,49,Female,New,No
C006601,59,Female,New,No
C006602,71,Male,New,No
C006603,25,Female,Returning,No
C006604,44,Female,Loyal,No
C006605,62,Male,Returning,Yes
C006606,69,Female,Loyal,No
C006607,66,Male,Returning,No
C006608,67,Male,Loyal,No
C006609,71,Male,New,Yes
C006610,78,Female,Loyal,Yes
C006611,55,Male,Returning,No
C006612,32,Male,Returning,No
C006613,52,Female,Returning,No
C006614,62,Male,New,No
C006615,22,Male,New,No
C006616,65,Female,Returning,Yes
C006617,51,Female,Loyal,No
C006618,76,Male,Loyal,No
C006619,29,Female,New,No
C006620,74,Male,New,No
C006621,45,Female,Returning,No
C006622,53,Female,New,No
C006623,58,Male,New,No
C006624,53,Other,Returning,No
C006625,74,Female,Returning,Yes
C006626,26,Male,New,Yes
C006627,63,Female,New,No
C006628,79,Female,New,Yes
C006629,30,Female,Returning,No
C006630,32,Female,New,Yes
C006631,46,Male,Returning,Yes
C006632,63,Female,Loyal,No
C006633,78,Female,New,No
C006634,67,Female,New,No
C006635,67,Male,New,No
C006636,44,Male,Loyal,No
C006637,57,Female,Returning,No
C006638,29,Female,Loyal,Yes
C006639,46,Male,Loyal,No
C006640,28,Female,Loyal,No
C006641,17,Male,Loyal,No
C006642,71,Male,New,No
C006643,68,Male,Returning,No
C006644,49,Female,Loyal,No
C006645,16,Female,Returning,No
C006646,21,Female,Loyal,No
C006647,23,Female,Loyal,Yes
C006648,62,Female,Returning,No
C006649,29,Other,Returning,No
C006650,32,Female,Returning,No
C006651,71,Female,New,Yes
C006652,72,Female,New,No
C006653,65,Female,Returning,Yes
C006654,36,Male,Loyal,No
C006655,53,Female,Loyal,No
C006656,29,Male,New,Yes
C006657,71,Male,Loyal,No
C006658,21,Female,New,No
C006659,64,Male,Returning,Yes
C006660,49,Female,Loyal,Yes
C006661,65,Female,Loyal,Yes
C006662,45,Male,Returning,No
C006663,26,Male,Returning,Yes
C006664,64,Female,Returning,No
C006665,57,Female,Returning,No
C006666,46,Female,New,Yes
C006667,40,Female,New,No
C006668,38,Male,Loyal,No
C006669,47,Female,New,No
C006670,33,Male,Returning,No
C006671,34,Male,Returning,No
C006672,34,Female,New,Yes
C006673,16,Male,New,No
C006674,76,Male,New,No
C006675,31,Female,New,No
C006676,26,Male,Returning,No
C006677,25,Male,Returning,No
C006678,80,Male,Returning,No
C006679,46,Female,Loyal,No
C006680,37,Male,Loyal,No
C006681,42,Male,Returning,Yes
C006682,21,Male,Returning,No
C006683,36,Female,Returning,No
C006684,32,Female,New,Yes
C006685,68,Male,New,No
C006686,19,Female,New,Yes
C006687,43,Female,Returning,No
C006688,67,Male,Returning,No
C006689,70,Male,Loyal,No
C006690,49,Male,New,Yes
C006691,30,Female,Returning,No
C006692,37,Male,New,Yes
C006693,30,Female,Loyal,Yes
C006694,59,Male,Returning,No
C006695,35,Female,Returning,No
C006696,56,Female,Returning,No
C006697,58,Male,New,No
C006698,77,Male,Loyal,Yes
C006699,40,Female,Loyal,No
C006700,78,Female,Returning,No
C006701,42,Male,New,No
C006702,60,Male,Returning,Yes
C006703,59,Female,Returning,No
C006704,69,Male,Loyal,No
C006705,46,Female,New,No
C006706,67,Male,Loyal,Yes
C006707,39,Female,Loyal,No
C006708,47,Female,New,No
C006709,48,Male,Returning,No
C006710,61,Female,New,No
C006711,56,Male,New,No
C006712,21,Female,Returning,Yes
C006713,68,Female,New,Yes
C006714,65,Male,New,Yes
C006715,22,Male,Returning,Yes
C006716,78,Female,Loyal,No
C006717,58,Male,New,No
C006718,21,Female,New,Yes
C006719,47,Male,New,No
C006720,70,Female,New,Yes
C006721,34,Male,Loyal,No
C006722,76,Female,Returning,Yes
C006723,43,Male,Returning,No
C006724,30,Male,Returning,No
C006725,39,Male,Loyal,No
C006726,50,Female,Returning,No
C006727,60,Female,Loyal,No
C006728,76,Female,Returning,No
C006729,28,Male,Loyal,No
C006730,78,Female,Returning,No
C006731,50,Male,Loyal,No
C006732,24,Female,New,No
C006733,76,Other,Returning,No
C006734,38,Female,Returning,No
C006735,56,Male,Returning,No
C006736,61,Male,Returning,Yes
C006737,16,Male,New,Yes
C006738,30,Male,Loyal,No
C006739,60,Male,Returning,No
C006740,37,Male,New,No
C006741,16,Female,Returning,Yes
C006742,17,Female,Returning,No
C006743,69,Male,New,No
C006744,25,Male,New,No
C006745,22,Female,Returning,No
C006746,52,Female,Loyal,No
C006747,23,Male,New,Yes
C006748,58,Female,New,No
C006749,51,Male,Returning,No
C006750,58,Male,New,No
C006751,47,Female,Loyal,No
C006752,66,Female,Loyal,No
C006753,57,Female,Loyal,Yes
C006754,42,Female,New,No
C006755,16,Male,New,No
C006756,33,Male,Returning,No
C006757,24,Male,New,No
C006758,17,Female,New,No
C006759,33,Male,Returning,No
C006760,29,Female,Returning,No
C006761,20,Male,New,No
C006762,36,Female,New,No
C006763,48,Male,New,No
C006764,27,Male,Returning,No
C006765,33,Female,New,No
C006766,17,Male,Returning,No
C006767,19,Female,Returning,No
C006768,26,Female,Returning,No
C006769,45,Male,Loyal,Yes
C006770,59,Female,Loyal,No
C006771,67,Female,New,Yes
C006772,56,Female,New,No
C006773,56,Female,Loyal,No
C006774,76,Male,Loyal,No
C006775,32,Male,New,No
C006776,67,Female,Loyal,No
C006777,76,Female,Loyal,No
C006778,52,Male,Loyal,No
C006779,70,Male,New,No
C006780,24,Female,Returning,No
C006781,73,Male,Returning,No
C006782,52,Female,New,No
C006783,30,Female,New,No
C006784,20,Male,New,No
C006785,62,Male,Loyal,No
C006786,44,Female,Returning,No
C006787,36,Male,Returning,No
C006788,41,Male,New,No
C006789,80,Male,Loyal,No
C006790,43,Male,Loyal,No
C006791,21,Female,Returning,No
C006792,34,Male,New,No
C006793,25,Female,New,No
C006794,60,Female,Returning,No
C006795,68,Female,Loyal,No
C006796,70,Male,Loyal,No
C006797,57,Female,New,No
C006798,65,Female,New,No
C006799,43,Male,Returning,No
C006800,56,Female,New,No
C006801,22,Female,Returning,No
C006802,50,Female,Returning,No
C006803,52,Male,Loyal,No
C006804,18,Female,New,No
C006805,51,Female,Returning,No
C006806,62,Male,Returning,Yes
C006807,39,Male,Loyal,Yes
C006808,51,Male,Loyal,No
C006809,34,Female,Loyal,Yes
C006810,33,Male,Returning,Yes
C006811,24,Male,New,No
C006812,37,Male,Returning,Yes
C006813,68,Female,Loyal,No
C006814,76,Female,New,No
C006815,57,Male,New,Yes
C006816,56,Female,New,No
C006817,55,Female,Returning,Yes
C006818,46,Female,Returning,Yes
C006819,43,Female,New,No
C006820,56,Male,New,No
C006821,66,Female,Returning,No
C006822,42,Male,Returning,No
C006823,52,Male,New,Yes
C006824,46,Female,Returning,No
C006825,34,Female,New,No
C006826,34,Female,New,Yes
C006827,21,Female,New,No
C006828,44,Male,New,No
C006829,62,Male,New,No
C006830,60,Male,New,Yes
C006831,80,Other,New,Yes
C006832,18,Female,Returning,No
C006833,65,Male,Loyal,No
C006834,67,Female,New,Yes
C006835,44,Female,Returning,No
C006836,34,Female,New,Yes
C006837,39,Female,Loyal,Yes
C006838,60,Male,New,Yes
C006839,72,Male,New,No
C006840,57,Female,Returning,Yes
C006841,49,Female,New,No
C006842,58,Male,New,No
C006843,20,Male,New,No
C006844,55,Male,Returning,No
C006845,18,Female,New,No
C006846,78,Female,New,Yes
C006847,73,Male,Loyal,No
C006848,49,Male,New,No
C006849,40,Female,New,No
C006850,63,Female,Returning,No
C006851,57,Female,New,No
C006852,61,Male,Loyal,No
C006853,49,Female,New,No
C006854,31,Male,New,No
C006855,20,Male,Loyal,No
C006856,34,Female,Loyal,No
C006857,50,Female,Returning,No
C006858,43,Female,New,Yes
C006859,48,Female,Returning,No
C006860,34,Male,Loyal,No
C006861,76,Male,Returning,No
C006862,39,Female,Loyal,No
C006863,71,Male,Returning,No
C006864,41,Female,Loyal,No
C006865,44,Male,New,Yes
C006866,55,Male,Loyal,No
C006867,33,Female,Loyal,No
C006868,30,Male,Loyal,No
C006869,40,Male,Loyal,Yes
C006870,68,Female,Loyal,No
C006871,25,Other,Returning,No
C006872,44,Female,Returning,No
C006873,59,Female,Loyal,No
C006874,61,Male,Returning,Yes
C006875,44,Female,Returning,No
C006876,21,Female,Returning,No
C006877,17,Female,Loyal,No
C006878,46,Female,New,Yes
C006879,68,Female,Returning,No
C006880,17,Female,Returning,No
C006881,73,Male,Loyal,Yes
C006882,59,Female,New,No
C006883,16,Male,Returning,No
C006884,38,Male,New,Yes
C006885,30,Female,Returning,Yes
C006886,77,Male,Loyal,No
C006887,52,Male,Returning,No
C006888,37,Male,Returning,No
C006889,34,Male,New,No
C006890,52,Female,Returning,No
C006891,16,Female,Loyal,No
C006892,32,Male,Returning,No
C006893,26,Female,New,No
C006894,56,Male,Returning,No
C006895,59,Male,Returning,Yes
C006896,46,Female,Returning,Yes
C006897,25,Female,Returning,No
C006898,40,Male,Loyal,No
C006899,70,Female,Loyal,No
C006900,29,Male,New,Yes
C006901,26,Male,Returning,No
C006902,23,Female,Returning,No
C006903,69,Female,Loyal,No
C006904,23,Male,New,Yes
C006905,53,Male,New,Yes
C006906,80,Female,Returning,No
C006907,57,Female,Returning,No
C006908,42,Female,New,No
C006909,29,Female,Loyal,Yes
C006910,16,Female,New,No
C006911,26,Female,New,No
C006912,77,Male,New,No
C006913,25,Female,New,No
C006914,17,Male,New,Yes
C006915,69,Male,Returning,No
C006916,43,Male,New,No
C006917,39,Male,Returning,Yes
C006918,62,Female,Returning,No
C006919,49,Male,Returning,Yes
C006920,75,Female,Loyal,No
C006921,46,Female,Loyal,No
C006922,62,Male,Returning,Yes
C006923,73,Female,New,No
C006924,46,Female,Returning,No
C006925,34,Male,New,No
C006926,79,Female,Loyal,No
C006927,30,Female,Returning,Yes
C006928,18,Female,New,No
C006929,53,Female,Returning,No
C006930,80,Male,Loyal,No
C006931,21,Male,Returning,No
C006932,71,Female,Returning,No
C006933,69,Male,Returning,Yes
C006934,76,Other,Returning,No
C006935,43,Male,New,No
C006936,32,Male,Returning,No
C006937,49,Male,New,Yes
C006938,25,Male,Returning,Yes
C006939,70,Male,New,No
C006940,59,Female,Loyal,No
C006941,47,Female,Returning,No
C006942,49,Female,New,No
C006943,62,Male,Loyal,No
C006944,50,Female,Returning,No
C006945,70,Male,Returning,No
C006946,76,Female,New,No
C006947,77,Male,Returning,Yes
C006948,56,Female,Returning,Yes
C006949,64,Female,New,No
C006950,36,Female,Returning,Yes
C006951,18,Male,New,Yes
C006952,42,Female,Loyal,Yes
C006953,72,Female,Loyal,No
C006954,24,Male,New,No
C006955,51,Male,New,No
C006956,28,Male,New,No
C006957,43,Male,Loyal,No
C006958,25,Female,New,No
C006959,63,Male,Loyal,No
C006960,68,Female,Loyal,No
C006961,65,Male,New,No
C006962,61,Male,Loyal,No
C006963,31,Female,Returning,No
C006964,50,Female,New,No
C006965,22,Male,Loyal,No
C006966,40,Male,Returning,No
C006967,48,Male,New,Yes
C006968,59,Male,Returning,No
C006969,22,Male,Returning,Yes
C006970,68,Female,Returning,Yes
C006971,45,Male,New,Yes
C006972,73,Female,Returning,Yes
C006973,50,Male,New,Yes
C006974,51,Male,Returning,No
C006975,61,Female,New,Yes
C006976,69,Male,Returning,Yes
C006977,26,Male,Loyal,No
C006978,49,Female,New,No
C006979,17,Male,New,No
C006980,46,Male,Loyal,No
C006981,68,Female,New,No
C006982,72,Female,New,No
C006983,34,Female,Returning,No
C006984,41,Male,Returning,No
C006985,51,Female,New,No
C006986,41,Female,Loyal,No
C006987,27,Male,New,Yes
C006988,35,Male,Loyal,No
C006989,42,Male,Loyal,No
C006990,49,Male,New,Yes
C006991,75,Female,Loyal,No
C006992,51,Female,Returning,No
C006993,41,Male,Loyal,Yes
C006994,58,Female,Returning,No
C006995,66,Female,Returning,No
C006996,43,Male,Returning,No
C006997,47,Female,Returning,Yes
C006998,30,Male,Returning,No
C006999,72,Male,Returning,Yes
C007000,72,Male,Loyal,No
C007001,27,Female,New,Yes
C007002,38,Female,Loyal,No
C007003,33,Male,New,No
C007004,75,Male,New,No
C007005,20,Female,New,No
C007006,29,Female,Loyal,No
C007007,36,Male,Loyal,No
C007008,52,Female,Returning,No
C007009,32,Female,Loyal,No
C007010,50,Female,New,No
C007011,64,Female,New,No
C007012,69,Female,New,No
C007013,22,Female,Returning,No
C007014,25,Male,Returning,Yes
C007015,22,Female,New,No
C007016,75,Female,New,No
C007017,58,Female,Returning,No
C007018,50,Male,New,No
C007019,67,Female,Returning,No
C007020,54,Female,Returning,Yes
C007021,31,Male,New,Yes
C007022,49,Male,New,No
C007023,61,Male,Returning,Yes
C007024,18,Female,Loyal,No
C007025,55,Female,Returning,Yes
C007026,48,Female,Returning,No
C007027,20,Male,Loyal,Yes
C007028,33,Female,Loyal,No
C007029,45,Female,New,No
C007030,38,Female,Loyal,Yes
C007031,34,Male,Returning,No
C007032,58,Female,Returning,No
C007033,42,Female,Returning,Yes
C007034,48,Male,Returning,No
C007035,67,Male,Loyal,No
C007036,22,Male,New,No
C007037,39,Male,Returning,No
C007038,20,Female,New,No
C007039,76,Male,Returning,No
C007040,28,Female,New,No
C007041,69,Male,Returning,Yes
C007042,28,Female,Loyal,Yes
C007043,37,Male,New,No
C007044,55,Male,New,No
C007045,70,Female,Returning,No
C007046,27,Female,Returning,No
C007047,29,Male,New,No
C007048,73,Female,New,No
C007049,36,Male,New,Yes
C007050,29,Female,New,No
C007051,64,Male,Loyal,No
C007052,21,Male,New,Yes
C007053,72,Female,Returning,Yes
C007054,72,Male,New,No
C007055,71,Male,Loyal,No
C007056,35,Male,Loyal,No
C007057,23,Male,Returning,No
C007058,43,Male,Returning,No
C007059,37,Female,New,No
C007060,78,Female,New,No
C007061,57,Female,Returning,Yes
C007062,77,Male,Returning,Yes
C007063,64,Male,New,No
C007064,62,Female,Returning,Yes
C007065,23,Male,Returning,No
C007066,20,Female,Loyal,No
C007067,19,Male,Loyal,No
C007068,54,Male,Returning,No
C007069,29,Male,Returning,No
C007070,80,Male,Returning,Yes
C007071,24,Male,New,No
C007072,77,Female,Returning,No
C007073,59,Female,New,Yes
C007074,22,Female,Loyal,No
C007075,19,Male,New,Yes
C007076,41,Male,New,No
C007077,38,Female,New,No
C007078,36,Female,Loyal,No
C007079,50,Female,New,No
C007080,24,Male,Returning,No
C007081,24,Female,New,Yes
C007082,61,Male,Returning,No
C007083,80,Female,Returning,Yes
C007084,33,Male,Loyal,No
C007085,76,Male,New,No
C007086,38,Female,New,No
C007087,37,Male,New,No
C007088,21,Female,Returning,Yes
C007089,43,Male,Loyal,Yes
C007090,48,Female,New,No
C007091,59,Male,Loyal,No
C007092,26,Female,New,No
C007093,28,Male,Loyal,No
C007094,44,Female,Returning,No
C007095,20,Male,Loyal,No
C007096,25,Female,Returning,No
C007097,56,Female,Returning,No
C007098,78,Male,New,No
C007099,53,Female,Returning,No
C007100,25,Female,Loyal,Yes
C007101,80,Male,New,Yes
C007102,49,Female,Loyal,No
C007103,62,Male,New,Yes
C007104,28,Female,New,Yes
C007105,53,Male,Returning,No
C007106,20,Male,New,Yes
C007107,56,Female,Returning,No
C007108,29,Female,Loyal,No
C007109,75,Male,New,Yes
C007110,19,Male,New,Yes
C007111,58,Female,New,No
C007112,25,Female,Returning,Yes
C007113,60,Female,Returning,Yes
C007114,48,Male,Loyal,No
C007115,78,Male,New,No
C007116,58,Female,New,Yes
C007117,40,Male,New,No
C007118,21,Male,New,No
C007119,54,Male,Returning,No
C007120,44,Female,Loyal,No
C007121,19,Female,New,Yes
C007122,53,Female,Loyal,No
C007123,29,Male,Returning,No
C007124,31,Female,Loyal,No
C007125,16,Female,Loyal,No
C007126,40,Male,Loyal,No
C007127,30,Male,Returning,No
C007128,20,Female,New,Yes
C007129,44,Female,New,No
C007130,30,Female,New,No
C007131,24,Female,Returning,No
C007132,46,Female,Loyal,Yes
C007133,20,Female,Returning,No
C007134,80,Female,Returning,No
C007135,46,Male,New,Yes
C007136,80,Male,Returning,No
C007137,73,Female,New,No
C007138,79,Male,New,No
C007139,51,Female,New,No
C007140,43,Male,Loyal,No
C007141,62,Male,Returning,No
C007142,21,Male,Loyal,No
C007143,70,Male,Returning,No
C007144,37,Female,Returning,No
C007145,16,Female,Loyal,Yes
C007146,31,Female,Loyal,No
C007147,31,Female,New,No
C007148,16,Male,New,No
C007149,59,Female,New,Yes
C007150,22,Female,Returning,No
C007151,71,Male,New,No
C007152,45,Male,Returning,No
C007153,62,Male,New,No
C007154,38,Male,Loyal,No
C007155,24,Male,Loyal,No
C007156,27,Female,Returning,No
C007157,57,Male,Returning,Yes
C007158,62,Female,New,No
C007159,33,Female,New,No
C007160,39,Male,Returning,No
C007161,77,Female,Loyal,No
C007162,71,Female,New,No
C007163,42,Female,Returning,Yes
C007164,31,Other,Loyal,No
C007165,35,Male,New,Yes
C007166,50,Female,Loyal,No
C007167,52,Male,Loyal,No
C007168,27,Female,New,No
C007169,20,Male,Returning,No
C007170,48,Female,New,Yes
C007171,67,Female,Returning,No
C007172,25,Male,Loyal,No
C007173,42,Male,New,No
C007174,26,Female,Loyal,No
C007175,31,Female,Loyal,Yes
C007176,55,Male,Returning,No
C007177,34,Female,New,No
C007178,33,Female,New,No
C007179,80,Male,Returning,Yes
C007180,27,Female,New,No
C007181,28,Female,New,No
C007182,76,Female,New,No
C007183,51,Female,Returning,Yes
C007184,18,Female,New,No
C007185,43,Male,New,Yes
C007186,52,Female,Returning,Yes
C007187,32,Male,New,Yes
C007188,51,Female,New,No
C007189,58,Female,New,No
C007190,32,Male,New,No
C007191,68,Female,New,No
C007192,45,Male,New,No
C007193,78,Female,Returning,Yes
C007194,21,Male,New,No
C007195,37,Male,New,Yes
C007196,62,Female,Returning,Yes
C007197,74,Male,Returning,No
C007198,30,Female,Returning,Yes
C007199,79,Female,Loyal,Yes
C007200,28,Female,Loyal,No
C007201,43,Male,Returning,Yes
C007202,36,Male,Returning,Yes
C007203,43,Male,New,No
C007204,74,Male,Returning,No
C007205,63,Female,Returning,No
C007206,67,Male,Loyal,No
C007207,32,Male,Loyal,No
C007208,77,Male,New,Yes
C007209,44,Male,Loyal,Yes
C007210,58,Male,Loyal,No
C007211,61,Female,Returning,Yes
C007212,59,Male,Loyal,Yes
C007213,55,Other,New,Yes
C007214,47,Male,Returning,No
C007215,58,Female,Loyal,No
C007216,74,Female,New,No
C007217,41,Male,Returning,Yes
C007218,49,Male,Loyal,No
C007219,27,Male,Loyal,Yes
C007220,39,Male,New,No
C007221,66,Female,Returning,No
C007222,57,Male,New,No
C007223,29,Female,Loyal,Yes
C007224,51,Female,Returning,No
C007225,68,Female,Returning,Yes
C007226,24,Female,Loyal,No
C007227,20,Female,Returning,No
C007228,41,Male,Returning,No
C007229,58,Female,Returning,No
C007230,36,Male,Returning,No
C007231,69,Female,Returning,Yes
C007232,71,Male,Loyal,No
C007233,50,Female,New,No
C007234,40,Male,New,No
C007235,18,Male,Returning,No
C007236,69,Female,New,No
C007237,74,Female,Loyal,Yes
C007238,44,Female,Returning,No
C007239,49,Female,New,No
C007240,64,Female,Returning,No
C007241,61,Female,New,No
C007242,24,Male,Returning,No
C007243,59,Female,New,No
C007244,76,Female,New,No
C007245,64,Female,New,No
C007246,47,Female,Returning,No
C007247,50,Female,Returning,No
C007248,32,Male,Returning,Yes
C007249,58,Male,New,No
C007250,31,Female,Returning,Yes
C007251,38,Female,Returning,No
C007252,33,Female,Loyal,No
C007253,37,Male,New,No
C007254,39,Female,Returning,No
C007255,21,Male,Returning,Yes
C007256,62,Male,Returning,Yes
C007257,44,Male,Returning,No
C007258,77,Female,New,No
C007259,27,Male,New,No
C007260,59,Female,Loyal,No
C007261,27,Female,Returning,No
C007262,51,Male,Returning,No
C007263,47,Male,Returning,Yes
C007264,45,Female,New,No
C007265,58,Female,New,Yes
C007266,69,Female,Returning,No
C007267,36,Male,New,Yes
C007268,71,Female,Loyal,No
C007269,28,Female,New,No
C007270,35,Female,Returning,No
C007271,36,Male,New,No
C007272,77,Male,Loyal,No
C007273,23,Female,Loyal,Yes
C007274,41,Male,New,No
C007275,43,Female,Returning,Yes
C007276,68,Male,Loyal,No
C007277,47,Male,Returning,No
C007278,78,Female,New,No
C007279,64,Male,Loyal,No
C007280,61,Male,New,No
C007281,64,Female,New,No
C007282,26,Female,Loyal,No
C007283,45,Male,Loyal,No
C007284,54,Female,New,No
C007285,29,Male,Returning,No
C007286,23,Female,New,No
C007287,24,Male,Loyal,No
C007288,67,Male,Loyal,No
C007289,58,Male,Loyal,Yes
C007290,34,Female,New,No
C007291,63,Male,New,No
C007292,61,Female,Returning,Yes
C007293,69,Male,New,Yes
C007294,75,Male,New,No
C007295,73,Female,New,Yes
C007296,27,Male,Returning,Yes
C007297,66,Female,Returning,Yes
C007298,41,Female,Loyal,No
C007299,42,Male,New,Yes
C007300,58,Female,Loyal,No
C007301,55,Male,Returning,No
C007302,43,Female,New,No
C007303,80,Female,Returning,Yes
C007304,27,Male,Loyal,No
C007305,22,Female,New,Yes
C007306,17,Male,Loyal,No
C007307,68,Other,Returning,Yes
C007308,42,Female,Returning,Yes
C007309,44,Female,Loyal,Yes
C007310,58,Female,Returning,No
C007311,44,Male,Returning,Yes
C007312,53,Female,New,Yes
C007313,19,Male,Returning,Yes
C007314,26,Other,Loyal,No
C007315,76,Female,Loyal,No
C007316,45,Male,Loyal,No
C007317,26,Female,Loyal,No
C007318,40,Male,Returning,No
C007319,37,Female,Loyal,Yes
C007320,33,Male,New,No
C007321,35,Female,Returning,No
C007322,63,Male,Returning,No
C007323,22,Female,Returning,No
C007324,36,Male,Returning,No
C007325,46,Male,Loyal,No
C007326,51,Male,Loyal,No
C007327,73,Male,Loyal,No
C007328,76,Female,Loyal,Yes
C007329,35,Female,Loyal,No
C007330,51,Female,Returning,Yes
C007331,17,Male,New,No
C007332,56,Female,Loyal,Yes
C007333,25,Female,New,No
C007334,20,Male,Returning,No
C007335,59,Female,New,No
C007336,27,Male,Returning,No
C007337,47,Female,New,No
C007338,22,Female,Returning,No
C007339,64,Male,Loyal,No
C007340,65,Female,New,No
C007341,53,Male,New,No
C007342,70,Female,Loyal,No
C007343,44,Female,New,No
C007344,28,Female,Returning,No
C007345,25,Female,Loyal,Yes
C007346,30,Male,Returning,No
C007347,29,Female,New,No
C007348,37,Male,Returning,Yes
C007349,29,Male,Loyal,No
C007350,54,Female,New,Yes
C007351,25,Male,Returning,No
C007352,56,Female,New,No
C007353,37,Male,Loyal,No
C007354,60,Female,New,No
C007355,49,Male,New,No
C007356,74,Female,New,No
C007357,44,Female,Loyal,No
C007358,35,Female,Returning,No
C007359,54,Female,New,Yes
C007360,58,Male,New,No
C007361,44,Female,Loyal,Yes
C007362,52,Male,New,Yes
C007363,46,Female,Returning,No
C007364,35,Female,Returning,No
C007365,36,Female,Loyal,No
C007366,74,Female,Returning,No
C007367,59,Male,Loyal,No
C007368,22,Female,New,No
C007369,78,Male,Returning,No
C007370,62,Female,New,No
C007371,19,Female,Returning,No
C007372,63,Female,Returning,Yes
C007373,54,Male,Returning,Yes
C007374,75,Female,Loyal,Yes
C007375,47,Male,Loyal,No
C007376,49,Female,New,No
C007377,36,Female,Returning,No
C007378,36,Male,Returning,No
C007379,56,Male,Loyal,No
C007380,69,Male,New,No
C007381,73,Female,Returning,Yes
C007382,66,Male,Returning,No
C007383,55,Female,New,No
C007384,48,Other,Returning,Yes
C007385,38,Female,New,No
C007386,65,Male,New,No
C007387,36,Female,Loyal,Yes
C007388,33,Male,New,Yes
C007389,72,Male,New,No
C007390,54,Male,Returning,No
C007391,39,Female,Returning,No
C007392,72,Female,Returning,No
C007393,78,Male,Loyal,No
C007394,36,Male,Returning,No
C007395,49,Male,New,No
C007396,47,Female,New,Yes
C007397,61,Female,Returning,Yes
C007398,77,Female,Returning,No
C007399,51,Male,Loyal,Yes
C007400,67,Female,Returning,No
C007401,54,Female,Returning,No
C007402,73,Male,Loyal,Yes
C007403,42,Male,Loyal,No
C007404,41,Male,Returning,Yes
C007405,43,Female,Returning,Yes
C007406,80,Female,New,No
C007407,55,Female,Returning,Yes
C007408,25,Female,New,No
C007409,18,Male,Returning,No
C007410,49,Female,Loyal,Yes
C007411,68,Female,Returning,Yes
C007412,47,Female,New,Yes
C007413,52,Male,New,No
C007414,67,Male,Loyal,No
C007415,49,Female,New,No
C007416,75,Female,Returning,No
C007417,57,Female,Loyal,No
C007418,63,Male,New,No
C007419,66,Female,Returning,No
C007420,56,Female,New,No
C007421,19,Male,Returning,No
C007422,43,Male,New,No
C007423,25,Male,New,Yes
C007424,49,Female,New,No
C007425,25,Male,Loyal,No
C007426,49,Female,Returning,No
C007427,38,Female,Loyal,No
C007428,17,Male,Returning,Yes
C007429,24,Female,Loyal,No
C007430,48,Male,Returning,No
C007431,21,Female,Returning,Yes
C007432,71,Female,Returning,No
C007433,65,Male,New,No
C007434,62,Female,Loyal,No
C007435,27,Male,Loyal,No
C007436,67,Male,New,No
C007437,57,Female,Loyal,No
C007438,41,Male,New,No
C007439,16,Male,Returning,Yes
C007440,50,Male,Loyal,Yes
C007441,67,Female,New,No
C007442,18,Male,New,No
C007443,19,Male,Loyal,No
C007444,40,Male,Returning,No
C007445,49,Female,Returning,Yes
C007446,46,Female,Loyal,Yes
C007447,43,Male,New,Yes
C007448,32,Male,New,No
C007449,19,Male,Loyal,No
C007450,18,Male,Returning,No
C007451,22,Female,Returning,Yes
C007452,60,Male,New,No
C007453,67,Female,Loyal,Yes
C007454,44,Female,New,No
C007455,21,Female,New,Yes
C007456,43,Male,New,Yes
C007457,80,Female,Returning,Yes
C007458,32,Female,New,Yes
C007459,47,Female,New,No
C007460,50,Female,Returning,No
C007461,37,Male,Returning,No
C007462,44,Female,New,No
C007463,46,Female,Returning,No
C007464,46,Female,Returning,No
C007465,62,Male,New,No
C007466,53,Male,New,Yes
C007467,19,Male,Loyal,No
C007468,16,Female,Returning,Yes
C007469,42,Female,New,No
C007470,75,Female,New,No
C007471,18,Male,New,Yes
C007472,20,Female,Returning,Yes
C007473,60,Female,Returning,No
C007474,45,Male,New,No
C007475,30,Male,Loyal,No
C007476,29,Female,New,No
C007477,59,Male,New,No
C007478,50,Female,New,No
C007479,57,Female,New,No
C007480,34,Female,Loyal,No
C007481,50,Male,Returning,No
C007482,71,Female,Loyal,No
C007483,36,Male,New,No
C007484,41,Female,New,No
C007485,26,Male,Returning,No
C007486,57,Male,Returning,No
C007487,18,Male,New,No
C007488,32,Male,New,No
C007489,62,Male,Loyal,No
C007490,17,Male,Returning,Yes
C007491,80,Female,New,No
C007492,42,Other,Loyal,Yes
C007493,41,Female,New,Yes
C007494,50,Female,Loyal,No
C007495,57,Female,Loyal,Yes
C007496,45,Female,New,Yes
C007497,73,Male,Loyal,No
C007498,78,Female,New,No
C007499,29,Female,New,No
C007500,61,Male,Returning,Yes
C007501,35,Male,Returning,Yes
C007502,80,Female,New,Yes
C007503,32,Male,New,Yes
C007504,35,Female,New,No
C007505,62,Female,New,No
C007506,67,Male,New,No
C007507,24,Male,New,No
C007508,52,Male,Loyal,No
C007509,38,Female,Loyal,Yes
C007510,55,Female,Loyal,Yes
C007511,52,Female,New,No
C007512,80,Male,New,Yes
C007513,76,Female,Returning,No
C007514,58,Female,Returning,No
C007515,60,Female,Returning,No
C007516,74,Male,New,No
C007517,27,Female,Loyal,No
C007518,63,Male,Returning,No
C007519,66,Male,New,No
C007520,24,Female,Returning,Yes
C007521,73,Female,New,No
C007522,61,Female,New,No
C007523,38,Male,Loyal,No
C007524,47,Male,Returning,No
C007525,47,Female,New,No
C007526,75,Male,New,No
C007527,79,Female,New,No
C007528,68,Male,Loyal,No
C007529,58,Male,Loyal,No
C007530,22,Male,Returning,No
C007531,75,Female,Loyal,No
C007532,24,Female,New,No
C007533,26,Other,Loyal,Yes
C007534,20,Female,Returning,Yes
C007535,77,Male,Loyal,Yes
C007536,48,Male,Loyal,No
C007537,31,Male,Returning,No
C007538,21,Male,New,No
C007539,42,Female,New,No
C007540,63,Male,New,No
C007541,80,Female,New,No
C007542,51,Male,Returning,No
C007543,55,Female,Returning,No
C007544,70,Male,New,Yes
C007545,74,Male,Loyal,No
C007546,34,Male,New,Yes
C007547,80,Female,New,Yes
C007548,49,Female,New,No
C007549,76,Male,Loyal,No
C007550,23,Male,Returning,No
C007551,22,Female,New,No
C007552,73,Male,New,No
C007553,59,Male,New,No
C007554,27,Male,Loyal,No
C007555,74,Male,Returning,No
C007556,22,Male,New,No
C007557,60,Male,New,No
C007558,29,Female,New,No
C007559,20,Male,Returning,Yes
C007560,68,Male,Returning,No
C007561,71,Male,Returning,No
C007562,22,Male,New,No
C007563,22,Male,New,Yes
C007564,55,Female,Returning,Yes
C007565,17,Female,Returning,Yes
C007566,64,Female,Returning,No
C007567,75,Male,Loyal,No
C007568,64,Male,Loyal,No
C007569,30,Female,Loyal,No
C007570,28,Female,New,Yes
C007571,60,Male,Loyal,Yes
C007572,20,Female,Returning,No
C007573,50,Female,Returning,No
C007574,45,Female,Returning,No
C007575,64,Male,New,No
C007576,29,Male,Returning,Yes
C007577,65,Male,Loyal,Yes
C007578,61,Female,Loyal,No
C007579,31,Female,Returning,No
C007580,39,Male,Loyal,No
C007581,20,Male,New,Yes
C007582,45,Female,Loyal,Yes
C007583,32,Male,Returning,No
C007584,23,Male,Returning,No
C007585,52,Male,Returning,No
C007586,52,Female,Loyal,No
C007587,21,Female,New,No
C007588,28,Female,Returning,Yes
C007589,21,Male,Loyal,No
C007590,60,Male,New,Yes
C007591,37,Female,Returning,Yes
C007592,20,Female,Returning,No
C007593,28,Female,Loyal,No
C007594,79,Male,Loyal,No
C007595,32,Male,New,No
C007596,60,Female,Returning,Yes
C007597,46,Male,Returning,No
C007598,27,Male,Returning,Yes
C007599,35,Male,New,Yes
C007600,16,Male,New,No
C007601,64,Female,Returning,Yes
C007602,37,Male,New,No
C007603,48,Male,Returning,No
C007604,25,Male,New,Yes
C007605,69,Male,Loyal,No
C007606,30,Female,Loyal,Yes
C007607,52,Male,Returning,No
C007608,72,Male,Loyal,No
C007609,62,Female,Loyal,Yes
C007610,55,Male,Loyal,No
C007611,73,Female,Returning,No
C007612,27,Male,Returning,No
C007613,78,Female,Loyal,No
C007614,52,Female,Returning,Yes
C007615,42,Male,Returning,No
C007616,32,Male,Returning,No
C007617,64,Male,New,No
C007618,79,Male,Loyal,No
C007619,60,Female,Loyal,No
C007620,18,Male,New,No
C007621,46,Male,New,No
C007622,63,Female,Loyal,No
C007623,41,Male,New,No
C007624,66,Female,Returning,Yes
C007625,61,Female,Returning,No
C007626,20,Male,Returning,Yes
C007627,52,Male,New,No
C007628,27,Female,New,Yes
C007629,47,Male,Returning,Yes
C007630,40,Female,New,No
C007631,68,Other,Loyal,No
C007632,72,Female,Loyal,No
C007633,45,Female,Loyal,No
C007634,50,Female,Returning,No
C007635,56,Female,Returning,Yes
C007636,58,Female,New,No
C007637,57,Male,Returning,No
C007638,66,Male,Returning,No
C007639,79,Male,Loyal,No
C007640,69,Female,Returning,No
C007641,24,Male,New,No
C007642,46,Female,Returning,Yes
C007643,45,Male,Returning,No
C007644,49,Male,Loyal,No
C007645,50,Female,New,No
C007646,62,Female,Returning,No
C007647,43,Male,New,No
C007648,33,Female,Loyal,No
C007649,45,Male,Returning,Yes
C007650,71,Male,Loyal,Yes
C007651,36,Female,Returning,No
C007652,17,Female,Loyal,No
C007653,79,Female,Returning,Yes
C007654,28,Male,New,No
C007655,55,Female,Returning,No
C007656,68,Female,New,No
C007657,33,Female,Loyal,No
C007658,38,Male,Loyal,No
C007659,34,Male,Returning,No
C007660,25,Male,New,No
C007661,25,Male,Loyal,Yes
C007662,28,Male,Loyal,No
C007663,45,Male,Returning,No
C007664,50,Female,Returning,Yes
C007665,17,Female,New,No
C007666,71,Male,New,No
C007667,59,Female,Loyal,No
C007668,20,Female,Returning,No
C007669,70,Male,New,No
C007670,17,Male,Returning,No
C007671,52,Female,Returning,No
C007672,46,Female,New,No
C007673,48,Female,Loyal,Yes
C007674,78,Female,New,No
C007675,76,Female,New,No
C007676,34,Male,Loyal,No
C007677,53,Male,New,No
C007678,78,Female,New,Yes
C007679,63,Female,Returning,No
C007680,73,Male,New,Yes
C007681,44,Female,Returning,No
C007682,34,Female,Returning,No
C007683,49,Female,Loyal,No
C007684,69,Male,Loyal,No
C007685,76,Female,New,No
C007686,60,Female,Returning,No
C007687,61,Male,Returning,Yes
C007688,49,Male,New,No
C007689,36,Male,New,No
C007690,43,Male,Returning,No
C007691,48,Male,Returning,Yes
C007692,69,Female,Loyal,No
C007693,52,Female,New,Yes
C007694,67,Female,New,Yes
C007695,17,Female,Loyal,No
C007696,65,Female,Loyal,No
C007697,48,Female,Returning,No
C007698,80,Male,Loyal,Yes
C007699,46,Male,Loyal,No
C007700,47,Female,New,No
C007701,24,Female,Returning,No
C007702,68,Female,Returning,Yes
C007703,61,Female,New,No
C007704,72,Female,Loyal,No
C007705,22,Female,Loyal,No
C007706,29,Female,Returning,Yes
C007707,73,Male,New,No
C007708,18,Male,Loyal,No
C007709,49,Male,Returning,Yes
C007710,42,Female,New,No
C007711,77,Female,Returning,No
C007712,71,Female,Returning,No
C007713,74,Male,New,Yes
C007714,34,Female,New,No
C007715,54,Female,Loyal,No
C007716,61,Other,Loyal,No
C007717,78,Female,Returning,No
C007718,16,Female,New,No
C007719,79,Male,New,No
C007720,39,Female,Returning,No
C007721,24,Male,New,Yes
C007722,56,Female,Returning,No
C007723,66,Male,New,Yes
C007724,24,Female,Loyal,No
C007725,18,Male,Loyal,No
C007726,74,Male,Loyal,No
C007727,76,Male,New,Yes
C007728,26,Male,Returning,Yes
C007729,74,Male,New,Yes
C007730,75,Female,Returning,No
C007731,80,Female,Returning,Yes
C007732,30,Female,Loyal,Yes
C007733,53,Female,Loyal,No
C007734,80,Female,New,No
C007735,74,Male,Returning,No
C007736,55,Male,New,No
C007737,28,Male,Returning,No
C007738,21,Female,New,No
C007739,32,Male,Loyal,No
C007740,20,Male,Loyal,Yes
C007741,28,Male,New,No
C007742,20,Male,Loyal,No
C007743,65,Female,Returning,Yes
C007744,54,Female,Returning,Yes
C007745,49,Male,Returning,No
C007746,68,Male,New,Yes
C007747,42,Male,New,No
C007748,42,Male,New,Yes
C007749,29,Male,Returning,Yes
C007750,44,Male,New,No
C007751,27,Male,Returning,No
C007752,54,Male,Loyal,No
C007753,80,Female,Returning,No
C007754,50,Female,New,Yes
C007755,35,Female,Returning,Yes
C007756,60,Female,New,No
C007757,69,Male,Loyal,Yes
C007758,46,Male,New,No
C007759,32,Female,New,No
C007760,62,Female,Loyal,Yes
C007761,28,Female,New,No
C007762,80,Male,New,No
C007763,36,Male,New,Yes
C007764,38,Female,New,No
C007765,63,Female,Loyal,No
C007766,16,Male,New,No
C007767,29,Male,New,No
C007768,24,Male,Loyal,No
C007769,41,Male,New,No
C007770,51,Female,New,No
C007771,27,Female,New,Yes
C007772,38,Female,Loyal,No
C007773,66,Female,Returning,Yes
C007774,77,Female,Returning,No
C007775,16,Female,Returning,No
C007776,56,Female,Returning,Yes
C007777,17,Male,Loyal,No
C007778,49,Female,Loyal,Yes
C007779,73,Male,Returning,Yes
C007780,67,Female,Loyal,No
C007781,31,Female,New,No
C007782,32,Female,Returning,No
C007783,66,Female,Returning,No
C007784,69,Female,New,No
C007785,34,Male,New,No
C007786,16,Male,New,No
C007787,44,Female,New,No
C007788,56,Female,Loyal,No
C007789,44,Female,New,No
C007790,76,Male,Returning,No
C007791,68,Female,New,No
C007792,67,Female,Returning,No
C007793,17,Male,New,No
C007794,71,Male,New,No
C007795,65,Male,Returning,No
C007796,41,Female,New,No
C007797,54,Female,New,Yes
C007798,69,Female,Returning,No
C007799,74,Male,Loyal,No
C007800,51,Male,Returning,No
C007801,18,Female,Returning,No
C007802,56,Male,Returning,No
C007803,60,Female,Returning,No
C007804,19,Male,Returning,Yes
C007805,69,Female,Returning,Yes
C007806,29,Female,Returning,No
C007807,73,Female,Loyal,Yes
C007808,51,Male,Returning,No
C007809,36,Female,New,No
C007810,19,Female,Returning,No
C007811,17,Male,Loyal,No
C007812,64,Male,Loyal,No
C007813,40,Male,New,Yes
C007814,70,Male,Returning,Yes
C007815,30,Male,Loyal,No
C007816,75,Male,New,No
C007817,77,Female,Returning,Yes
C007818,22,Female,New,Yes
C007819,58,Female,Loyal,No
C007820,77,Female,New,No
C007821,37,Female,Returning,No
C007822,20,Female,New,No
C007823,72,Female,New,No
C007824,46,Male,New,No
C007825,17,Male,New,No
C007826,70,Male,Loyal,No
C007827,60,Male,New,No
C007828,20,Female,New,Yes
C007829,32,Female,Loyal,No
C007830,17,Female,New,Yes
C007831,78,Male,Returning,No
C007832,17,Female,New,No
C007833,67,Male,Loyal,Yes
C007834,49,Female,Returning,No
C007835,53,Female,New,No
C007836,68,Male,Returning,No
C007837,74,Female,New,No
C007838,24,Male,New,No
C007839,17,Male,Returning,Yes
C007840,24,Male,Returning,No
C007841,60,Male,Returning,No
C007842,52,Female,New,No
C007843,21,Female,Loyal,No
C007844,31,Male,New,No
C007845,50,Female,Returning,No
C007846,63,Female,New,Yes
C007847,38,Female,Returning,No
C007848,77,Male,Returning,Yes
C007849,80,Female,Returning,No
C007850,65,Other,Loyal,Yes
C007851,45,Female,Returning,No
C007852,73,Female,Loyal,No
C007853,63,Female,Loyal,No
C007854,49,Female,Loyal,No
C007855,44,Female,New,Yes
C007856,70,Male,New,No
C007857,52,Female,Returning,No
C007858,27,Female,New,No
C007859,80,Female,Loyal,Yes
C007860,20,Female,New,No
C007861,61,Male,Loyal,No
C007862,58,Female,New,No
C007863,54,Male,Loyal,No
C007864,19,Female,Returning,No
C007865,48,Female,New,No
C007866,74,Male,Returning,No
C007867,31,Female,Returning,Yes
C007868,60,Male,Loyal,Yes
C007869,71,Female,Returning,No
C007870,77,Female,Returning,No
C007871,49,Male,New,No
C007872,36,Female,Returning,No
C007873,61,Male,New,Yes
C007874,47,Male,Loyal,No
C007875,56,Female,Returning,Yes
C007876,64,Female,Loyal,No
C007877,62,Male,Loyal,Yes
C007878,31,Female,New,No
C007879,65,Male,New,No
C007880,51,Female,New,No
C007881,76,Female,New,Yes
C007882,58,Female,New,No
C007883,73,Male,Loyal,Yes
C007884,79,Male,Returning,No
C007885,80,Male,Returning,No
C007886,64,Female,Returning,Yes
C007887,54,Female,New,No
C007888,23,Female,Returning,Yes
C007889,41,Female,New,No
C007890,46,Female,Loyal,No
C007891,66,Male,Returning,No
C007892,54,Female,New,No
C007893,44,Female,Returning,No
C007894,25,Male,Returning,Yes
C007895,62,Female,New,No
C007896,44,Male,New,No
C007897,18,Female,New,No
C007898,34,Female,Loyal,Yes
C007899,73,Male,Loyal,Yes
C007900,23,Male,Returning,No
C007901,42,Male,New,No
C007902,49,Female,New,No
C007903,21,Female,Returning,No
C007904,26,Male,New,No
C007905,77,Female,Returning,No
C007906,54,Male,New,No
C007907,29,Female,New,Yes
C007908,27,Female,Returning,No
C007909,43,Female,New,No
C007910,63,Male,Returning,No
C007911,63,Female,Loyal,No
C007912,28,Male,Returning,No
C007913,63,Female,Loyal,No
C007914,74,Female,Returning,No
C007915,30,Female,Loyal,No
C007916,17,Male,Returning,No
C007917,78,Male,Loyal,No
C007918,49,Female,Returning,No
C007919,66,Female,Returning,No
C007920,36,Male,New,No
C007921,35,Female,Returning,No
C007922,30,Male,New,Yes
C007923,30,Male,Loyal,No
C007924,46,Female,Returning,No
C007925,22,Male,New,No
C007926,70,Male,Returning,No
C007927,49,Female,Loyal,No
C007928,75,Female,Loyal,Yes
C007929,48,Female,Returning,No
C007930,35,Male,New,No
C007931,49,Male,Loyal,No
C007932,26,Female,Loyal,Yes
C007933,69,Female,Loyal,No
C007934,62,Female,Returning,Yes
C007935,25,Female,New,Yes
C007936,53,Female,Loyal,No
C007937,50,Female,New,No
C007938,29,Female,New,Yes
C007939,23,Male,Returning,Yes
C007940,65,Male,Returning,Yes
C007941,33,Female,Loyal,No
C007942,49,Male,Returning,Yes
C007943,32,Female,New,No
C007944,58,Female,Returning,Yes
C007945,19,Male,Loyal,No
C007946,39,Male,Loyal,Yes
C007947,51,Female,New,No
C007948,44,Female,New,No
C007949,55,Male,New,No
C007950,27,Female,Loyal,Yes
C007951,44,Male,Returning,Yes
C007952,65,Female,Returning,No
C007953,37,Female,New,No
C007954,26,Male,Loyal,No
C007955,71,Male,Loyal,No
C007956,66,Female,Returning,No
C007957,60,Male,New,No
C007958,67,Male,Returning,No
C007959,66,Female,Loyal,No
C007960,64,Female,Returning,Yes
C007961,49,Female,Loyal,Yes
C007962,17,Male,New,No
C007963,54,Male,New,No
C007964,33,Female,New,No
C007965,66,Male,New,No
C007966,46,Female,New,No
C007967,74,Male,Returning,No
C007968,54,Male,Returning,Yes
C007969,51,Female,Loyal,No
C007970,75,Female,Returning,No
C007971,46,Female,New,Yes
C007972,40,Male,New,No
C007973,40,Female,New,Yes
C007974,72,Male,Returning,No
C007975,65,Female,Returning,No
C007976,26,Female,Returning,No
C007977,48,Male,Loyal,No
C007978,40,Female,New,No
C007979,58,Male,Returning,Yes
C007980,19,Female,New,Yes
C007981,62,Female,New,Yes
C007982,64,Female,New,No
C007983,30,Female,Returning,Yes
C007984,25,Male,Loyal,No
C007985,56,Female,New,No
C007986,32,Female,Returning,No
C007987,77,Female,Loyal,No
C007988,66,Male,Loyal,No
C007989,78,Male,Returning,No
C007990,50,Male,Returning,No
C007991,77,Male,New,No
C007992,16,Female,Returning,Yes
C007993,34,Female,New,Yes
C007994,16,Female,Returning,No
C007995,60,Female,New,Yes
C007996,49,Male,Returning,No
C007997,34,Male,Returning,Yes
C007998,35,Female,New,No
C007999,57,Male,Returning,No
C008000,27,Female,New,Yes
C008001,49,Male,Loyal,Yes
C008002,55,Female,Loyal,No
C008003,31,Male,New,No
C008004,30,Female,New,No
C008005,39,Male,Loyal,Yes
C008006,54,Male,Loyal,No
C008007,32,Female,Loyal,Yes
C008008,40,Female,New,No
C008009,51,Male,New,No
C008010,28,Male,Loyal,Yes
C008011,52,Male,Returning,No
C008012,24,Male,New,Yes
C008013,25,Male,Loyal,Yes
C008014,31,Male,Returning,No
C008015,34,Female,New,Yes
C008016,17,Male,Loyal,No
C008017,78,Female,Returning,No
C008018,36,Female,New,No
C008019,68,Other,New,Yes
C008020,74,Female,Returning,Yes
C008021,68,Female,Returning,No
C008022,70,Male,New,No
C008023,22,Male,Returning,No
C008024,40,Female,Returning,No
C008025,64,Female,Returning,No
C008026,53,Female,Loyal,No
C008027,16,Female,New,No
C008028,52,Female,Loyal,No
C008029,68,Female,New,No
C008030,69,Male,New,Yes
C008031,40,Male,New,No
C008032,31,Male,Loyal,No
C008033,36,Male,New,No
C008034,35,Male,New,Yes
C008035,38,Male,New,Yes
C008036,35,Female,Returning,No
C008037,45,Male,New,No
C008038,18,Male,New,No
C008039,33,Female,Returning,No
C008040,36,Female,Loyal,Yes
C008041,25,Female,Loyal,Yes
C008042,73,Female,Loyal,No
C008043,59,Male,New,No
C008044,75,Female,New,No
C008045,52,Female,New,Yes
C008046,23,Female,Loyal,No
C008047,74,Male,Returning,No
C008048,45,Female,Returning,No
C008049,60,Female,Returning,No
C008050,40,Male,Returning,No
C008051,48,Male,Returning,No
C008052,47,Female,New,Yes
C008053,34,Male,Returning,Yes
C008054,52,Female,New,No
C008055,63,Male,New,No
C008056,17,Male,New,No
C008057,24,Male,Loyal,No
C008058,70,Female,Loyal,Yes
C008059,53,Male,Loyal,No
C008060,79,Female,Loyal,Yes
C008061,55,Female,New,No
C008062,58,Male,New,No
C008063,74,Male,New,No
C008064,58,Female,New,No
C008065,37,Male,Returning,No
C008066,50,Female,New,No
C008067,31,Male,Loyal,No
C008068,37,Female,Returning,Yes
C008069,60,Female,New,No
C008070,25,Male,Loyal,No
C008071,59,Female,Loyal,No
C008072,53,Male,Returning,No
C008073,36,Female,New,No
C008074,18,Male,Returning,No
C008075,61,Female,Returning,No
C008076,69,Male,Returning,No
C008077,63,Male,New,Yes
C008078,43,Male,Loyal,No
C008079,58,Female,New,No
C008080,42,Male,Loyal,Yes
C008081,39,Male,New,No
C008082,37,Female,Loyal,Yes
C008083,29,Male,New,No
C008084,79,Male,Loyal,Yes
C008085,59,Male,Loyal,No
C008086,27,Female,New,No
C008087,72,Female,New,No
C008088,25,Male,Loyal,Yes
C008089,54,Male,Loyal,No
C008090,26,Female,Loyal,No
C008091,39,Male,Returning,Yes
C008092,58,Female,New,Yes
C008093,80,Female,Returning,No
C008094,80,Male,Returning,No
C008095,74,Male,New,Yes
C008096,31,Male,New,Yes
C008097,22,Male,Loyal,No
C008098,74,Female,Returning,No
C008099,76,Female,Returning,Yes
C008100,34,Female,Loyal,Yes
C008101,17,Male,Returning,Yes
C008102,58,Female,New,No
C008103,20,Male,Loyal,No
C008104,18,Female,Loyal,No
C008105,76,Female,New,No
C008106,48,Female,New,No
C008107,23,Male,New,No
C008108,58,Female,New,No
C008109,39,Male,New,No
C008110,50,Male,New,No
C008111,74,Female,Returning,No
C008112,31,Male,New,No
C008113,58,Female,Loyal,Yes
C008114,69,Female,Returning,No
C008115,43,Female,New,Yes
C008116,79,Male,Loyal,Yes
C008117,45,Male,Returning,No
C008118,45,Female,Loyal,No
C008119,73,Male,Loyal,Yes
C008120,57,Male,Loyal,No
C008121,72,Male,Loyal,No
C008122,67,Male,Returning,Yes
C008123,62,Male,New,No
C008124,31,Male,Returning,No
C008125,41,Female,Returning,No
C008126,72,Male,Loyal,Yes
C008127,56,Female,Returning,No
C008128,34,Male,New,No
C008129,37,Male,Returning,No
C008130,66,Female,Returning,No
C008131,27,Female,Returning,Yes
C008132,23,Male,Returning,No
C008133,65,Male,Loyal,No
C008134,34,Male,New,No
C008135,65,Male,Loyal,No
C008136,50,Female,Loyal,No
C008137,80,Female,New,No
C008138,50,Male,New,No
C008139,72,Female,Loyal,Yes
C008140,71,Male,Loyal,No
C008141,29,Female,New,No
C008142,80,Female,Returning,No
C008143,64,Male,New,No
C008144,22,Male,Returning,No
C008145,16,Male,New,No
C008146,33,Female,New,No
C008147,17,Male,Returning,No
C008148,39,Female,Returning,Yes
C008149,80,Male,New,Yes
C008150,47,Male,Returning,No
C008151,17,Female,Loyal,No
C008152,48,Male,Returning,No
C008153,30,Male,Loyal,No
C008154,71,Female,Loyal,No
C008155,21,Male,New,No
C008156,66,Female,New,No
C008157,44,Male,Returning,No
C008158,17,Female,Returning,Yes
C008159,59,Female,Loyal,No
C008160,45,Male,New,No
C008161,66,Female,New,Yes
C008162,56,Other,Loyal,No
C008163,67,Female,Loyal,No
C008164,45,Female,Returning,No
C008165,16,Female,Returning,No
C008166,24,Female,Loyal,No
C008167,45,Female,Returning,No
C008168,41,Female,Loyal,Yes
C008169,67,Female,Loyal,No
C008170,42,Female,New,Yes
C008171,71,Female,New,No
C008172,28,Female,Loyal,No
C008173,41,Female,Returning,No
C008174,65,Female,New,No
C008175,24,Female,Returning,No
C008176,36,Female,Returning,Yes
C008177,64,Female,New,No
C008178,54,Female,Returning,Yes
C008179,66,Male,New,No
C008180,49,Female,New,No
C008181,71,Female,New,Yes
C008182,73,Male,Returning,No
C008183,79,Female,Loyal,No
C008184,23,Female,Returning,No
C008185,54,Male,Loyal,No
C008186,23,Male,New,No
C008187,30,Male,New,No
C008188,35,Male,Returning,No
C008189,57,Male,Loyal,No
C008190,44,Male,Returning,No
C008191,72,Female,Loyal,No
C008192,35,Male,New,No
C008193,56,Male,Loyal,No
C008194,65,Female,Loyal,No
C008195,79,Female,Loyal,Yes
C008196,31,Male,New,No
C008197,63,Male,New,No
C008198,21,Male,Returning,Yes
C008199,51,Female,Returning,No
C008200,42,Male,Loyal,No
C008201,78,Female,New,No
C008202,66,Male,Returning,Yes
C008203,76,Female,New,Yes
C008204,71,Female,Returning,No
C008205,42,Female,New,Yes
C008206,63,Female,Loyal,Yes
C008207,17,Female,New,No
C008208,52,Male,Returning,No
C008209,19,Female,New,No
C008210,63,Male,New,No
C008211,78,Male,Returning,Yes
C008212,60,Female,New,No
C008213,70,Male,Returning,No
C008214,31,Male,New,Yes
C008215,80,Male,Returning,Yes
C008216,51,Male,Loyal,No
C008217,59,Male,Loyal,No
C008218,66,Other,New,No
C008219,57,Female,Returning,Yes
C008220,36,Female,New,No
C008221,55,Male,Returning,No
C008222,58,Female,Loyal,No
C008223,71,Male,New,Yes
C008224,47,Female,New,No
C008225,48,Female,Loyal,No
C008226,48,Male,Returning,Yes
C008227,23,Female,New,No
C008228,21,Female,Loyal,Yes
C008229,17,Male,New,No
C008230,59,Male,Loyal,Yes
C008231,43,Male,New,No
C008232,72,Female,Loyal,No
C008233,61,Male,Loyal,No
C008234,25,Male,New,No
C008235,22,Male,Loyal,No
C008236,39,Female,New,Yes
C008237,75,Female,Loyal,No
C008238,19,Male,Returning,No
C008239,28,Male,New,No
C008240,17,Female,Returning,No
C008241,42,Male,New,No
C008242,80,Male,Returning,Yes
C008243,60,Female,Returning,Yes
C008244,48,Female,Returning,No
C008245,25,Female,Loyal,No
C008246,39,Male,Loyal,No
C008247,50,Male,Returning,Yes
C008248,33,Male,Returning,No
C008249,61,Male,New,No
C008250,79,Male,Loyal,No
C008251,29,Female,Loyal,Yes
C008252,32,Male,Loyal,No
C008253,24,Male,Loyal,No
C008254,63,Female,New,No
C008255,46,Male,New,Yes
C008256,34,Female,Returning,Yes
C008257,30,Male,New,Yes
C008258,20,Male,Returning,Yes
C008259,46,Male,New,No
C008260,60,Male,Returning,No
C008261,31,Female,Returning,Yes
C008262,16,Female,New,No
C008263,46,Male,Returning,No
C008264,59,Female,New,No
C008265,38,Female,New,No
C008266,32,Male,Returning,No
C008267,26,Female,New,No
C008268,64,Female,New,Yes
C008269,72,Female,New,No
C008270,66,Female,New,No
C008271,49,Male,New,Yes
C008272,63,Female,Returning,No
C008273,41,Female,Loyal,Yes
C008274,17,Male,New,No
C008275,39,Female,New,No
C008276,61,Male,New,Yes
C008277,58,Female,New,No
C008278,80,Female,New,Yes
C008279,80,Male,Returning,No
C008280,31,Male,Returning,No
C008281,16,Male,Loyal,No
C008282,33,Female,Loyal,Yes
C008283,72,Female,Loyal,No
C008284,68,Female,New,No
C008285,22,Male,New,No
C008286,26,Female,Returning,No
C008287,52,Male,Returning,No
C008288,58,Male,Returning,No
C008289,79,Female,Returning,Yes
C008290,65,Female,Loyal,Yes
C008291,29,Female,Returning,Yes
C008292,18,Male,Loyal,Yes
C008293,57,Male,Loyal,No
C008294,51,Male,Returning,No
C008295,75,Female,New,No
C008296,53,Female,New,Yes
C008297,48,Female,New,Yes
C008298,35,Female,Loyal,No
C008299,21,Male,Loyal,Yes
C008300,72,Male,New,No
C008301,69,Male,New,Yes
C008302,26,Male,Loyal,Yes
C008303,61,Female,Returning,No
C008304,39,Male,Loyal,No
C008305,44,Male,New,No
C008306,71,Female,New,No
C008307,70,Female,New,Yes
C008308,28,Male,New,No
C008309,35,Male,Returning,No
C008310,69,Female,New,No
C008311,75,Male,Returning,No
C008312,21,Male,Loyal,No
C008313,70,Male,New,Yes
C008314,47,Female,Loyal,Yes
C008315,54,Female,New,No
C008316,20,Male,Returning,No
C008317,60,Female,New,No
C008318,60,Female,Loyal,Yes
C008319,59,Male,New,No
C008320,67,Female,Returning,No
C008321,77,Female,Loyal,No
C008322,71,Male,New,No
C008323,64,Female,Loyal,Yes
C008324,79,Male,Returning,No
C008325,59,Female,New,No
C008326,59,Female,New,Yes
C008327,51,Female,Loyal,No
C008328,65,Female,Loyal,Yes
C008329,20,Female,New,No
C008330,48,Male,Loyal,No
C008331,43,Male,Loyal,No
C008332,75,Female,Returning,No
C008333,20,Female,Loyal,No
C008334,57,Male,New,No
C008335,27,Female,Returning,No
C008336,73,Female,Loyal,No
C008337,71,Female,Loyal,No
C008338,31,Female,New,No
C008339,72,Male,Returning,No
C008340,48,Female,New,No
C008341,79,Male,New,No
C008342,63,Female,New,Yes
C008343,18,Female,New,Yes
C008344,29,Male,Returning,No
C008345,42,Female,New,No
C008346,29,Male,Loyal,No
C008347,24,Male,Loyal,No
C008348,79,Male,Returning,Yes
C008349,72,Female,New,No
C008350,44,Female,Loyal,No
C008351,29,Female,New,No
C008352,27,Male,Returning,No
C008353,75,Male,New,No
C008354,37,Female,Loyal,No
C008355,16,Female,New,Yes
C008356,41,Female,Loyal,No
C008357,45,Female,Loyal,Yes
C008358,56,Female,Loyal,No
C008359,38,Male,Loyal,No
C008360,75,Male,Returning,Yes
C008361,57,Female,Loyal,No
C008362,80,Female,New,Yes
C008363,39,Female,Loyal,No
C008364,58,Female,New,No
C008365,39,Male,New,No
C008366,61,Female,Returning,No
C008367,64,Male,Loyal,No
C008368,36,Male,New,No
C008369,76,Female,Returning,Yes
C008370,71,Male,Returning,Yes
C008371,74,Male,Returning,No
C008372,30,Other,New,No
C008373,62,Female,Returning,Yes
C008374,22,Other,Returning,No
C008375,22,Female,Loyal,No
C008376,79,Female,Loyal,No
C008377,25,Male,New,Yes
C008378,72,Female,New,No
C008379,44,Female,Returning,Yes
C008380,35,Female,Returning,No
C008381,20,Female,Returning,Yes
C008382,59,Female,Loyal,Yes
C008383,62,Female,New,No
C008384,46,Male,Loyal,Yes
C008385,68,Male,New,No
C008386,37,Female,Loyal,Yes
C008387,51,Male,Returning,No
C008388,34,Male,Loyal,Yes
C008389,53,Male,New,No
C008390,24,Male,Returning,Yes
C008391,46,Male,New,Yes
C008392,51,Female,Returning,No
C008393,52,Male,Loyal,No
C008394,45,Male,Loyal,No
C008395,57,Male,Returning,No
C008396,49,Female,New,No
C008397,34,Male,Loyal,No
C008398,29,Male,New,No
C008399,58,Female,Returning,No
C008400,77,Male,New,No
C008401,64,Male,Loyal,No
C008402,57,Male,New,No
C008403,75,Female,Returning,No
C008404,74,Male,New,No
C008405,48,Male,Returning,No
C008406,23,Female,New,No
C008407,57,Male,Loyal,No
C008408,56,Female,Loyal,No
C008409,34,Male,Loyal,No
C008410,71,Male,Returning,No
C008411,72,Male,Returning,Yes
C008412,37,Male,Returning,No
C008413,46,Female,Loyal,Yes
C008414,28,Male,New,No
C008415,27,Female,New,No
C008416,33,Female,New,No
C008417,39,Female,Returning,Yes
C008418,33,Male,Loyal,Yes
C008419,25,Male,New,No
C008420,45,Female,Returning,Yes
C008421,56,Female,New,No
C008422,37,Female,New,No
C008423,50,Female,Loyal,No
C008424,33,Female,Loyal,No
C008425,61,Male,Loyal,No
C008426,58,Male,Returning,Yes
C008427,78,Male,Loyal,No
C008428,19,Female,Returning,Yes
C008429,71,Female,Returning,No
C008430,38,Female,New,No
C008431,20,Male,New,Yes
C008432,60,Male,New,No
C008433,27,Male,Returning,No
C008434,27,Female,Loyal,No
C008435,79,Male,Returning,No
C008436,30,Male,New,Yes
C008437,51,Female,Loyal,No
C008438,29,Male,New,No
C008439,24,Male,Loyal,Yes
C008440,16,Female,Returning,No
C008441,17,Male,Returning,No
C008442,46,Male,New,No
C008443,44,Male,New,No
C008444,18,Female,Returning,No
C008445,38,Female,Returning,No
C008446,33,Male,New,No
C008447,53,Female,Returning,No
C008448,80,Female,New,No
C008449,60,Female,Loyal,No
C008450,75,Female,Returning,Yes
C008451,28,Male,Returning,No
C008452,29,Male,Returning,No
C008453,64,Female,Loyal,No
C008454,36,Male,New,Yes
C008455,71,Female,Returning,No
C008456,46,Female,Loyal,Yes
C008457,29,Female,Returning,No
C008458,70,Female,New,No
C008459,51,Female,New,No
C008460,68,Male,Loyal,No
C008461,45,Female,New,No
C008462,24,Male,New,No
C008463,60,Female,Loyal,No
C008464,24,Male,Loyal,No
C008465,59,Male,Returning,No
C008466,43,Female,New,No
C008467,67,Male,Returning,No
C008468,72,Male,Loyal,No
C008469,42,Female,New,No
C008470,73,Male,New,No
C008471,23,Male,Loyal,No
C008472,22,Female,Loyal,Yes
C008473,80,Male,Returning,No
C008474,53,Female,Loyal,No
C008475,45,Male,Returning,No
C008476,26,Male,Loyal,No
C008477,34,Male,New,No
C008478,60,Male,Returning,No
C008479,69,Male,Returning,No
C008480,75,Female,Returning,Yes
C008481,42,Female,New,Yes
C008482,45,Male,Returning,Yes
C008483,26,Female,Returning,Yes
C008484,21,Male,New,No
C008485,44,Female,Returning,No
C008486,53,Female,Returning,No
C008487,22,Female,Returning,Yes
C008488,42,Male,Returning,No
C008489,57,Female,New,No
C008490,68,Female,New,No
C008491,77,Male,Loyal,Yes
C008492,38,Male,Loyal,No
C008493,41,Male,Returning,Yes
C008494,72,Female,Returning,No
C008495,61,Female,New,No
C008496,33,Male,Returning,Yes
C008497,60,Female,Returning,Yes
C008498,26,Female,Returning,No
C008499,45,Male,New,Yes
C008500,35,Female,New,No
C008501,80,Male,Loyal,Yes
C008502,18,Female,Returning,Yes
C008503,71,Female,Loyal,No
C008504,34,Female,Returning,No
C008505,18,Male,Loyal,No
C008506,58,Male,New,Yes
C008507,60,Male,New,No
C008508,25,Female,Returning,Yes
C008509,18,Male,Returning,Yes
C008510,23,Male,New,No
C008511,42,Male,Returning,No
C008512,24,Male,New,No
C008513,61,Male,New,No
C008514,21,Male,Loyal,No
C008515,67,Female,Returning,No
C008516,72,Male,New,No
C008517,62,Female,New,No
C008518,77,Other,Loyal,No
C008519,77,Female,Loyal,Yes
C008520,19,Female,New,No
C008521,38,Female,Returning,No
C008522,65,Male,Returning,No
C008523,38,Female,New,No
C008524,63,Male,Returning,No
C008525,66,Male,New,No
C008526,80,Female,New,No
C008527,37,Male,Returning,No
C008528,38,Male,New,Yes
C008529,17,Male,Returning,Yes
C008530,34,Female,New,No
C008531,34,Male,Returning,No
C008532,45,Female,Loyal,No
C008533,43,Male,Returning,Yes
C008534,71,Male,Returning,Yes
C008535,66,Female,Returning,No
C008536,63,Female,Loyal,No
C008537,16,Male,Returning,No
C008538,46,Female,New,Yes
C008539,63,Female,New,No
C008540,31,Female,Returning,No
C008541,43,Male,Loyal,No
C008542,63,Female,New,No
C008543,67,Female,Returning,Yes
C008544,71,Male,Returning,No
C008545,43,Male,Returning,No
C008546,41,Male,Returning,No
C008547,40,Male,New,No
C008548,59,Female,Returning,No
C008549,43,Female,Loyal,No
C008550,42,Female,Loyal,No
C008551,26,Female,Returning,No
C008552,47,Female,New,Yes
C008553,31,Male,Returning,Yes
C008554,50,Female,Loyal,No
C008555,73,Female,Returning,No
C008556,66,Male,New,No
C008557,47,Female,New,Yes
C008558,79,Male,Returning,No
C008559,79,Female,Returning,Yes
C008560,44,Male,New,No
C008561,65,Female,Returning,No
C008562,38,Female,Loyal,No
C008563,73,Male,New,Yes
C008564,40,Female,Returning,No
C008565,32,Female,Loyal,No
C008566,24,Female,Loyal,Yes
C008567,70,Female,New,No
C008568,35,Female,New,Yes
C008569,68,Male,Returning,No
C008570,21,Male,New,No
C008571,48,Male,Returning,Yes
C008572,43,Male,Returning,No
C008573,44,Female,Loyal,No
C008574,26,Male,Returning,Yes
C008575,20,Female,Loyal,No
C008576,38,Female,Returning,Yes
C008577,46,Male,Returning,No
C008578,67,Male,New,Yes
C008579,46,Female,Loyal,Yes
C008580,31,Male,Returning,No
C008581,33,Male,New,No
C008582,55,Female,New,No
C008583,44,Male,Returning,No
C008584,74,Male,New,No
C008585,44,Male,Loyal,No
C008586,52,Male,New,Yes
C008587,20,Female,Returning,No
C008588,28,Male,New,No
C008589,71,Female,Returning,Yes
C008590,38,Male,Loyal,Yes
C008591,43,Male,New,No
C008592,54,Male,New,No
C008593,19,Female,New,Yes
C008594,48,Female,New,No
C008595,38,Male,Returning,Yes
C008596,25,Female,New,No
C008597,43,Female,Returning,No
C008598,45,Female,Returning,Yes
C008599,28,Male,Loyal,No
C008600,51,Female,New,No
C008601,64,Male,Loyal,No
C008602,33,Female,Loyal,No
C008603,78,Male,Returning,No
C008604,55,Female,Returning,No
C008605,66,Female,Returning,No
C008606,20,Female,New,No
C008607,65,Female,Loyal,No
C008608,37,Male,Loyal,No
C008609,62,Male,New,No
C008610,68,Male,New,Yes
C008611,32,Male,New,No
C008612,32,Male,Returning,No
C008613,19,Male,Loyal,No
C008614,55,Male,New,Yes
C008615,66,Female,Returning,No
C008616,42,Female,Loyal,Yes
C008617,26,Male,New,No
C008618,36,Male,Returning,No
C008619,42,Male,Returning,No
C008620,75,Female,New,No
C008621,24,Male,Returning,Yes
C008622,38,Female,New,No
C008623,57,Female,Returning,No
C008624,31,Male,New,Yes
C008625,73,Male,Loyal,No
C008626,75,Female,Returning,No
C008627,40,Female,Loyal,No
C008628,64,Male,Returning,No
C008629,65,Female,Returning,Yes
C008630,60,Female,New,No
C008631,28,Male,Returning,No
C008632,19,Male,Returning,Yes
C008633,38,Female,Returning,No
C008634,24,Male,Returning,No
C008635,35,Male,New,Yes
C008636,57,Female,New,No
C008637,54,Female,New,No
C008638,29,Female,New,No
C008639,17,Female,Loyal,No
C008640,30,Male,Returning,No
C008641,45,Female,Returning,No
C008642,66,Other,New,Yes
C008643,39,Female,Loyal,No
C008644,34,Male,New,No
C008645,51,Male,New,No
C008646,20,Male,Loyal,Yes
C008647,30,Male,Returning,No
C008648,18,Female,New,Yes
C008649,50,Female,New,No
C008650,44,Male,Returning,No
C008651,53,Male,Returning,Yes
C008652,56,Other,New,No
C008653,41,Female,Returning,No
C008654,72,Female,New,No
C008655,75,Female,Returning,No
C008656,23,Male,Returning,No
C008657,75,Female,Loyal,No
C008658,28,Female,New,No
C008659,32,Male,New,No
C008660,50,Female,New,Yes
C008661,17,Male,New,No
C008662,39,Female,New,No
C008663,28,Male,New,No
C008664,47,Female,Loyal,No
C008665,68,Male,Loyal,Yes
C008666,76,Male,Returning,No
C008667,29,Female,New,Yes
C008668,51,Female,Returning,No
C008669,46,Male,Returning,No
C008670,42,Male,Returning,No
C008671,57,Female,New,No
C008672,80,Male,Loyal,No
C008673,42,Female,New,No
C008674,20,Female,New,Yes
C008675,75,Female,Returning,No
C008676,76,Female,New,Yes
C008677,36,Female,Loyal,No
C008678,48,Female,Returning,No
C008679,72,Female,Loyal,Yes
C008680,48,Female,Loyal,No
C008681,47,Male,Returning,No
C008682,75,Male,Loyal,No
C008683,69,Female,Loyal,No
C008684,48,Female,New,No
C008685,26,Male,New,No
C008686,44,Male,Returning,Yes
C008687,59,Male,Returning,No
C008688,33,Female,Loyal,No
C008689,50,Female,New,No
C008690,58,Female,Loyal,No
C008691,21,Male,Returning,No
C008692,53,Female,New,No
C008693,63,Female,Returning,No
C008694,29,Female,Loyal,No
C008695,51,Male,New,No
C008696,62,Female,Returning,Yes
C008697,18,Male,Returning,No
C008698,57,Female,Returning,No
C008699,32,Female,New,No
C008700,41,Female,Loyal,No
C008701,58,Male,New,No
C008702,16,Female,New,No
C008703,17,Female,Loyal,No
C008704,45,Male,Returning,No
C008705,77,Female,Returning,No
C008706,16,Female,Returning,No
C008707,67,Female,New,No
C008708,20,Male,New,No
C008709,47,Female,Loyal,No
C008710,43,Male,New,Yes
C008711,46,Male,New,No
C008712,21,Male,Loyal,Yes
C008713,64,Female,Loyal,No
C008714,33,Male,Returning,No
C008715,66,Male,New,No
C008716,58,Male,New,Yes
C008717,51,Female,Loyal,No
C008718,36,Male,Returning,No
C008719,58,Male,Loyal,No
C008720,80,Male,Returning,No
C008721,76,Female,Loyal,No
C008722,75,Male,Loyal,No
C008723,30,Male,New,No
C008724,54,Male,New,No
C008725,41,Male,New,No
C008726,78,Male,Returning,No
C008727,77,Female,New,No
C008728,72,Female,New,Yes
C008729,26,Female,Returning,No
C008730,36,Male,Returning,No
C008731,62,Female,Returning,No
C008732,64,Male,Loyal,No
C008733,38,Male,New,No
C008734,24,Male,Returning,No
C008735,24,Male,Returning,No
C008736,60,Male,Returning,Yes
C008737,45,Female,Returning,No
C008738,47,Female,Returning,Yes
C008739,68,Male,Loyal,No
C008740,17,Male,Loyal,No
C008741,65,Female,Loyal,No
C008742,33,Female,Loyal,No
C008743,76,Male,Returning,No
C008744,78,Female,Returning,No
C008745,48,Male,Returning,No
C008746,36,Female,Returning,Yes
C008747,31,Male,New,No
C008748,27,Female,New,No
C008749,80,Male,Loyal,Yes
C008750,28,Male,Returning,Yes
C008751,45,Female,New,No
C008752,47,Female,Returning,No
C008753,60,Male,New,No
C008754,70,Female,Loyal,Yes
C008755,52,Male,New,No
C008756,65,Female,Returning,No
C008757,52,Male,Returning,No
C008758,44,Female,Returning,No
C008759,26,Male,New,No
C008760,29,Male,Loyal,No
C008761,44,Female,Loyal,Yes
C008762,18,Female,New,No
C008763,36,Male,New,Yes
C008764,46,Male,Returning,No
C008765,46,Other,New,Yes
C008766,68,Male,New,No
C008767,78,Male,Returning,No
C008768,63,Male,Returning,No
C008769,21,Male,Loyal,No
C008770,42,Male,Loyal,Yes
C008771,63,Female,Returning,Yes
C008772,54,Male,New,No
C008773,45,Male,New,No
C008774,44,Female,New,No
C008775,42,Female,Returning,No
C008776,53,Male,Returning,No
C008777,27,Male,Loyal,No
C008778,49,Female,Returning,No
C008779,29,Male,New,No
C008780,60,Male,Returning,No
C008781,72,Female,New,No
C008782,49,Male,New,Yes
C008783,41,Female,New,No
C008784,77,Male,New,No
C008785,58,Female,New,Yes
C008786,43,Male,Returning,No
C008787,17,Female,Loyal,No
C008788,17,Male,Loyal,No
C008789,30,Male,New,No
C008790,31,Female,Returning,Yes
C008791,62,Male,Loyal,No
C008792,48,Female,Loyal,No
C008793,80,Male,Loyal,No
C008794,51,Male,Returning,No
C008795,74,Male,Loyal,No
C008796,51,Male,Returning,No
C008797,39,Male,New,No
C008798,62,Female,New,No
C008799,45,Female,Loyal,No
C008800,33,Female,Loyal,No
C008801,46,Female,Returning,Yes
C008802,59,Male,Returning,Yes
C008803,40,Female,New,Yes
C008804,61,Male,Returning,No
C008805,79,Female,Returning,Yes
C008806,42,Female,New,No
C008807,35,Male,Returning,No
C008808,42,Female,Returning,No
C008809,70,Male,Loyal,Yes
C008810,27,Male,Loyal,Yes
C008811,79,Male,New,No
C008812,42,Male,New,No
C008813,70,Male,New,No
C008814,67,Female,New,Yes
C008815,66,Male,Returning,No
C008816,75,Female,Returning,No
C008817,28,Female,New,No
C008818,54,Male,Loyal,No
C008819,22,Male,Loyal,No
C008820,35,Male,New,Yes
C008821,18,Male,Returning,No
C008822,60,Male,New,No
C008823,55,Male,Returning,Yes
C008824,64,Female,Returning,No
C008825,27,Female,New,No
C008826,37,Male,Returning,No
C008827,59,Male,Loyal,No
C008828,69,Female,Returning,No
C008829,73,Female,Returning,Yes
C008830,20,Female,Loyal,No
C008831,42,Male,Loyal,No
C008832,16,Female,Loyal,No
C008833,69,Female,New,Yes
C008834,23,Female,New,Yes
C008835,69,Female,Loyal,No
C008836,26,Female,Loyal,Yes
C008837,16,Male,Returning,No
C008838,73,Female,Loyal,Yes
C008839,44,Female,Returning,No
C008840,43,Male,New,Yes
C008841,58,Male,Loyal,No
C008842,33,Female,Loyal,Yes
C008843,60,Female,Returning,No
C008844,43,Male,Returning,Yes
C008845,33,Male,New,Yes
C008846,41,Female,Returning,No
C008847,16,Male,Returning,No
C008848,35,Female,Returning,Yes
C008849,54,Female,Returning,No
C008850,24,Female,New,Yes
C008851,23,Male,New,No
C008852,58,Female,New,No
C008853,43,Female,Returning,Yes
C008854,24,Female,Returning,No
C008855,64,Female,Returning,Yes
C008856,66,Female,Returning,No
C008857,18,Male,New,No
C008858,29,Male,Loyal,No
C008859,40,Female,Returning,Yes
C008860,63,Female,Returning,Yes
C008861,20,Male,New,Yes
C008862,68,Female,Returning,No
C008863,36,Female,Returning,No
C008864,24,Male,Loyal,No
C008865,72,Male,New,No
C008866,21,Female,Returning,No
C008867,24,Female,Loyal,No
C008868,77,Female,Loyal,No
C008869,49,Female,Loyal,No
C008870,46,Male,New,No
C008871,60,Male,Returning,Yes
C008872,56,Female,New,Yes
C008873,55,Female,Returning,No
C008874,17,Female,Returning,No
C008875,51,Female,Returning,Yes
C008876,34,Male,Loyal,Yes
C008877,68,Female,Loyal,No
C008878,48,Male,New,No
C008879,24,Male,Loyal,Yes
C008880,73,Male,Loyal,No
C008881,34,Male,Returning,No
C008882,33,Male,New,No
C008883,76,Male,New,No
C008884,66,Female,Returning,No
C008885,71,Female,New,No
C008886,59,Female,New,No
C008887,75,Male,New,Yes
C008888,23,Male,Returning,No
C008889,54,Female,Returning,No
C008890,35,Male,New,No
C008891,41,Male,Loyal,No
C008892,31,Male,New,No
C008893,29,Female,Returning,No
C008894,44,Female,Returning,No
C008895,75,Female,Returning,No
C008896,57,Female,New,No
C008897,38,Male,Returning,No
C008898,44,Female,New,No
C008899,50,Female,New,No
C008900,31,Female,Returning,No
C008901,49,Male,New,Yes
C008902,61,Female,Loyal,Yes
C008903,31,Male,Returning,No
C008904,53,Female,New,No
C008905,62,Male,Loyal,No
C008906,49,Female,Returning,No
C008907,34,Female,Returning,No
C008908,52,Other,Loyal,Yes
C008909,67,Male,Returning,Yes
C008910,30,Male,New,Yes
C008911,53,Male,Loyal,No
C008912,60,Female,Loyal,Yes
C008913,36,Male,New,Yes
C008914,41,Female,New,Yes
C008915,73,Male,Returning,No
C008916,39,Male,Returning,No
C008917,54,Male,New,Yes
C008918,25,Male,Loyal,Yes
C008919,76,Male,New,No
C008920,54,Male,Loyal,No
C008921,65,Female,Loyal,No
C008922,55,Male,New,Yes
C008923,39,Male,Returning,Yes
C008924,38,Female,New,No
C008925,61,Male,Returning,Yes
C008926,71,Female,Returning,No
C008927,24,Male,Loyal,No
C008928,70,Male,Returning,No
C008929,69,Female,New,No
C008930,23,Female,New,No
C008931,23,Male,New,No
C008932,61,Female,Returning,Yes
C008933,70,Other,Loyal,Yes
C008934,41,Female,Loyal,No
C008935,57,Female,Returning,No
C008936,80,Female,Loyal,No
C008937,36,Male,New,No
C008938,30,Male,Loyal,No
C008939,80,Male,New,Yes
C008940,34,Male,New,No
C008941,46,Male,Loyal,Yes
C008942,44,Female,Returning,No
C008943,50,Female,Loyal,No
C008944,33,Male,Returning,No
C008945,60,Female,New,Yes
C008946,60,Male,New,No
C008947,29,Male,Returning,No
C008948,47,Male,Returning,Yes
C008949,19,Male,Returning,No
C008950,30,Male,New,No
C008951,80,Male,New,No
C008952,48,Male,Returning,No
C008953,56,Female,New,Yes
C008954,73,Female,Returning,No
C008955,62,Female,New,Yes
C008956,67,Male,Loyal,Yes
C008957,62,Male,Returning,Yes
C008958,48,Male,New,Yes
C008959,57,Female,Loyal,No
C008960,34,Male,Returning,No
C008961,73,Female,Returning,No
C008962,27,Male,New,No
C008963,73,Female,Returning,No
C008964,73,Male,Loyal,Yes
C008965,25,Male,New,No
C008966,62,Female,Returning,No
C008967,80,Female,New,No
C008968,53,Female,Returning,No
C008969,38,Female,Returning,No
C008970,73,Female,New,Yes
C008971,49,Female,New,Yes
C008972,23,Female,Returning,No
C008973,32,Female,Returning,No
C008974,60,Male,Loyal,No
C008975,45,Female,Returning,No
C008976,30,Female,Loyal,Yes
C008977,67,Male,Loyal,No
C008978,23,Female,New,Yes
C008979,30,Male,Loyal,No
C008980,46,Male,Loyal,No
C008981,18,Male,Returning,No
C008982,41,Male,Returning,No
C008983,75,Male,New,Yes
C008984,77,Male,New,No
C008985,72,Male,New,Yes
C008986,37,Female,New,No
C008987,20,Male,Returning,No
C008988,68,Male,Returning,No
C008989,40,Male,New,No
C008990,64,Female,New,No
C008991,23,Female,New,Yes
C008992,59,Female,Loyal,No
C008993,54,Female,Loyal,No
C008994,75,Male,New,Yes
C008995,22,Female,Loyal,Yes
C008996,42,Female,Loyal,No
C008997,80,Female,Loyal,No
C008998,41,Male,Loyal,Yes
C008999,58,Male,Returning,No
C009000,26,Male,New,No
C009001,63,Male,Loyal,No
C009002,33,Male,Loyal,Yes
C009003,53,Female,New,No
C009004,73,Female,Returning,No
C009005,58,Male,Returning,No
C009006,46,Male,Returning,No
C009007,28,Female,Returning,No
C009008,38,Male,New,No
C009009,71,Female,Returning,No
C009010,30,Male,New,Yes
C009011,58,Male,New,No
C009012,47,Female,Returning,No
C009013,36,Male,New,No
C009014,62,Male,Returning,No
C009015,39,Male,New,No
C009016,34,Male,Returning,No
C009017,50,Female,New,No
C009018,65,Female,New,No
C009019,72,Female,Loyal,No
C009020,56,Female,Returning,Yes
C009021,59,Female,Returning,No
C009022,67,Male,Returning,No
C009023,33,Female,New,Yes
C009024,32,Male,New,No
C009025,47,Female,New,Yes
C009026,57,Female,Loyal,No
C009027,57,Male,Returning,No
C009028,25,Other,Loyal,No
C009029,66,Male,Loyal,No
C009030,39,Female,New,No
C009031,73,Male,Loyal,No
C009032,63,Female,Returning,Yes
C009033,79,Male,Returning,No
C009034,57,Male,Returning,No
C009035,50,Female,Returning,No
C009036,28,Male,New,No
C009037,41,Male,New,No
C009038,71,Female,New,No
C009039,40,Female,New,No
C009040,19,Male,New,No
C009041,31,Female,New,No
C009042,54,Female,Loyal,No
C009043,56,Female,New,No
C009044,79,Male,Loyal,Yes
C009045,76,Female,Returning,Yes
C009046,50,Male,New,No
C009047,52,Male,New,No
C009048,68,Female,New,Yes
C009049,19,Female,New,Yes
C009050,54,Male,New,Yes
C009051,46,Female,Loyal,No
C009052,66,Female,New,No
C009053,68,Female,Returning,No
C009054,58,Male,Returning,Yes
C009055,58,Male,Returning,No
C009056,60,Female,Loyal,No
C009057,53,Female,Returning,Yes
C009058,30,Female,New,No
C009059,34,Male,Loyal,No
C009060,64,Female,Loyal,No
C009061,56,Other,Loyal,No
C009062,31,Male,Loyal,No
C009063,73,Female,Returning,No
C009064,79,Male,Returning,No
C009065,56,Male,New,No
C009066,30,Male,Returning,Yes
C009067,76,Female,Loyal,Yes
C009068,31,Male,New,No
C009069,44,Female,Returning,No
C009070,71,Male,Loyal,No
C009071,49,Female,New,Yes
C009072,31,Female,Returning,Yes
C009073,21,Male,Loyal,No
C009074,39,Female,New,No
C009075,59,Female,New,No
C009076,62,Male,New,Yes
C009077,30,Female,New,No
C009078,26,Male,Returning,No
C009079,61,Male,Returning,No
C009080,26,Female,Returning,No
C009081,20,Male,Returning,No
C009082,47,Male,New,No
C009083,53,Male,Loyal,No
C009084,31,Male,New,No
C009085,29,Male,Returning,No
C009086,31,Male,New,No
C009087,38,Female,Loyal,No
C009088,16,Male,Returning,No
C009089,16,Female,Loyal,No
C009090,40,Female,Returning,No
C009091,17,Female,Loyal,No
C009092,36,Male,Returning,No
C009093,53,Female,New,No
C009094,18,Female,Returning,No
C009095,56,Female,New,No
C009096,56,Female,Loyal,No
C009097,53,Male,New,Yes
C009098,56,Female,Loyal,Yes
C009099,68,Female,Returning,Yes
C009100,20,Male,Returning,No
C009101,26,Female,Returning,No
C009102,36,Female,Returning,No
C009103,60,Male,Returning,No
C009104,72,Male,Returning,Yes
C009105,75,Female,Returning,Yes
C009106,53,Male,Loyal,Yes
C009107,42,Male,New,No
C009108,42,Male,New,No
C009109,19,Female,Returning,Yes
C009110,46,Male,Returning,No
C009111,49,Male,Loyal,No
C009112,29,Male,Loyal,No
C009113,65,Male,Loyal,No
C009114,68,Male,Returning,No
C009115,35,Male,Loyal,No
C009116,75,Female,New,No
C009117,22,Female,New,No
C009118,75,Male,Loyal,No
C009119,65,Female,Loyal,Yes
C009120,30,Male,New,No
C009121,58,Male,Loyal,No
C009122,36,Male,Loyal,Yes
C009123,67,Female,New,Yes
C009124,26,Male,New,No
C009125,31,Male,Loyal,No
C009126,35,Female,New,No
C009127,28,Male,New,No
C009128,37,Female,Returning,Yes
C009129,55,Male,Loyal,Yes
C009130,57,Female,Loyal,Yes
C009131,52,Male,Returning,No
C009132,28,Female,Loyal,Yes
C009133,29,Female,Returning,No
C009134,75,Female,Returning,No
C009135,32,Female,New,Yes
C009136,22,Male,Returning,Yes
C009137,45,Male,Returning,No
C009138,16,Female,New,Yes
C009139,38,Female,Returning,No
C009140,71,Male,New,No
C009141,33,Female,New,No
C009142,61,Female,Returning,Yes
C009143,47,Female,New,No
C009144,39,Male,New,No
C009145,59,Other,Loyal,Yes
C009146,54,Female,Loyal,Yes
C009147,36,Male,Returning,No
C009148,30,Male,New,No
C009149,75,Male,Returning,No
C009150,26,Male,Returning,Yes
C009151,78,Male,New,No
C009152,46,Male,New,Yes
C009153,80,Male,Returning,No
C009154,38,Female,Returning,No
C009155,52,Male,New,No
C009156,55,Male,New,Yes
C009157,38,Female,Returning,No
C009158,30,Female,Returning,Yes
C009159,49,Female,Returning,Yes
C009160,59,Female,Loyal,Yes
C009161,32,Female,New,No
C009162,65,Female,Loyal,No
C009163,57,Female,New,No
C009164,26,Male,Loyal,Yes
C009165,77,Female,Returning,No
C009166,18,Female,Returning,No
C009167,58,Female,Returning,No
C009168,44,Female,Returning,No
C009169,58,Female,Returning,No
C009170,66,Other,New,No
C009171,60,Female,New,Yes
C009172,58,Female,Loyal,No
C009173,70,Male,Returning,No
C009174,61,Male,New,No
C009175,68,Female,Loyal,No
C009176,42,Female,Loyal,No
C009177,29,Male,Returning,No
C009178,31,Female,Returning,Yes
C009179,55,Female,New,Yes
C009180,50,Male,Returning,No
C009181,21,Other,Loyal,No
C009182,29,Male,New,Yes
C009183,78,Female,New,No
C009184,63,Male,Loyal,No
C009185,65,Male,Returning,Yes
C009186,28,Male,Loyal,No
C009187,20,Female,New,No
C009188,34,Female,New,No
C009189,71,Female,Loyal,No
C009190,48,Male,New,No
C009191,67,Female,Returning,Yes
C009192,47,Female,New,No
C009193,47,Female,Returning,No
C009194,55,Female,New,No
C009195,78,Male,Loyal,No
C009196,44,Female,Loyal,Yes
C009197,54,Female,New,No
C009198,75,Male,New,No
C009199,40,Male,Returning,No
C009200,70,Male,Loyal,Yes
C009201,50,Male,New,Yes
C009202,73,Female,Loyal,No
C009203,46,Female,Loyal,No
C009204,56,Female,Returning,No
C009205,37,Male,Returning,Yes
C009206,57,Male,Returning,No
C009207,37,Female,Returning,No
C009208,55,Male,Returning,No
C009209,67,Male,New,Yes
C009210,44,Male,Returning,No
C009211,43,Female,Loyal,No
C009212,36,Female,Returning,No
C009213,63,Male,Returning,No
C009214,54,Male,New,No
C009215,49,Male,New,No
C009216,17,Male,New,Yes
C009217,23,Female,Returning,Yes
C009218,16,Male,Returning,Yes
C009219,71,Female,Loyal,No
C009220,71,Female,New,Yes
C009221,20,Female,New,No
C009222,19,Female,Loyal,Yes
C009223,66,Female,New,No
C009224,50,Male,Loyal,No
C009225,36,Male,Returning,No
C009226,55,Female,Loyal,No
C009227,31,Female,Returning,No
C009228,28,Female,Loyal,No
C009229,39,Female,Returning,Yes
C009230,74,Female,New,No
C009231,65,Male,Loyal,Yes
C009232,28,Male,New,Yes
C009233,52,Female,Returning,No
C009234,73,Male,New,Yes
C009235,77,Male,Loyal,Yes
C009236,65,Female,Loyal,Yes
C009237,24,Female,Loyal,No
C009238,31,Female,New,No
C009239,30,Female,Loyal,Yes
C009240,25,Male,Loyal,No
C009241,27,Female,Returning,No
C009242,36,Female,New,No
C009243,52,Female,New,No
C009244,41,Female,New,Yes
C009245,43,Male,Returning,No
C009246,31,Female,New,No
C009247,25,Male,Returning,No
C009248,80,Female,Returning,No
C009249,54,Female,Returning,No
C009250,30,Female,Loyal,No
C009251,68,Male,New,No
C009252,69,Female,Returning,No
C009253,78,Male,Loyal,Yes
C009254,26,Female,New,No
C009255,57,Male,Returning,Yes
C009256,79,Male,Loyal,No
C009257,68,Male,Returning,No
C009258,30,Female,Loyal,No
C009259,74,Female,Loyal,No
C009260,43,Male,New,Yes
C009261,47,Male,Loyal,Yes
C009262,52,Female,Returning,No
C009263,66,Female,Loyal,Yes
C009264,23,Female,Returning,No
C009265,51,Female,Loyal,Yes
C009266,69,Female,New,No
C009267,51,Female,Returning,No
C009268,33,Female,Loyal,No
C009269,19,Male,Loyal,No
C009270,51,Male,New,No
C009271,61,Male,New,No
C009272,51,Female,Loyal,Yes
C009273,79,Male,Returning,Yes
C009274,55,Female,New,Yes
C009275,49,Male,Returning,No
C009276,19,Female,Loyal,Yes
C009277,52,Female,Loyal,No
C009278,26,Male,New,Yes
C009279,63,Female,Loyal,No
C009280,26,Male,Returning,Yes
C009281,74,Male,Returning,No
C009282,35,Female,Loyal,No
C009283,44,Female,New,No
C009284,25,Male,Returning,No
C009285,29,Male,New,Yes
C009286,75,Male,New,No
C009287,34,Female,New,Yes
C009288,49,Male,Loyal,No
C009289,79,Female,Returning,No
C009290,56,Female,Returning,No
C009291,18,Male,New,No
C009292,39,Female,Loyal,No
C009293,41,Female,Returning,No
C009294,33,Female,Loyal,No
C009295,31,Male,New,No
C009296,48,Male,Returning,No
C009297,40,Male,New,No
C009298,35,Female,New,No
C009299,42,Female,Returning,Yes
C009300,38,Male,Loyal,No
C009301,30,Female,New,No
C009302,45,Female,Returning,No
C009303,77,Female,Returning,No
C009304,48,Male,Returning,Yes
C009305,54,Male,Loyal,No
C009306,79,Female,Returning,No
C009307,55,Female,Loyal,Yes
C009308,30,Male,Loyal,Yes
C009309,41,Male,Loyal,No
C009310,47,Female,New,Yes
C009311,46,Female,Loyal,Yes
C009312,25,Male,Loyal,No
C009313,22,Male,New,No
C009314,38,Male,Returning,No
C009315,75,Male,Loyal,No
C009316,62,Male,Returning,No
C009317,70,Female,Returning,No
C009318,27,Female,Returning,Yes
C009319,42,Female,Loyal,No
C009320,53,Male,New,No
C009321,44,Female,Returning,Yes
C009322,43,Female,Returning,Yes
C009323,39,Female,New,No
C009324,19,Male,New,Yes
C009325,71,Male,Returning,No
C009326,76,Female,Loyal,No
C009327,21,Female,Loyal,Yes
C009328,42,Male,Loyal,No
C009329,49,Female,Loyal,No
C009330,66,Male,New,No
C009331,80,Female,Returning,No
C009332,43,Male,New,No
C009333,64,Female,Returning,Yes
C009334,76,Male,Loyal,No
C009335,69,Female,New,Yes
C009336,34,Female,Returning,No
C009337,69,Male,Returning,No
C009338,42,Male,New,No
C009339,17,Male,Loyal,Yes
C009340,65,Male,Returning,No
C009341,70,Male,Returning,Yes
C009342,38,Male,Loyal,No
C009343,45,Female,New,No
C009344,39,Male,Returning,No
C009345,23,Female,Loyal,No
C009346,80,Female,Returning,Yes
C009347,17,Male,Returning,No
C009348,52,Female,Returning,Yes
C009349,16,Female,New,No
C009350,60,Female,New,No
C009351,74,Female,Loyal,No
C009352,57,Male,New,No
C009353,55,Female,Loyal,No
C009354,69,Female,New,No
C009355,79,Female,Loyal,No
C009356,72,Female,Loyal,No
C009357,31,Female,New,No
C009358,52,Female,Returning,No
C009359,69,Male,Loyal,No
C009360,35,Male,Returning,No
C009361,59,Female,Loyal,No
C009362,17,Female,New,No
C009363,73,Female,Loyal,No
C009364,55,Female,Returning,No
C009365,64,Female,New,No
C009366,69,Male,Returning,No
C009367,30,Male,New,No
C009368,45,Female,Returning,No
C009369,71,Female,New,Yes
C009370,26,Male,Loyal,Yes
C009371,69,Male,Returning,Yes
C009372,34,Female,Returning,No
C009373,53,Male,Loyal,Yes
C009374,49,Female,Loyal,No
C009375,60,Male,Loyal,No
C009376,70,Female,New,No
C009377,38,Male,Loyal,No
C009378,27,Female,New,No
C009379,43,Male,Returning,No
C009380,55,Male,Loyal,No
C009381,64,Male,New,No
C009382,64,Male,New,No
C009383,38,Female,Returning,No
C009384,76,Male,Returning,No
C009385,21,Female,Returning,No
C009386,23,Male,Loyal,Yes
C009387,17,Female,Loyal,Yes
C009388,76,Female,Loyal,Yes
C009389,27,Female,New,No
C009390,55,Male,Returning,No
C009391,68,Male,Loyal,No
C009392,65,Female,New,No
C009393,77,Male,Returning,No
C009394,19,Female,New,No
C009395,42,Female,New,Yes
C009396,48,Female,New,No
C009397,61,Male,Returning,No
C009398,56,Male,Returning,No
C009399,52,Male,New,Yes
C009400,35,Female,Returning,Yes
C009401,22,Female,New,Yes
C009402,44,Male,New,No
C009403,32,Female,Loyal,Yes
C009404,52,Male,Returning,No
C009405,67,Male,Loyal,Yes
C009406,51,Female,New,Yes
C009407,53,Female,New,No
C009408,18,Male,Loyal,No
C009409,57,Male,New,No
C009410,44,Male,New,No
C009411,24,Male,Returning,No
C009412,29,Female,Returning,No
C009413,66,Male,Loyal,No
C009414,75,Male,Loyal,Yes
C009415,49,Male,New,Yes
C009416,79,Female,New,No
C009417,27,Female,Returning,No
C009418,35,Female,New,No
C009419,76,Female,Returning,No
C009420,27,Other,New,Yes
C009421,58,Male,Loyal,No
C009422,30,Male,Loyal,No
C009423,37,Male,New,No
C009424,47,Female,New,No
C009425,39,Male,Loyal,No
C009426,72,Male,New,No
C009427,79,Male,New,No
C009428,48,Male,New,No
C009429,50,Male,New,No
C009430,19,Male,New,Yes
C009431,31,Female,New,No
C009432,18,Male,New,No
C009433,71,Female,Loyal,No
C009434,30,Female,New,No
C009435,38,Male,Loyal,No
C009436,70,Male,Returning,No
C009437,62,Male,Returning,No
C009438,56,Female,Loyal,No
C009439,18,Female,Returning,Yes
C009440,52,Female,New,No
C009441,52,Male,Returning,No
C009442,36,Male,New,No
C009443,64,Male,New,No
C009444,76,Female,Loyal,No
C009445,32,Male,Loyal,No
C009446,37,Female,Returning,Yes
C009447,36,Male,Returning,Yes
C009448,70,Male,Returning,No
C009449,21,Female,New,No
C009450,74,Male,New,No
C009451,66,Male,Returning,Yes
C009452,47,Female,New,No
C009453,53,Female,New,No
C009454,74,Male,Returning,Yes
C009455,66,Male,Returning,No
C009456,33,Male,New,No
C009457,19,Female,Loyal,Yes
C009458,58,Male,Loyal,No
C009459,25,Female,Returning,No
C009460,21,Female,New,Yes
C009461,79,Female,Returning,No
C009462,46,Female,Returning,No
C009463,58,Female,Returning,No
C009464,30,Female,Returning,Yes
C009465,22,Female,New,No
C009466,20,Male,New,No
C009467,39,Female,Loyal,No
C009468,16,Female,New,Yes
C009469,43,Male,Returning,No
C009470,37,Male,Loyal,No
C009471,50,Male,New,Yes
C009472,54,Female,Loyal,No
C009473,36,Male,Loyal,No
C009474,45,Male,Returning,No
C009475,21,Male,Returning,No
C009476,35,Male,Loyal,No
C009477,79,Female,New,Yes
C009478,80,Female,Returning,Yes
C009479,47,Female,New,No
C009480,77,Female,Loyal,No
C009481,48,Male,Returning,Yes
C009482,24,Female,Loyal,No
C009483,72,Male,New,No
C009484,42,Other,New,No
C009485,55,Male,Loyal,Yes
C009486,58,Female,Returning,No
C009487,36,Male,Returning,No
C009488,63,Female,Returning,No
C009489,48,Female,New,No
C009490,39,Female,New,No
C009491,35,Female,New,No
C009492,64,Male,Loyal,Yes
C009493,32,Female,New,No
C009494,24,Male,New,Yes
C009495,73,Female,Loyal,No
C009496,37,Male,Loyal,Yes
C009497,57,Female,Returning,No
C009498,62,Male,Returning,No
C009499,70,Female,Loyal,No
C009500,56,Male,Loyal,No
C009501,62,Male,Loyal,No
C009502,70,Male,Returning,No
C009503,77,Female,Returning,No
C009504,19,Male,Loyal,No
C009505,64,Male,Loyal,Yes
C009506,27,Male,Returning,No
C009507,73,Male,New,Yes
C009508,19,Male,Loyal,No
C009509,32,Other,Returning,No
C009510,28,Male,New,Yes
C009511,55,Female,New,No
C009512,16,Female,New,No
C009513,17,Male,Returning,Yes
C009514,48,Male,New,No
C009515,79,Female,Returning,Yes
C009516,50,Female,Loyal,No
C009517,44,Female,New,No
C009518,58,Female,New,No
C009519,51,Other,New,No
C009520,41,Male,Loyal,No
C009521,54,Female,New,Yes
C009522,16,Female,New,No
C009523,31,Female,New,No
C009524,59,Male,New,No
C009525,38,Male,Returning,No
C009526,19,Female,Returning,No
C009527,24,Female,New,No
C009528,72,Male,Returning,Yes
C009529,37,Male,Returning,No
C009530,17,Male,Loyal,Yes
C009531,63,Female,Returning,No
C009532,50,Other,Loyal,Yes
C009533,45,Male,Loyal,Yes
C009534,74,Male,Returning,Yes
C009535,36,Female,New,No
C009536,53,Female,Returning,Yes
C009537,64,Female,New,No
C009538,55,Male,Returning,No
C009539,29,Male,Returning,Yes
C009540,60,Female,Returning,No
C009541,64,Male,New,Yes
C009542,23,Male,Returning,No
C009543,26,Female,New,Yes
C009544,59,Male,New,No
C009545,23,Male,Returning,No
C009546,73,Female,New,Yes
C009547,23,Male,Loyal,No
C009548,79,Female,Returning,No
C009549,59,Male,Loyal,No
C009550,44,Male,Loyal,Yes
C009551,33,Male,Returning,Yes
C009552,38,Male,Returning,No
C009553,64,Female,Loyal,Yes
C009554,64,Female,New,No
C009555,29,Male,Returning,No
C009556,51,Female,New,Yes
C009557,80,Male,Loyal,No
C009558,32,Female,Loyal,Yes
C009559,61,Female,Returning,Yes
C009560,27,Female,Returning,No
C009561,70,Male,Returning,No
C009562,27,Female,Returning,No
C009563,35,Male,Returning,No
C009564,45,Female,Loyal,No
C009565,40,Male,New,Yes
C009566,27,Male,New,No
C009567,57,Male,New,No
C009568,17,Female,Returning,No
C009569,79,Male,Loyal,Yes
C009570,19,Female,New,No
C009571,37,Male,Returning,No
C009572,76,Female,Loyal,No
C009573,26,Male,New,No
C009574,20,Male,Loyal,Yes
C009575,64,Male,Loyal,Yes
C009576,20,Male,Loyal,Yes
C009577,74,Male,New,No
C009578,45,Female,Returning,Yes
C009579,72,Male,New,No
C009580,31,Other,New,No
C009581,25,Female,New,No
C009582,78,Female,New,No
C009583,65,Male,Loyal,No
C009584,75,Female,Returning,No
C009585,36,Male,New,No
C009586,42,Male,Returning,No
C009587,53,Male,Returning,No
C009588,45,Female,New,No
C009589,31,Female,New,Yes
C009590,40,Male,Returning,No
C009591,55,Female,Loyal,No
C009592,18,Female,New,Yes
C009593,37,Female,Loyal,No
C009594,35,Female,Returning,No
C009595,20,Female,Returning,No
C009596,23,Female,New,No
C009597,48,Male,Returning,No
C009598,22,Male,New,No
C009599,38,Male,New,No
C009600,52,Male,Loyal,No
C009601,72,Female,Returning,No
C009602,22,Female,New,Yes
C009603,44,Male,New,No
C009604,22,Female,New,Yes
C009605,43,Female,Loyal,No
C009606,47,Female,New,Yes
C009607,67,Male,Returning,No
C009608,44,Female,Returning,Yes
C009609,76,Female,New,No
C009610,24,Female,Returning,No
C009611,19,Male,Returning,Yes
C009612,16,Female,Loyal,No
C009613,39,Male,Returning,No
C009614,28,Female,New,Yes
C009615,21,Female,New,No
C009616,31,Female,New,No
C009617,79,Female,Returning,No
C009618,68,Female,Loyal,Yes
C009619,17,Male,New,No
C009620,75,Female,New,No
C009621,29,Male,Returning,No
C009622,42,Female,New,No
C009623,37,Female,Returning,Yes
C009624,42,Male,New,No
C009625,65,Male,Loyal,Yes
C009626,62,Female,New,No
C009627,54,Female,Returning,No
C009628,56,Male,Returning,No
C009629,63,Female,New,Yes
C009630,27,Male,New,No
C009631,41,Male,Returning,No
C009632,22,Female,Loyal,No
C009633,61,Male,Returning,No
C009634,44,Female,Returning,Yes
C009635,57,Male,Returning,No
C009636,52,Male,Returning,Yes
C009637,33,Male,Returning,No
C009638,25,Male,New,No
C009639,79,Male,Returning,No
C009640,35,Female,Loyal,Yes
C009641,23,Female,Returning,Yes
C009642,35,Female,Returning,No
C009643,74,Female,Loyal,No
C009644,32,Male,Returning,No
C009645,80,Female,Returning,No
C009646,45,Male,New,No
C009647,72,Female,New,Yes
C009648,58,Female,New,No
C009649,18,Female,Returning,No
C009650,49,Other,Returning,No
C009651,43,Female,Loyal,No
C009652,29,Female,New,Yes
C009653,51,Female,New,No
C009654,22,Male,Returning,No
C009655,61,Female,New,No
C009656,69,Male,Returning,No
C009657,22,Female,New,No
C009658,47,Female,New,No
C009659,58,Male,Returning,No
C009660,20,Male,Returning,No
C009661,41,Male,New,No
C009662,32,Female,New,No
C009663,18,Male,New,No
C009664,68,Male,New,No
C009665,44,Male,Loyal,No
C009666,64,Female,Returning,No
C009667,54,Female,New,No
C009668,72,Female,New,No
C009669,80,Male,New,No
C009670,55,Male,New,Yes
C009671,38,Female,Loyal,Yes
C009672,43,Female,New,No
C009673,69,Female,Loyal,No
C009674,43,Female,Loyal,No
C009675,49,Male,Returning,No
C009676,28,Female,Returning,Yes
C009677,80,Female,New,No
C009678,58,Female,Loyal,No
C009679,37,Female,Loyal,No
C009680,54,Male,Returning,No
C009681,42,Female,New,No
C009682,26,Male,New,Yes
C009683,72,Male,New,No
C009684,73,Male,New,Yes
C009685,70,Female,Returning,No
C009686,39,Male,Loyal,No
C009687,32,Male,Returning,No
C009688,19,Female,Returning,No
C009689,63,Male,Returning,Yes
C009690,37,Female,Returning,No
C009691,73,Female,Returning,No
C009692,72,Female,Loyal,No
C009693,24,Male,New,Yes
C009694,75,Female,Loyal,Yes
C009695,25,Female,New,Yes
C009696,47,Female,Returning,No
C009697,46,Female,Returning,Yes
C009698,78,Female,Returning,Yes
C009699,58,Male,Returning,No
C009700,72,Female,New,No
C009701,54,Male,Loyal,No
C009702,69,Male,New,No
C009703,71,Male,Returning,No
C009704,71,Male,Loyal,No
C009705,42,Female,Returning,No
C009706,40,Male,Loyal,No
C009707,80,Female,New,Yes
C009708,65,Female,New,No
C009709,75,Female,New,No
C009710,53,Male,Loyal,No
C009711,76,Male,Loyal,No
C009712,62,Female,Loyal,No
C009713,64,Male,Returning,Yes
C009714,27,Female,New,No
C009715,52,Female,New,No
C009716,63,Female,Returning,No
C009717,65,Male,New,Yes
C009718,78,Female,Returning,No
C009719,37,Female,Loyal,Yes
C009720,35,Female,New,No
C009721,79,Male,Returning,No
C009722,80,Male,Returning,Yes
C009723,27,Female,New,No
C009724,40,Male,New,No
C009725,77,Male,Returning,No
C009726,28,Female,Returning,No
C009727,66,Female,Returning,No
C009728,23,Male,New,No
C009729,27,Female,New,No
C009730,67,Female,Returning,Yes
C009731,55,Male,New,Yes
C009732,52,Male,Returning,No
C009733,71,Male,New,No
C009734,35,Male,Loyal,Yes
C009735,48,Female,New,No
C009736,55,Male,New,No
C009737,64,Female,Returning,Yes
C009738,37,Male,Returning,No
C009739,57,Female,Loyal,No
C009740,45,Female,Loyal,No
C009741,51,Female,Returning,Yes
C009742,72,Male,Returning,No
C009743,41,Female,Returning,No
C009744,59,Male,Returning,Yes
C009745,77,Female,New,Yes
C009746,65,Female,Returning,No
C009747,80,Male,Loyal,No
C009748,53,Female,New,No
C009749,34,Male,New,No
C009750,80,Male,New,No
C009751,57,Male,Returning,No
C009752,31,Female,Returning,No
C009753,36,Male,New,No
C009754,33,Male,Returning,No
C009755,70,Male,Loyal,No
C009756,22,Male,New,No
C009757,64,Female,Loyal,No
C009758,52,Male,Loyal,No
C009759,20,Female,Returning,Yes
C009760,55,Male,New,No
C009761,64,Male,Loyal,Yes
C009762,63,Male,New,No
C009763,50,Female,New,No
C009764,37,Male,New,No
C009765,26,Female,Loyal,No
C009766,16,Female,New,No
C009767,39,Male,Returning,No
C009768,57,Female,Returning,Yes
C009769,18,Female,Returning,No
C009770,80,Male,Returning,Yes
C009771,54,Male,New,No
C009772,35,Male,Returning,No
C009773,78,Male,New,No
C009774,27,Male,New,No
C009775,78,Female,New,No
C009776,34,Female,Returning,No
C009777,40,Male,New,Yes
C009778,43,Male,Returning,No
C009779,80,Female,New,No
C009780,32,Female,Returning,No
C009781,79,Male,New,Yes
C009782,38,Male,Returning,No
C009783,34,Male,Loyal,No
C009784,57,Male,New,No
C009785,61,Male,Returning,No
C009786,38,Male,Returning,No
C009787,24,Female,New,No
C009788,41,Male,New,No
C009789,51,Male,New,No
C009790,18,Male,Returning,No
C009791,21,Female,New,No
C009792,75,Male,Loyal,Yes
C009793,18,Male,Returning,Yes
C009794,42,Female,Returning,No
C009795,65,Male,Loyal,No
C009796,37,Male,New,Yes
C009797,48,Male,Loyal,No
C009798,21,Male,New,Yes
C009799,67,Female,Returning,No
C009800,57,Male,New,No
C009801,71,Female,Loyal,Yes
C009802,72,Male,New,No
C009803,38,Male,Returning,No
C009804,18,Male,Loyal,Yes
C009805,38,Male,New,Yes
C009806,25,Male,Loyal,No
C009807,50,Female,Returning,No
C009808,25,Female,Loyal,No
C009809,75,Female,Returning,Yes
C009810,55,Male,Loyal,Yes
C009811,32,Male,Loyal,No
C009812,75,Male,Returning,No
C009813,66,Female,Returning,No
C009814,44,Male,Loyal,No
C009815,25,Female,Loyal,No
C009816,38,Other,Loyal,Yes
C009817,53,Male,Returning,No
C009818,65,Male,New,No
C009819,33,Male,Loyal,No
C009820,64,Female,Returning,No
C009821,34,Female,New,No
C009822,32,Male,New,No
C009823,45,Male,New,No
C009824,26,Female,Returning,No
C009825,42,Female,Loyal,Yes
C009826,39,Male,Loyal,No
C009827,34,Female,New,Yes
C009828,66,Female,New,No
C009829,37,Female,New,No
C009830,61,Male,Returning,No
C009831,62,Female,Loyal,No
C009832,59,Female,Loyal,No
C009833,33,Female,New,No
C009834,69,Female,Loyal,Yes
C009835,31,Male,Returning,No
C009836,34,Female,Loyal,No
C009837,72,Female,Loyal,No
C009838,38,Male,Returning,No
C009839,61,Male,Loyal,Yes
C009840,18,Female,New,Yes
C009841,55,Female,Loyal,No
C009842,72,Male,Loyal,Yes
C009843,62,Male,Loyal,No
C009844,53,Male,New,Yes
C009845,71,Female,Loyal,No
C009846,35,Male,New,No
C009847,40,Female,Loyal,No
C009848,20,Female,Loyal,No
C009849,61,Male,New,No
C009850,63,Male,Returning,Yes
C009851,64,Female,Returning,No
C009852,64,Female,Loyal,No
C009853,24,Male,New,No
C009854,59,Female,Loyal,No
C009855,65,Female,Loyal,Yes
C009856,29,Female,Returning,No
C009857,46,Female,Returning,No
C009858,75,Male,Returning,No
C009859,42,Female,New,No
C009860,64,Male,Loyal,No
C009861,50,Male,New,Yes
C009862,58,Female,New,No
C009863,56,Male,New,Yes
C009864,58,Female,Returning,Yes
C009865,66,Male,Returning,Yes
C009866,74,Male,Returning,No
C009867,35,Male,New,No
C009868,76,Female,New,Yes
C009869,56,Male,Returning,No
C009870,54,Male,Returning,No
C009871,37,Female,New,No
C009872,43,Female,Returning,No
C009873,58,Female,Returning,No
C009874,39,Female,Loyal,Yes
C009875,34,Female,Returning,No
C009876,69,Male,New,No
C009877,43,Other,New,No
C009878,57,Female,New,Yes
C009879,18,Male,New,No
C009880,21,Male,Loyal,Yes
C009881,71,Female,Returning,Yes
C009882,25,Male,New,No
C009883,67,Male,Loyal,Yes
C009884,74,Male,New,Yes
C009885,47,Female,Loyal,No
C009886,73,Female,New,No
C009887,43,Male,New,No
C009888,77,Female,Loyal,Yes
C009889,31,Female,New,No
C009890,43,Female,New,No
C009891,41,Female,Loyal,No
C009892,66,Female,Returning,Yes
C009893,18,Male,Loyal,No
C009894,69,Female,Returning,No
C009895,17,Male,New,Yes
C009896,36,Male,Returning,No
C009897,54,Male,Loyal,Yes
C009898,25,Female,New,Yes
C009899,47,Female,New,No
C009900,80,Male,Returning,No
C009901,69,Male,Loyal,No
C009902,17,Female,New,No
C009903,54,Male,Returning,Yes
C009904,54,Male,New,Yes
C009905,20,Female,Returning,Yes
C009906,58,Male,Returning,No
C009907,49,Male,New,Yes
C009908,60,Male,New,No
C009909,35,Female,Returning,No
C009910,32,Female,New,No
C009911,63,Female,Loyal,No
C009912,62,Female,Loyal,No
C009913,26,Female,Returning,No
C009914,30,Male,Loyal,No
C009915,54,Female,Loyal,No
C009916,69,Female,Returning,No
C009917,29,Male,Loyal,Yes
C009918,30,Female,New,No
C009919,68,Female,Loyal,No
C009920,61,Male,New,Yes
C009921,74,Male,New,No
C009922,66,Female,Returning,No
C009923,77,Male,New,No
C009924,28,Male,New,No
C009925,33,Male,Returning,Yes
C009926,31,Male,New,No
C009927,19,Female,Loyal,No
C009928,66,Female,Loyal,No
C009929,59,Male,Returning,No
C009930,21,Female,New,Yes
C009931,28,Female,Returning,No
C009932,28,Female,New,No
C009933,42,Female,Returning,No
C009934,45,Female,New,No
C009935,34,Female,Returning,Yes
C009936,76,Male,New,Yes
C009937,29,Female,Loyal,No
C009938,52,Male,New,No
C009939,44,Female,Returning,No
C009940,41,Female,New,No
C009941,69,Male,Returning,No
C009942,79,Female,Loyal,No
C009943,16,Female,New,Yes
C009944,46,Male,New,Yes
C009945,23,Female,New,No
C009946,44,Female,Returning,No
C009947,56,Male,Returning,No
C009948,42,Female,Loyal,No
C009949,36,Male,Loyal,No
C009950,36,Female,New,No
C009951,35,Female,Loyal,No
C009952,37,Female,Loyal,No
C009953,40,Male,Returning,No
C009954,60,Female,New,Yes
C009955,22,Male,Returning,No
C009956,18,Male,Returning,Yes
C009957,49,Male,New,No
C009958,60,Female,New,No
C009959,32,Male,Returning,No
C009960,29,Male,Returning,No
C009961,56,Female,New,Yes
C009962,40,Male,Loyal,No
C009963,63,Female,New,No
C009964,25,Male,New,No
C009965,23,Male,New,No
C009966,51,Female,Returning,No
C009967,41,Female,New,No
C009968,63,Male,Returning,No
C009969,48,Male,Returning,No
C009970,39,Male,New,No
C009971,26,Female,New,Yes
C009972,26,Male,Returning,No
C009973,65,Male,Returning,No
C009974,30,Other,New,Yes
C009975,48,Female,Returning,No
C009976,69,Male,Returning,No
C009977,74,Female,Loyal,No
C009978,33,Male,Returning,Yes
C009979,23,Female,New,Yes
C009980,66,Male,Returning,No
C009981,60,Female,New,Yes
C009982,37,Female,Returning,No
C009983,54,Female,New,No
C009984,28,Male,Loyal,Yes
C009985,61,Male,Returning,No
C009986,63,Male,Loyal,No
C009987,35,Male,Returning,No
C009988,46,Female,Returning,No
C009989,37,Female,New,No
C009990,18,Female,New,No
C009991,24,Female,Loyal,No
C009992,78,Male,Loyal,Yes
C009993,45,Female,New,No
C009994,25,Male,Returning,Yes
C009995,18,Male,New,No
C009996,38,Male,Returning,No
C009997,79,Female,Loyal,No
C009998,41,Male,New,No
C009999,80,Male,New,No
C010000,47,Female,Returning,Yes
C010001,65,Male,New,No
C010002,67,Female,New,No
C010003,17,Male,New,Yes
C010004,16,Male,Returning,No
C010005,75,Male,Loyal,No
C010006,76,Male,Loyal,No
C010007,24,Male,Returning,No
C010008,57,Female,Loyal,No
C010009,76,Female,Returning,No
C010010,77,Male,Returning,Yes
C010011,35,Male,New,No
C010012,69,Male,New,No
C010013,58,Female,Returning,Yes
C010014,76,Female,Loyal,No
C010015,25,Male,Returning,No
C010016,55,Male,Loyal,No
C010017,17,Female,New,No
C010018,39,Female,New,No
C010019,16,Male,Loyal,Yes
C010020,44,Male,New,No
C010021,68,Female,Returning,No
C010022,58,Male,New,No
C010023,36,Female,Loyal,No
C010024,43,Female,New,No
C010025,39,Female,Loyal,Yes
C010026,63,Female,New,Yes
C010027,33,Male,New,No
C010028,21,Female,Loyal,No
C010029,48,Male,Returning,No
C010030,69,Female,New,No
C010031,47,Female,Returning,No
C010032,29,Female,New,No
C010033,18,Female,New,No
C010034,77,Male,New,No
C010035,65,Male,Returning,Yes
C010036,26,Male,New,No
C010037,20,Male,Loyal,Yes
C010038,24,Male,Loyal,No
C010039,40,Male,New,No
C010040,68,Male,Returning,No
C010041,26,Male,Returning,Yes
C010042,69,Female,Returning,Yes
C010043,16,Female,Returning,Yes
C010044,64,Male,Returning,No
C010045,34,Male,New,No
C010046,78,Female,Returning,No
C010047,46,Male,New,Yes
C010048,33,Female,Loyal,Yes
C010049,31,Male,Returning,No
C010050,69,Male,Returning,Yes
C010051,42,Female,Returning,No
C010052,38,Male,New,Yes
C010053,63,Male,New,No
C010054,50,Male,New,No
C010055,59,Male,Returning,No
C010056,44,Male,Returning,No
C010057,20,Female,New,No
C010058,16,Male,Returning,Yes
C010059,18,Female,New,Yes
C010060,53,Female,Returning,No
C010061,49,Female,New,No
C010062,64,Female,Loyal,No
C010063,74,Male,Returning,Yes
C010064,27,Male,Returning,No
C010065,78,Male,Returning,No
C010066,76,Female,Loyal,Yes
C010067,56,Male,Returning,Yes
C010068,50,Male,New,No
C010069,27,Female,New,No
C010070,27,Male,New,Yes
C010071,17,Female,Returning,Yes
C010072,57,Male,Returning,No
C010073,44,Female,New,Yes
C010074,28,Male,New,No
C010075,24,Male,Returning,Yes
C010076,20,Male,Returning,No
C010077,57,Female,Loyal,No
C010078,60,Female,Returning,Yes
C010079,57,Male,New,No
C010080,23,Female,Returning,Yes
C010081,18,Female,Returning,No
C010082,22,Male,Returning,No
C010083,64,Male,New,No
C010084,64,Male,Loyal,No
C010085,35,Female,New,Yes
C010086,19,Female,New,No
C010087,36,Male,New,Yes
C010088,68,Female,Loyal,No
C010089,25,Female,Returning,No
C010090,67,Female,New,No
C010091,46,Male,New,No
C010092,25,Female,New,No
C010093,76,Male,Returning,No
C010094,49,Female,Returning,No
C010095,59,Female,Returning,No
C010096,22,Male,Returning,No
C010097,40,Male,Loyal,Yes
C010098,57,Male,Returning,No
C010099,57,Male,Loyal,No
C010100,20,Female,Returning,No
C010101,55,Female,Returning,No
C010102,77,Female,Returning,Yes
C010103,67,Female,Loyal,No
C010104,29,Male,New,No
C010105,75,Male,Returning,No
C010106,60,Female,Returning,Yes
C010107,19,Female,Loyal,No
C010108,24,Other,New,Yes
C010109,75,Male,Returning,No
C010110,29,Female,New,No
C010111,22,Female,Loyal,Yes
C010112,45,Female,Loyal,No
C010113,50,Female,Returning,No
C010114,53,Female,Returning,Yes
C010115,58,Female,Returning,No
C010116,80,Female,Returning,No
C010117,65,Female,New,Yes
C010118,17,Female,Loyal,No
C010119,21,Female,Returning,No
C010120,16,Female,New,Yes
C010121,41,Male,Returning,Yes
C010122,38,Male,New,No
C010123,76,Female,Returning,No
C010124,39,Female,Returning,No
C010125,17,Male,Returning,No
C010126,73,Female,New,No
C010127,32,Male,Returning,No
C010128,75,Other,Returning,No
C010129,66,Female,Returning,No
C010130,73,Female,Returning,No
C010131,69,Female,Returning,Yes
C010132,25,Male,Returning,No
C010133,56,Female,New,No
C010134,42,Male,New,Yes
C010135,56,Female,Returning,No
C010136,64,Male,Loyal,No
C010137,48,Male,New,No
C010138,36,Female,Returning,No
C010139,75,Male,Returning,No
C010140,59,Male,New,No
C010141,73,Male,New,No
C010142,31,Other,Returning,No
C010143,70,Male,Returning,Yes
C010144,37,Female,New,Yes
C010145,45,Male,Loyal,No
C010146,71,Male,Loyal,No
C010147,39,Male,New,No
C010148,32,Male,New,No
C010149,75,Female,Returning,Yes
C010150,78,Female,Loyal,No
C010151,36,Female,Loyal,No
C010152,35,Male,Loyal,No
C010153,30,Female,Returning,No
C010154,17,Female,Loyal,No
C010155,51,Female,New,No
C010156,32,Male,New,Yes
C010157,71,Female,Returning,Yes
C010158,27,Female,Returning,No
C010159,57,Female,Loyal,No
C010160,48,Female,Returning,No
C010161,55,Female,Loyal,No
C010162,23,Female,New,Yes
C010163,46,Male,New,No
C010164,56,Female,Loyal,Yes
C010165,38,Female,Returning,No
C010166,72,Male,New,No
C010167,50,Female,New,No
C010168,39,Female,Loyal,Yes
C010169,18,Female,Loyal,No
C010170,26,Female,Loyal,No
C010171,46,Male,Returning,No
C010172,42,Other,Loyal,No
C010173,72,Female,New,No
C010174,67,Male,Returning,No
C010175,26,Male,Returning,No
C010176,54,Female,Loyal,Yes
C010177,45,Male,New,No
C010178,22,Male,Loyal,Yes
C010179,59,Male,Returning,No
C010180,50,Male,New,No
C010181,21,Female,Returning,Yes
C010182,46,Male,New,Yes
C010183,63,Female,Returning,No
C010184,37,Male,Returning,No
C010185,39,Female,Loyal,No
C010186,23,Female,Returning,No
C010187,29,Female,Loyal,No
C010188,79,Male,New,No
C010189,56,Male,Loyal,No
C010190,27,Male,Loyal,No
C010191,47,Female,Returning,Yes
C010192,28,Female,New,No
C010193,44,Female,Loyal,No
C010194,25,Female,Loyal,No
C010195,56,Female,Loyal,No
C010196,53,Male,New,Yes
C010197,57,Male,Loyal,No
C010198,44,Female,New,No
C010199,34,Female,Returning,Yes
C010200,32,Male,Returning,No
C010201,29,Male,Returning,No
C010202,43,Male,New,No
C010203,45,Male,Returning,No
C010204,59,Female,New,No
C010205,19,Female,Returning,Yes
C010206,34,Male,New,No
C010207,71,Male,Returning,No
C010208,75,Male,Returning,No
C010209,76,Female,Loyal,No
C010210,35,Male,Returning,No
C010211,24,Female,Returning,No
C010212,28,Male,Loyal,No
C010213,24,Female,Loyal,No
C010214,78,Male,Returning,No
C010215,73,Female,Returning,No
C010216,68,Female,New,No
C010217,63,Female,Returning,No
C010218,38,Male,Loyal,Yes
C010219,46,Male,Loyal,No
C010220,70,Other,New,No
C010221,68,Male,New,No
C010222,49,Male,Loyal,Yes
C010223,70,Male,Loyal,No
C010224,38,Female,Returning,No
C010225,42,Male,New,No
C010226,70,Male,Returning,Yes
C010227,40,Male,Returning,No
C010228,64,Female,New,No
C010229,45,Female,New,Yes
C010230,35,Female,New,No
C010231,30,Male,Returning,No
C010232,55,Male,New,No
C010233,47,Female,Returning,No
C010234,40,Female,New,Yes
C010235,64,Male,Returning,No
C010236,16,Female,Loyal,No
C010237,21,Female,Returning,Yes
C010238,78,Male,New,No
C010239,59,Female,Returning,No
C010240,51,Female,New,Yes
C010241,16,Female,Returning,Yes
C010242,54,Female,New,Yes
C010243,44,Male,Loyal,No
C010244,54,Male,New,Yes
C010245,18,Other,Loyal,No
C010246,51,Male,Returning,No
C010247,53,Female,New,No
C010248,34,Female,Loyal,No
C010249,19,Male,Returning,No
C010250,79,Female,Returning,Yes
C010251,62,Other,Loyal,No
C010252,56,Female,New,No
C010253,65,Male,New,No
C010254,59,Male,Loyal,No
C010255,24,Male,New,No
C010256,45,Male,Loyal,No
C010257,73,Male,New,Yes
C010258,34,Female,Returning,No
C010259,79,Male,Returning,Yes
C010260,20,Male,Returning,No
C010261,37,Female,Loyal,No
C010262,38,Male,New,No
C010263,56,Female,Returning,Yes
C010264,27,Female,New,No
C010265,30,Male,New,No
C010266,59,Female,New,Yes
C010267,34,Male,Returning,Yes
C010268,73,Female,Returning,No
C010269,72,Male,New,No
C010270,35,Female,Loyal,No
C010271,52,Female,New,No
C010272,37,Male,Loyal,No
C010273,38,Male,New,No
C010274,59,Male,Returning,Yes
C010275,35,Female,New,No
C010276,25,Female,Returning,No
C010277,32,Male,Loyal,No
C010278,76,Male,Returning,No
C010279,32,Male,New,No
C010280,39,Male,Returning,No
C010281,56,Male,Returning,Yes
C010282,22,Male,New,No
C010283,33,Male,Returning,Yes
C010284,27,Male,Loyal,No
C010285,76,Male,New,No
C010286,76,Female,Returning,Yes
C010287,65,Male,Loyal,No
C010288,32,Male,Returning,No
C010289,56,Male,Returning,No
C010290,59,Female,New,No
C010291,72,Female,New,No
C010292,26,Male,Returning,No
C010293,63,Male,Returning,No
C010294,28,Female,New,Yes
C010295,52,Female,Returning,No
C010296,73,Male,Returning,No
C010297,20,Other,New,No
C010298,25,Female,Returning,Yes
C010299,68,Female,Returning,No
C010300,17,Female,Returning,Yes
C010301,60,Female,Returning,No
C010302,48,Female,New,No
C010303,38,Male,Returning,Yes
C010304,72,Male,Loyal,No
C010305,71,Female,Returning,No
C010306,37,Female,Returning,No
C010307,16,Male,New,Yes
C010308,24,Female,Loyal,No
C010309,22,Male,New,Yes
C010310,79,Female,New,No
C010311,54,Male,New,No
C010312,59,Male,Loyal,Yes
C010313,31,Female,Returning,Yes
C010314,71,Male,Loyal,No
C010315,62,Male,Returning,Yes
C010316,64,Female,Loyal,No
C010317,46,Male,Returning,No
C010318,61,Female,Returning,No
C010319,51,Female,New,Yes
C010320,40,Other,Returning,No
C010321,54,Female,Returning,No
C010322,37,Female,New,No
C010323,77,Female,New,No
C010324,62,Other,New,No
C010325,64,Female,New,Yes
C010326,62,Female,Returning,Yes
C010327,45,Male,Returning,No
C010328,77,Male,Loyal,No
C010329,29,Male,Returning,No
C010330,52,Male,Returning,Yes
C010331,20,Female,Returning,No
C010332,35,Male,Returning,No
C010333,53,Male,New,No
C010334,47,Female,Returning,No
C010335,77,Male,New,No
C010336,55,Male,Returning,Yes
C010337,42,Female,New,Yes
C010338,43,Female,Returning,No
C010339,55,Female,Loyal,No
C010340,67,Male,Returning,No
C010341,33,Female,New,No
C010342,53,Male,Returning,No
C010343,53,Female,Returning,No
C010344,16,Male,Loyal,No
C010345,75,Male,Loyal,No
C010346,53,Female,New,No
C010347,31,Female,Loyal,No
C010348,57,Male,New,No
C010349,60,Female,New,No
C010350,75,Female,New,No
C010351,18,Male,New,No
C010352,42,Male,Returning,Yes
C010353,27,Male,New,Yes
C010354,53,Male,New,No
C010355,48,Male,New,No
C010356,46,Male,Loyal,No
C010357,79,Female,Returning,No
C010358,50,Male,Returning,No
C010359,42,Male,Loyal,No
C010360,20,Male,Returning,No
C010361,34,Other,New,No
C010362,74,Female,Loyal,Yes
C010363,45,Male,Returning,Yes
C010364,75,Female,Returning,Yes
C010365,50,Female,Loyal,Yes
C010366,51,Female,New,No
C010367,43,Male,New,Yes
C010368,52,Female,Loyal,No
C010369,20,Male,Returning,No
C010370,19,Male,Returning,No
C010371,46,Male,Loyal,No
C010372,54,Male,Loyal,No
C010373,51,Female,Loyal,No
C010374,43,Female,New,Yes
C010375,35,Male,Loyal,No
C010376,62,Female,Returning,No
C010377,55,Female,Returning,No
C010378,19,Female,New,No
C010379,45,Female,Returning,Yes
C010380,62,Other,New,No
C010381,66,Male,Loyal,Yes
C010382,34,Male,Returning,No
C010383,76,Female,Returning,No
C010384,58,Male,New,Yes
C010385,44,Male,Returning,No
C010386,56,Male,Returning,No
C010387,72,Female,Loyal,No
C010388,30,Female,Returning,No
C010389,25,Male,New,Yes
C010390,44,Male,Returning,Yes
C010391,21,Female,New,Yes
C010392,70,Female,Returning,No
C010393,79,Male,Returning,Yes
C010394,55,Other,New,No
C010395,79,Male,New,No
C010396,20,Male,Returning,No
C010397,57,Male,Returning,No
C010398,44,Male,New,No
C010399,34,Female,Returning,Yes
C010400,36,Female,Returning,No
C010401,51,Male,New,No
C010402,57,Male,New,Yes
C010403,26,Female,New,No
C010404,55,Female,Loyal,Yes
C010405,76,Male,New,Yes
C010406,16,Male,Loyal,No
C010407,73,Female,Returning,No
C010408,55,Male,Loyal,No
C010409,38,Female,Loyal,Yes
C010410,63,Female,New,No
C010411,56,Female,Returning,No
C010412,65,Female,New,No
C010413,21,Female,New,Yes
C010414,19,Male,Loyal,No
C010415,57,Male,New,No
C010416,35,Male,Loyal,No
C010417,31,Male,Loyal,Yes
C010418,43,Male,Returning,No
C010419,63,Female,Returning,No
C010420,27,Female,Loyal,No
C010421,79,Female,New,No
C010422,43,Male,Returning,Yes
C010423,25,Female,New,No
C010424,20,Male,New,No
C010425,71,Male,New,No
C010426,23,Male,New,No
C010427,43,Female,New,No
C010428,59,Female,Returning,No
C010429,49,Female,Returning,No
C010430,33,Male,Loyal,Yes
C010431,23,Male,Loyal,Yes
C010432,62,Male,Loyal,No
C010433,47,Male,Loyal,No
C010434,19,Female,Loyal,No
C010435,27,Female,New,No
C010436,52,Female,New,No
C010437,26,Female,Returning,No
C010438,41,Female,New,Yes
C010439,24,Female,Loyal,No
C010440,67,Male,Returning,No
C010441,56,Female,Loyal,No
C010442,66,Female,Returning,Yes
C010443,19,Female,Loyal,No
C010444,40,Female,New,No
C010445,33,Female,Returning,No
C010446,56,Female,Loyal,Yes
C010447,69,Female,Returning,Yes
C010448,30,Other,Returning,No
C010449,66,Female,New,Yes
C010450,53,Female,Loyal,Yes
C010451,69,Female,Returning,No
C010452,21,Female,Loyal,Yes
C010453,80,Male,Returning,No
C010454,44,Female,Returning,No
C010455,34,Male,Returning,Yes
C010456,27,Male,Returning,No
C010457,80,Male,Returning,No
C010458,73,Female,New,No
C010459,24,Female,Loyal,Yes
C010460,44,Female,New,No
C010461,63,Male,New,No
C010462,54,Female,Returning,No
C010463,28,Male,Returning,Yes
C010464,39,Female,Returning,No
C010465,39,Female,Loyal,Yes
C010466,34,Female,Returning,No
C010467,78,Female,Loyal,No
C010468,29,Male,Returning,No
C010469,61,Male,New,No
C010470,75,Female,Returning,Yes
C010471,67,Female,New,Yes
C010472,67,Male,Loyal,No
C010473,26,Female,Returning,No
C010474,24,Male,New,No
C010475,66,Female,Returning,Yes
C010476,64,Male,New,No
C010477,64,Male,New,No
C010478,43,Female,New,No
C010479,50,Male,Loyal,No
C010480,17,Female,New,No
C010481,34,Female,Returning,No
C010482,50,Male,Returning,No
C010483,24,Female,Loyal,No
C010484,24,Female,Loyal,No
C010485,18,Male,Loyal,No
C010486,29,Male,Returning,No
C010487,80,Female,Returning,Yes
C010488,61,Male,Loyal,No
C010489,77,Female,New,No
C010490,32,Male,New,No
C010491,54,Female,Loyal,No
C010492,73,Male,New,No
C010493,38,Female,Returning,No
C010494,58,Female,New,Yes
C010495,61,Male,New,Yes
C010496,70,Female,Loyal,No
C010497,79,Female,New,No
C010498,55,Female,Returning,No
C010499,53,Male,New,No
C010500,72,Female,Returning,No
C010501,60,Male,Loyal,Yes
C010502,39,Female,Returning,No
C010503,56,Male,Returning,No
C010504,51,Male,Returning,No
C010505,30,Female,New,Yes
C010506,49,Male,Returning,Yes
C010507,56,Female,Loyal,No
C010508,74,Female,Loyal,No
C010509,53,Male,New,Yes
C010510,26,Male,Loyal,No
C010511,80,Male,Loyal,Yes
C010512,53,Male,Loyal,Yes
C010513,34,Female,Loyal,Yes
C010514,65,Male,Loyal,No
C010515,41,Female,New,Yes
C010516,40,Male,Returning,No
C010517,70,Male,Loyal,No
C010518,72,Female,Returning,No
C010519,50,Male,Returning,No
C010520,40,Male,New,No
C010521,72,Male,New,No
C010522,27,Male,Loyal,No
C010523,64,Male,New,No
C010524,53,Male,Returning,No
C010525,71,Female,New,No
C010526,43,Male,Loyal,No
C010527,70,Female,New,No
C010528,16,Female,Loyal,Yes
C010529,65,Male,New,No
C010530,20,Male,Loyal,No
C010531,57,Male,New,No
C010532,28,Female,Loyal,No
C010533,78,Female,Returning,No
C010534,66,Male,New,No
C010535,22,Female,New,Yes
C010536,73,Female,Loyal,No
C010537,32,Female,Returning,Yes
C010538,51,Male,New,No
C010539,21,Female,New,No
C010540,22,Female,Loyal,No
C010541,31,Male,Returning,Yes
C010542,50,Female,Returning,No
C010543,51,Male,Returning,No
C010544,71,Male,New,Yes
C010545,26,Male,Returning,Yes
C010546,64,Female,New,No
C010547,16,Female,Loyal,No
C010548,34,Female,New,No
C010549,27,Male,Returning,No
C010550,24,Female,New,No
C010551,53,Female,New,No
C010552,74,Female,Returning,No
C010553,59,Male,Returning,Yes
C010554,71,Male,Loyal,Yes
C010555,54,Female,New,No
C010556,19,Male,Loyal,No
C010557,38,Female,Loyal,No
C010558,69,Male,Loyal,Yes
C010559,18,Other,New,Yes
C010560,22,Male,Returning,No
C010561,70,Male,Loyal,Yes
C010562,20,Female,Loyal,No
C010563,78,Female,New,No
C010564,65,Male,Loyal,No
C010565,59,Male,Loyal,Yes
C010566,50,Female,Loyal,No
C010567,21,Female,Returning,No
C010568,42,Female,Returning,No
C010569,68,Female,Returning,Yes
C010570,74,Male,Returning,Yes
C010571,45,Female,Loyal,Yes
C010572,70,Male,New,No
C010573,66,Female,New,Yes
C010574,19,Male,Loyal,No
C010575,56,Male,New,Yes
C010576,56,Male,New,No
C010577,51,Male,Loyal,No
C010578,66,Female,Loyal,No
C010579,73,Female,Loyal,No
C010580,51,Male,New,No
C010581,36,Male,Returning,No
C010582,79,Male,New,Yes
C010583,78,Male,New,No
C010584,60,Female,New,No
C010585,57,Female,Returning,No
C010586,22,Male,Returning,No
C010587,42,Male,New,No
C010588,28,Male,Loyal,Yes
C010589,49,Male,Loyal,Yes
C010590,69,Male,New,No
C010591,30,Male,Loyal,No
C010592,80,Female,Returning,No
C010593,24,Male,Returning,No
C010594,22,Female,Returning,Yes
C010595,79,Female,Returning,No
C010596,22,Male,New,Yes
C010597,63,Female,Returning,No
C010598,65,Female,New,No
C010599,37,Male,New,No
C010600,20,Other,Returning,No
C010601,36,Female,New,No
C010602,20,Male,Returning,No
C010603,59,Male,Returning,No
C010604,73,Female,New,Yes
C010605,80,Male,Loyal,Yes
C010606,68,Male,New,No
C010607,66,Male,Returning,No
C010608,73,Male,New,No
C010609,66,Male,New,Yes
C010610,58,Male,Loyal,No
C010611,80,Female,Loyal,No
C010612,36,Male,New,Yes
C010613,42,Male,New,No
C010614,74,Female,Returning,No
C010615,36,Male,New,No
C010616,35,Male,Loyal,No
C010617,25,Female,New,No
C010618,33,Female,New,Yes
C010619,54,Male,New,No
C010620,73,Female,New,Yes
C010621,24,Male,Loyal,No
C010622,60,Female,Returning,No
C010623,65,Male,New,No
C010624,74,Male,New,No
C010625,64,Female,New,Yes
C010626,26,Male,Returning,Yes
C010627,47,Female,Returning,No
C010628,77,Female,New,Yes
C010629,75,Male,Loyal,Yes
C010630,55,Female,Returning,No
C010631,78,Male,Loyal,No
C010632,59,Male,Returning,No
C010633,20,Female,New,Yes
C010634,75,Female,New,No
C010635,26,Male,Loyal,No
C010636,40,Female,New,No
C010637,31,Male,New,Yes
C010638,62,Female,Returning,No
C010639,17,Male,Returning,No
C010640,57,Female,Returning,No
C010641,72,Female,Returning,No
C010642,67,Male,New,No
C010643,35,Female,Returning,No
C010644,74,Male,Loyal,No
C010645,39,Female,New,No
C010646,60,Female,New,No
C010647,48,Female,Loyal,No
C010648,20,Male,New,No
C010649,16,Male,Returning,No
C010650,27,Female,New,No
C010651,76,Male,Returning,Yes
C010652,78,Male,Returning,No
C010653,42,Female,Loyal,No
C010654,78,Female,New,Yes
C010655,19,Female,New,Yes
C010656,78,Female,Returning,No
C010657,31,Male,Returning,No
C010658,18,Female,Returning,No
C010659,65,Female,Returning,No
C010660,40,Male,Loyal,No
C010661,35,Female,New,Yes
C010662,65,Male,New,Yes
C010663,37,Male,Loyal,No
C010664,64,Female,Returning,No
C010665,28,Male,New,No
C010666,21,Female,Loyal,No
C010667,37,Male,Returning,Yes
C010668,55,Female,Returning,No
C010669,30,Male,Loyal,Yes
C010670,25,Male,Returning,No
C010671,64,Male,New,No
C010672,48,Male,New,No
C010673,44,Male,Returning,No
C010674,31,Female,Returning,No
C010675,17,Male,Returning,No
C010676,19,Female,Returning,Yes
C010677,60,Male,New,No
C010678,21,Male,Returning,No
C010679,32,Female,New,No
C010680,75,Female,Loyal,Yes
C010681,38,Female,Returning,Yes
C010682,64,Female,Returning,No
C010683,38,Male,Returning,Yes
C010684,76,Female,New,No
C010685,69,Male,Returning,Yes
C010686,46,Female,New,Yes
C010687,60,Female,Returning,No
C010688,42,Female,New,No
C010689,77,Female,Returning,No
C010690,39,Male,New,Yes
C010691,70,Female,New,Yes
C010692,56,Male,Returning,No
C010693,57,Male,Returning,Yes
C010694,38,Female,New,Yes
C010695,70,Female,Returning,No
C010696,64,Female,Loyal,Yes
C010697,68,Female,Returning,No
C010698,68,Male,Returning,No
C010699,26,Female,New,Yes
C010700,72,Female,New,No
C010701,70,Male,New,No
C010702,31,Female,Loyal,No
C010703,79,Male,New,No
C010704,50,Male,New,No
C010705,36,Male,New,Yes
C010706,30,Female,Loyal,No
C010707,39,Female,Returning,No
C010708,18,Female,Loyal,No
C010709,60,Male,Returning,No
C010710,62,Female,Loyal,Yes
C010711,59,Female,Loyal,No
C010712,51,Male,Returning,No
C010713,39,Male,Loyal,Yes
C010714,63,Male,Loyal,Yes
C010715,72,Female,New,Yes
C010716,21,Male,Returning,No
C010717,40,Female,Returning,No
C010718,80,Male,Loyal,No
C010719,72,Female,Returning,No
C010720,80,Male,Returning,No
C010721,27,Male,New,No
C010722,46,Female,Loyal,No
C010723,24,Male,New,Yes
C010724,72,Female,Returning,No
C010725,49,Female,New,No
C010726,31,Female,Loyal,No
C010727,21,Male,Loyal,No
C010728,63,Female,New,Yes
C010729,68,Female,Loyal,No
C010730,73,Male,Loyal,No
C010731,79,Male,New,No
C010732,68,Female,Returning,No
C010733,67,Male,New,No
C010734,68,Female,New,No
C010735,80,Female,Loyal,No
C010736,46,Male,New,No
C010737,65,Other,Returning,No
C010738,69,Female,New,No
C010739,23,Female,New,No
C010740,60,Female,Returning,No
C010741,38,Female,New,No
C010742,24,Female,Loyal,No
C010743,27,Female,New,No
C010744,23,Female,Returning,No
C010745,74,Female,Returning,No
C010746,66,Male,Returning,No
C010747,22,Male,Returning,No
C010748,56,Male,New,No
C010749,58,Female,Loyal,No
C010750,49,Male,Returning,Yes
C010751,55,Female,Loyal,Yes
C010752,74,Male,New,No
C010753,49,Female,New,No
C010754,58,Male,Returning,No
C010755,53,Female,Returning,No
C010756,41,Male,New,No
C010757,73,Female,New,No
C010758,42,Male,New,Yes
C010759,67,Male,New,No
C010760,55,Female,New,No
C010761,60,Male,Loyal,No
C010762,65,Female,Loyal,No
C010763,63,Male,Returning,No
C010764,52,Female,New,Yes
C010765,56,Male,New,No
C010766,49,Male,Loyal,No
C010767,38,Female,Loyal,No
C010768,63,Male,New,Yes
C010769,73,Male,New,No
C010770,61,Male,New,No
C010771,66,Female,Returning,No
C010772,69,Female,New,No
C010773,39,Female,Returning,No
C010774,20,Female,New,No
C010775,37,Female,New,No
C010776,65,Male,Returning,Yes
C010777,69,Male,Loyal,No
C010778,49,Male,New,No
C010779,66,Female,Loyal,No
C010780,20,Female,New,No
C010781,57,Male,New,No
C010782,60,Male,New,No
C010783,49,Male,New,No
C010784,62,Male,New,No
C010785,47,Female,Returning,No
C010786,50,Male,Loyal,Yes
C010787,55,Male,New,No
C010788,67,Female,New,Yes
C010789,32,Male,New,No
C010790,35,Female,Returning,No
C010791,43,Female,Loyal,Yes
C010792,29,Female,New,No
C010793,37,Male,Returning,No
C010794,38,Male,Returning,No
C010795,36,Female,Loyal,No
C010796,42,Male,New,No
C010797,48,Male,New,No
C010798,61,Female,New,No
C010799,35,Female,Returning,Yes
C010800,70,Female,Returning,No
C010801,47,Female,Returning,Yes
C010802,62,Male,New,Yes
C010803,23,Male,New,No
C010804,27,Female,Returning,No
C010805,45,Female,New,Yes
C010806,39,Female,Loyal,No
C010807,48,Female,Loyal,Yes
C010808,26,Female,New,No
C010809,46,Female,Returning,No
C010810,60,Female,New,No
C010811,63,Female,Loyal,Yes
C010812,32,Female,Returning,Yes
C010813,38,Female,New,No
C010814,50,Male,Returning,Yes
C010815,49,Female,New,Yes
C010816,67,Female,New,No
C010817,41,Female,New,No
C010818,59,Male,New,No
C010819,73,Female,New,Yes
C010820,35,Male,Loyal,No
C010821,69,Female,Returning,No
C010822,37,Female,Loyal,No
C010823,37,Male,New,No
C010824,58,Male,Loyal,Yes
C010825,56,Male,Returning,No
C010826,51,Female,Returning,No
C010827,31,Female,Loyal,No
C010828,22,Male,Returning,No
C010829,75,Female,Returning,No
C010830,72,Female,Loyal,No
C010831,73,Male,New,No
C010832,49,Female,New,No
C010833,73,Male,Loyal,No
C010834,46,Female,Loyal,No
C010835,20,Female,Returning,No
C010836,28,Male,Loyal,No
C010837,33,Female,Loyal,No
C010838,40,Female,Returning,Yes
C010839,77,Female,New,No
C010840,37,Female,Returning,No
C010841,55,Female,New,No
C010842,33,Female,New,No
C010843,57,Female,Loyal,No
C010844,52,Female,Returning,No
C010845,25,Male,Loyal,No
C010846,46,Female,Returning,No
C010847,22,Male,New,No
C010848,73,Female,Returning,No
C010849,61,Female,Returning,No
C010850,77,Male,Returning,No
C010851,72,Male,New,No
C010852,30,Female,Loyal,Yes
C010853,61,Female,New,Yes
C010854,22,Male,Returning,Yes
C010855,78,Female,Returning,No
C010856,67,Female,Loyal,Yes
C010857,60,Male,New,No
C010858,80,Male,New,No
C010859,71,Male,Loyal,Yes
C010860,72,Female,Loyal,No
C010861,22,Male,New,No
C010862,17,Female,Loyal,Yes
C010863,78,Male,Loyal,No
C010864,32,Female,New,No
C010865,43,Male,Loyal,Yes
C010866,18,Male,New,No
C010867,56,Female,Loyal,No
C010868,69,Male,New,No
C010869,70,Male,Returning,No
C010870,53,Female,Loyal,No
C010871,58,Female,New,No
C010872,49,Female,Loyal,No
C010873,44,Male,New,Yes
C010874,52,Male,New,No
C010875,76,Female,Loyal,No
C010876,32,Female,Loyal,No
C010877,46,Male,Returning,No
C010878,55,Female,Loyal,No
C010879,53,Female,New,No
C010880,17,Female,Returning,Yes
C010881,34,Male,Loyal,No
C010882,57,Male,Loyal,No
C010883,61,Male,New,No
C010884,63,Female,New,No
C010885,80,Male,Returning,No
C010886,59,Female,New,No
C010887,53,Male,Loyal,No
C010888,37,Female,New,No
C010889,40,Male,Returning,No
C010890,69,Male,New,Yes
C010891,46,Male,Returning,No
C010892,62,Female,Loyal,No
C010893,24,Male,Returning,No
C010894,24,Male,Loyal,Yes
C010895,30,Female,Returning,No
C010896,28,Female,New,No
C010897,55,Male,Loyal,No
C010898,57,Male,New,No
C010899,52,Male,New,No
C010900,34,Female,Returning,No
C010901,53,Male,New,No
C010902,23,Female,Loyal,No
C010903,46,Female,Returning,No
C010904,26,Male,New,No
C010905,20,Male,New,Yes
C010906,26,Male,New,No
C010907,23,Female,Returning,No
C010908,47,Female,New,No
C010909,51,Male,Loyal,No
C010910,55,Female,New,No
C010911,44,Male,New,No
C010912,27,Male,Returning,No
C010913,17,Male,New,No
C010914,62,Male,Returning,No
C010915,79,Female,Returning,No
C010916,34,Female,New,Yes
C010917,29,Male,Returning,No
C010918,36,Female,Loyal,No
C010919,29,Male,New,Yes
C010920,30,Female,Returning,No
C010921,48,Male,New,No
C010922,67,Male,Loyal,No
C010923,62,Male,New,No
C010924,78,Female,New,No
C010925,39,Male,Returning,No
C010926,48,Male,Returning,Yes
C010927,40,Female,New,No
C010928,18,Female,Loyal,Yes
C010929,41,Female,New,Yes
C010930,32,Male,Loyal,Yes
C010931,47,Male,Loyal,No
C010932,26,Male,Loyal,No
C010933,64,Female,Returning,Yes
C010934,70,Female,Returning,No
C010935,78,Male,Loyal,No
C010936,21,Male,New,Yes
C010937,23,Female,Loyal,No
C010938,78,Female,Returning,No
C010939,71,Female,Loyal,No
C010940,54,Male,Returning,No
C010941,36,Male,Returning,Yes
C010942,49,Male,New,No
C010943,50,Male,Returning,Yes
C010944,71,Male,New,Yes
C010945,50,Female,Returning,Yes
C010946,17,Female,New,Yes
C010947,61,Female,Loyal,No
C010948,66,Male,Loyal,No
C010949,35,Male,Loyal,Yes
C010950,23,Male,Loyal,No
C010951,25,Male,Returning,No
C010952,70,Female,Loyal,No
C010953,45,Female,Returning,No
C010954,50,Male,New,Yes
C010955,78,Male,New,No
C010956,19,Female,New,No
C010957,29,Female,New,No
C010958,70,Male,New,No
C010959,51,Male,Loyal,No
C010960,17,Male,New,No
C010961,61,Female,Loyal,No
C010962,24,Female,Loyal,No
C010963,66,Female,Loyal,No
C010964,67,Female,Loyal,No
C010965,69,Male,Loyal,No
C010966,46,Male,New,No
C010967,33,Male,Returning,No
C010968,73,Female,New,Yes
C010969,52,Female,New,No
C010970,57,Male,Returning,No
C010971,24,Female,Returning,Yes
C010972,56,Female,Loyal,Yes
C010973,53,Female,New,Yes
C010974,34,Female,Loyal,No
C010975,65,Female,New,No
C010976,24,Female,Returning,No
C010977,62,Male,New,No
C010978,78,Female,Loyal,No
C010979,52,Male,Returning,No
C010980,22,Male,New,No
C010981,51,Male,Loyal,No
C010982,50,Female,New,No
C010983,51,Female,Loyal,No
C010984,33,Female,New,No
C010985,56,Female,New,No
C010986,33,Male,New,Yes
C010987,52,Female,Returning,Yes
C010988,54,Female,Loyal,No
C010989,57,Male,Returning,Yes
C010990,67,Male,New,No
C010991,73,Male,Returning,Yes
C010992,66,Female,Returning,No
C010993,67,Male,New,No
C010994,72,Male,Returning,Yes
C010995,31,Male,Returning,No
C010996,35,Male,Returning,Yes
C010997,50,Female,Returning,No
C010998,46,Male,New,No
C010999,61,Male,Loyal,No
C011000,16,Male,Loyal,No
C011001,25,Female,Loyal,No
C011002,64,Male,Loyal,No
C011003,69,Female,Returning,Yes
C011004,35,Male,Loyal,Yes
C011005,36,Female,New,Yes
C011006,52,Male,Returning,No
C011007,47,Male,Loyal,Yes
C011008,27,Female,Loyal,No
C011009,48,Male,Returning,No
C011010,69,Male,Loyal,No
C011011,63,Female,Returning,Yes
C011012,69,Female,Returning,No
C011013,57,Female,Loyal,Yes
C011014,73,Male,Returning,No
C011015,32,Female,Loyal,No
C011016,18,Female,Loyal,No
C011017,23,Female,New,Yes
C011018,80,Female,Loyal,No
C011019,57,Female,New,No
C011020,32,Male,Loyal,No
C011021,71,Female,Loyal,Yes
C011022,36,Male,Returning,Yes
C011023,54,Male,Loyal,No
C011024,32,Male,Returning,No
C011025,22,Female,New,No
C011026,33,Male,Returning,No
C011027,30,Male,Returning,No
C011028,51,Female,New,No
C011029,17,Female,New,No
C011030,31,Female,Returning,No
C011031,52,Male,Loyal,No
C011032,41,Female,Returning,No
C011033,57,Male,Loyal,Yes
C011034,58,Male,Returning,Yes
C011035,78,Male,Loyal,No
C011036,70,Male,Loyal,No
C011037,30,Male,New,No
C011038,61,Female,Returning,No
C011039,56,Female,Loyal,Yes
C011040,54,Male,Loyal,No
C011041,67,Female,Returning,No
C011042,25,Male,Loyal,No
C011043,40,Female,Loyal,No
C011044,69,Female,New,No
C011045,73,Male,Returning,No
C011046,18,Male,Loyal,No
C011047,46,Male,New,No
C011048,33,Female,Loyal,No
C011049,26,Female,New,Yes
C011050,19,Male,Returning,Yes
C011051,50,Male,New,No
C011052,59,Female,Returning,No
C011053,50,Male,New,No
C011054,39,Female,Returning,No
C011055,66,Male,New,No
C011056,58,Female,New,Yes
C011057,75,Other,Loyal,Yes
C011058,38,Female,New,No
C011059,31,Male,New,No
C011060,45,Male,New,No
C011061,48,Female,Returning,No
C011062,45,Female,New,Yes
C011063,70,Male,Returning,Yes
C011064,18,Male,Returning,No
C011065,50,Male,New,No
C011066,43,Male,New,Yes
C011067,29,Female,Returning,Yes
C011068,57,Male,Loyal,No
C011069,68,Female,New,No
C011070,51,Male,Returning,Yes
C011071,21,Male,Loyal,No
C011072,20,Male,New,No
C011073,43,Female,New,No
C011074,59,Female,Loyal,Yes
C011075,36,Male,Loyal,Yes
C011076,36,Female,New,No
C011077,71,Male,Returning,No
C011078,16,Male,Returning,No
C011079,21,Female,Returning,No
C011080,26,Female,Returning,Yes
C011081,79,Male,Returning,No
C011082,48,Male,Loyal,No
C011083,26,Female,Returning,No
C011084,36,Female,Returning,Yes
C011085,79,Female,Returning,No
C011086,61,Male,New,No
C011087,30,Male,Returning,No
C011088,31,Male,New,No
C011089,20,Male,Returning,No
C011090,66,Male,Returning,No
C011091,24,Male,Loyal,No
C011092,34,Female,Loyal,No
C011093,38,Male,Returning,No
C011094,56,Male,Returning,Yes
C011095,55,Male,New,No
C011096,67,Male,Returning,No
C011097,35,Female,New,No
C011098,41,Male,New,Yes
C011099,41,Male,Loyal,Yes
C011100,19,Male,Loyal,No
C011101,63,Female,Returning,No
C011102,50,Male,New,No
C011103,46,Male,New,No
C011104,80,Male,New,No
C011105,27,Female,Loyal,No
C011106,78,Male,Returning,No
C011107,60,Male,Loyal,No
C011108,30,Male,New,No
C011109,60,Other,Returning,No
C011110,65,Female,Returning,No
C011111,39,Male,New,No
C011112,38,Female,Returning,No
C011113,70,Female,Loyal,Yes
C011114,26,Female,New,No
C011115,16,Female,New,No
C011116,59,Female,Returning,No
C011117,74,Female,Loyal,No
C011118,48,Female,Loyal,No
C011119,24,Male,New,No
C011120,51,Female,Loyal,No
C011121,32,Female,Loyal,No
C011122,69,Female,Loyal,No
C011123,55,Female,New,Yes
C011124,37,Female,Loyal,No
C011125,56,Male,Loyal,No
C011126,59,Male,Returning,No
C011127,60,Female,New,Yes
C011128,39,Male,New,Yes
C011129,53,Female,New,No
C011130,18,Male,Loyal,No
C011131,42,Male,Loyal,No
C011132,40,Female,Loyal,No
C011133,50,Female,Returning,Yes
C011134,77,Male,Loyal,No
C011135,77,Female,Loyal,Yes
C011136,47,Female,New,Yes
C011137,57,Male,New,No
C011138,23,Male,Loyal,No
C011139,47,Female,Returning,No
C011140,60,Male,New,No
C011141,60,Female,Loyal,No
C011142,78,Female,New,Yes
C011143,46,Male,Returning,Yes
C011144,75,Male,Loyal,No
C011145,79,Male,New,Yes
C011146,53,Male,New,No
C011147,21,Male,Returning,Yes
C011148,40,Male,Returning,No
C011149,65,Male,New,Yes
C011150,53,Female,Returning,Yes
C011151,76,Male,Returning,No
C011152,69,Female,Loyal,No
C011153,20,Male,Returning,No
C011154,71,Female,New,No
C011155,39,Female,New,No
C011156,69,Male,New,No
C011157,49,Male,New,No
C011158,45,Female,New,Yes
C011159,20,Female,Loyal,No
C011160,23,Male,Loyal,No
C011161,54,Other,New,No
C011162,52,Female,Loyal,No
C011163,52,Female,Returning,Yes
C011164,26,Female,Returning,No
C011165,49,Female,Loyal,Yes
C011166,19,Female,New,Yes
C011167,25,Male,Returning,No
C011168,48,Male,New,No
C011169,56,Female,Loyal,No
C011170,58,Female,New,No
C011171,79,Female,Returning,Yes
C011172,71,Female,New,No
C011173,40,Female,New,Yes
C011174,66,Female,New,No
C011175,22,Male,Loyal,Yes
C011176,71,Female,New,Yes
C011177,41,Male,New,No
C011178,65,Male,New,No
C011179,79,Female,New,Yes
C011180,61,Female,New,No
C011181,75,Male,Returning,No
C011182,16,Female,Returning,No
C011183,27,Female,Loyal,No
C011184,56,Male,Returning,No
C011185,51,Male,New,No
C011186,23,Male,Loyal,Yes
C011187,62,Female,New,Yes
C011188,19,Female,Loyal,No
C011189,80,Female,Returning,Yes
C011190,26,Female,New,No
C011191,44,Male,Loyal,Yes
C011192,69,Female,Returning,No
C011193,49,Female,Loyal,No
C011194,64,Female,Returning,No
C011195,61,Female,Returning,No
C011196,77,Female,New,No
C011197,46,Male,New,No
C011198,79,Female,Loyal,No
C011199,49,Male,New,No
C011200,74,Female,Returning,Yes
C011201,63,Female,New,No
C011202,24,Male,Returning,No
C011203,57,Male,New,No
C011204,73,Female,New,Yes
C011205,24,Female,Returning,No
C011206,70,Male,Returning,Yes
C011207,22,Male,Loyal,No
C011208,72,Female,New,No
C011209,67,Female,Returning,No
C011210,25,Female,New,No
C011211,63,Male,Returning,Yes
C011212,23,Male,New,No
C011213,52,Female,New,Yes
C011214,76,Female,Returning,No
C011215,29,Female,New,No
C011216,27,Male,New,No
C011217,43,Male,Loyal,No
C011218,39,Male,Loyal,No
C011219,19,Male,Returning,Yes
C011220,45,Female,New,No
C011221,32,Male,New,No
C011222,24,Female,New,Yes
C011223,33,Female,Returning,Yes
C011224,17,Female,Loyal,No
C011225,75,Male,New,No
C011226,80,Female,Returning,Yes
C011227,39,Female,New,No
C011228,72,Male,Returning,No
C011229,45,Male,New,No
C011230,75,Female,Returning,Yes
C011231,27,Female,Returning,No
C011232,34,Male,New,No
C011233,64,Female,Loyal,Yes
C011234,30,Female,Loyal,No
C011235,69,Female,Returning,Yes
C011236,43,Female,New,Yes
C011237,42,Male,New,No
C011238,45,Male,New,No
C011239,67,Female,Returning,No
C011240,16,Male,New,Yes
C011241,64,Male,Loyal,Yes
C011242,66,Male,Returning,No
C011243,69,Female,Returning,No
C011244,80,Female,Loyal,No
C011245,66,Male,Returning,No
C011246,50,Male,Returning,No
C011247,46,Female,Loyal,Yes
C011248,41,Female,Returning,No
C011249,69,Female,Returning,Yes
C011250,41,Female,Returning,No
C011251,53,Female,Returning,No
C011252,22,Female,Loyal,No
C011253,36,Female,Returning,No
C011254,33,Male,New,No
C011255,44,Male,Loyal,No
C011256,48,Female,Returning,No
C011257,62,Female,Loyal,No
C011258,44,Female,New,Yes
C011259,25,Female,Returning,No
C011260,51,Male,Loyal,Yes
C011261,19,Female,Returning,No
C011262,71,Male,New,No
C011263,66,Female,Returning,No
C011264,30,Male,New,No
C011265,33,Male,New,No
C011266,17,Male,New,No
C011267,39,Male,New,Yes
C011268,18,Female,New,No
C011269,76,Female,Returning,No
C011270,24,Female,Returning,No
C011271,58,Male,New,No
C011272,53,Male,Returning,No
C011273,31,Female,Returning,No
C011274,68,Male,Loyal,No
C011275,23,Female,Loyal,No
C011276,73,Female,Loyal,Yes
C011277,64,Male,Loyal,Yes
C011278,57,Female,Returning,Yes
C011279,73,Female,New,No
C011280,42,Male,Loyal,No
C011281,34,Male,Loyal,Yes
C011282,26,Male,New,Yes
C011283,76,Female,New,No
C011284,42,Female,Returning,No
C011285,69,Male,New,No
C011286,37,Male,Loyal,Yes
C011287,78,Female,New,No
C011288,72,Male,New,Yes
C011289,36,Male,New,No
C011290,47,Male,Returning,No
C011291,67,Male,Returning,No
C011292,30,Female,Returning,Yes
C011293,17,Male,New,Yes
C011294,34,Female,Loyal,Yes
C011295,54,Female,New,No
C011296,24,Female,New,Yes
C011297,37,Female,New,Yes
C011298,75,Female,Returning,No
C011299,20,Male,Returning,No
C011300,19,Female,Returning,Yes
C011301,43,Female,New,Yes
C011302,16,Male,Loyal,Yes
C011303,17,Female,New,Yes
C011304,27,Female,New,Yes
C011305,22,Male,Returning,No
C011306,68,Male,Returning,No
C011307,23,Male,Loyal,Yes
C011308,50,Female,Returning,Yes
C011309,61,Male,New,Yes
C011310,56,Male,Loyal,Yes
C011311,58,Male,Returning,No
C011312,39,Female,Returning,No
C011313,73,Male,New,No
C011314,20,Male,New,Yes
C011315,22,Female,Loyal,Yes
C011316,71,Female,Loyal,Yes
C011317,20,Female,Loyal,No
C011318,28,Male,Loyal,No
C011319,27,Female,Returning,Yes
C011320,18,Male,Returning,Yes
C011321,23,Female,New,No
C011322,53,Male,Loyal,No
C011323,58,Female,Returning,Yes
C011324,21,Male,Returning,No
C011325,77,Male,Returning,No
C011326,22,Male,New,No
C011327,60,Male,Loyal,No
C011328,68,Male,Loyal,No
C011329,49,Male,Returning,No
C011330,47,Female,New,No
C011331,23,Male,Loyal,No
C011332,31,Female,Returning,Yes
C011333,71,Male,Returning,No
C011334,38,Male,Loyal,Yes
C011335,18,Male,Returning,Yes
C011336,63,Female,Returning,No
C011337,60,Female,Returning,No
C011338,20,Male,Returning,Yes
C011339,19,Female,New,No
C011340,23,Male,New,Yes
C011341,19,Female,Returning,Yes
C011342,56,Female,New,No
C011343,24,Male,Loyal,No
C011344,55,Female,Returning,No
C011345,27,Female,Returning,No
C011346,79,Female,New,No
C011347,63,Male,Returning,No
C011348,40,Male,Returning,No
C011349,43,Other,Loyal,No
C011350,20,Female,New,No
C011351,19,Female,Returning,No
C011352,50,Female,Loyal,Yes
C011353,17,Female,Returning,No
C011354,57,Female,Loyal,No
C011355,40,Female,Loyal,No
C011356,25,Female,Returning,Yes
C011357,50,Male,Returning,No
C011358,51,Female,Returning,No
C011359,64,Female,New,No
C011360,28,Female,New,No
C011361,51,Male,Returning,Yes
C011362,70,Male,Loyal,No
C011363,33,Male,Returning,No
C011364,70,Male,Returning,No
C011365,63,Female,Loyal,No
C011366,43,Female,Returning,Yes
C011367,73,Male,New,No
C011368,78,Male,New,No
C011369,31,Male,Loyal,No
C011370,79,Female,Returning,No
C011371,16,Male,Returning,No
C011372,24,Other,Returning,Yes
C011373,18,Female,Returning,Yes
C011374,39,Female,New,No
C011375,76,Male,Returning,Yes
C011376,55,Male,New,No
C011377,56,Female,New,No
C011378,21,Female,Returning,No
C011379,49,Male,New,No
C011380,40,Male,Loyal,No
C011381,47,Male,New,Yes
C011382,32,Female,New,No
C011383,29,Female,Returning,No
C011384,77,Male,Returning,No
C011385,52,Female,New,No
C011386,42,Female,Loyal,Yes
C011387,20,Male,Returning,No
C011388,65,Female,New,No
C011389,46,Male,New,No
C011390,41,Female,Loyal,No
C011391,59,Male,Returning,No
C011392,24,Male,Returning,Yes
C011393,50,Female,New,Yes
C011394,72,Male,Returning,No
C011395,46,Female,New,No
C011396,16,Male,New,Yes
C011397,30,Female,Loyal,No
C011398,19,Other,Loyal,No
C011399,48,Female,New,No
C011400,39,Male,New,Yes
C011401,24,Female,New,No
C011402,60,Female,Loyal,No
C011403,27,Female,Returning,Yes
C011404,38,Female,New,No
C011405,80,Female,Returning,No
C011406,20,Female,Returning,Yes
C011407,32,Male,New,No
C011408,36,Female,Loyal,No
C011409,49,Female,New,No
C011410,31,Male,Returning,Yes
C011411,79,Male,Returning,Yes
C011412,16,Female,Returning,No
C011413,77,Female,New,Yes
C011414,50,Female,Returning,No
C011415,18,Male,Returning,No
C011416,23,Male,Loyal,Yes
C011417,22,Male,New,No
C011418,34,Male,New,No
C011419,37,Male,Loyal,No
C011420,57,Male,Returning,Yes
C011421,36,Male,Returning,Yes
C011422,63,Male,Returning,Yes
C011423,35,Male,New,No
C011424,33,Male,Loyal,No
C011425,33,Female,Returning,No
C011426,37,Female,Loyal,Yes
C011427,70,Female,Returning,Yes
C011428,32,Female,Loyal,No
C011429,33,Male,New,Yes
C011430,78,Male,New,Yes
C011431,58,Female,New,No
C011432,28,Female,Loyal,No
C011433,72,Female,Returning,Yes
C011434,27,Male,Returning,No
C011435,26,Male,New,No
C011436,44,Female,Returning,No
C011437,60,Female,Returning,Yes
C011438,28,Male,Returning,No
C011439,64,Male,Returning,No
C011440,26,Male,New,No
C011441,66,Female,Returning,No
C011442,22,Female,New,No
C011443,46,Male,New,No
C011444,57,Female,New,No
C011445,33,Male,Loyal,No
C011446,55,Male,New,Yes
C011447,60,Female,New,No
C011448,58,Female,Returning,Yes
C011449,41,Male,Returning,No
C011450,66,Male,Loyal,No
C011451,63,Female,Loyal,No
C011452,37,Male,Returning,No
C011453,63,Female,New,No
C011454,75,Male,New,No
C011455,69,Male,New,No
C011456,63,Female,Returning,Yes
C011457,65,Male,New,No
C011458,68,Male,Loyal,Yes
C011459,34,Male,Loyal,No
C011460,62,Female,Returning,No
C011461,28,Male,Returning,No
C011462,39,Male,Loyal,Yes
C011463,76,Female,New,No
C011464,34,Female,Loyal,No
C011465,70,Male,New,Yes
C011466,43,Male,Returning,No
C011467,29,Female,New,No
C011468,22,Male,Returning,No
C011469,51,Female,New,No
C011470,45,Male,New,Yes
C011471,49,Female,Returning,Yes
C011472,18,Female,New,No
C011473,33,Male,New,Yes
C011474,16,Male,Loyal,No
C011475,35,Female,New,Yes
C011476,76,Male,Returning,Yes
C011477,25,Male,New,No
C011478,60,Male,Returning,No
C011479,16,Female,Loyal,No
C011480,52,Female,Returning,Yes
C011481,75,Male,Loyal,Yes
C011482,38,Male,Returning,No
C011483,28,Female,Returning,No
C011484,53,Female,New,No
C011485,34,Female,Loyal,No
C011486,73,Female,Loyal,No
C011487,71,Male,New,No
C011488,58,Female,New,No
C011489,57,Male,New,Yes
C011490,55,Male,New,No
C011491,63,Female,New,Yes
C011492,45,Male,Loyal,No
C011493,79,Female,Loyal,Yes
C011494,38,Female,Returning,No
C011495,16,Female,New,No
C011496,61,Male,Returning,Yes
C011497,59,Female,Loyal,No
C011498,79,Male,Loyal,No
C011499,41,Female,Loyal,Yes
C011500,43,Female,Loyal,No
C011501,52,Male,Returning,Yes
C011502,41,Male,New,No
C011503,67,Male,Loyal,No
C011504,43,Female,Returning,No
C011505,66,Female,Loyal,No
C011506,43,Female,Returning,No
C011507,30,Female,New,No
C011508,80,Male,New,No
C011509,50,Female,Loyal,Yes
C011510,61,Male,Returning,Yes
C011511,54,Male,New,Yes
C011512,39,Female,Returning,Yes
C011513,79,Female,New,No
C011514,40,Male,Returning,No
C011515,80,Female,Returning,No
C011516,44,Female,Returning,Yes
C011517,17,Female,Loyal,No
C011518,18,Male,New,Yes
C011519,79,Male,Loyal,No
C011520,50,Male,Loyal,No
C011521,41,Female,Loyal,No
C011522,68,Male,Loyal,Yes
C011523,56,Female,New,No
C011524,58,Male,Returning,No
C011525,60,Male,New,No
C011526,28,Male,Returning,Yes
C011527,21,Female,New,No
C011528,63,Male,New,No
C011529,17,Female,Loyal,Yes
C011530,62,Female,Loyal,No
C011531,24,Male,Returning,No
C011532,33,Female,Returning,No
C011533,62,Female,Loyal,Yes
C011534,56,Male,Loyal,No
C011535,66,Male,New,No
C011536,55,Male,New,No
C011537,19,Female,Loyal,No
C011538,70,Male,New,No
C011539,30,Female,Returning,Yes
C011540,24,Male,Returning,Yes
C011541,73,Female,Returning,No
C011542,28,Female,New,Yes
C011543,50,Male,Returning,No
C011544,47,Female,Returning,No
C011545,66,Male,Loyal,Yes
C011546,18,Female,Returning,No
C011547,22,Female,Loyal,No
C011548,43,Female,New,No
C011549,46,Female,New,Yes
C011550,67,Female,Loyal,No
C011551,55,Female,New,Yes
C011552,25,Female,New,No
C011553,79,Male,New,No
C011554,45,Male,Returning,Yes
C011555,78,Female,Loyal,No
C011556,80,Female,Loyal,No
C011557,19,Female,New,No
C011558,48,Female,New,Yes
C011559,43,Female,New,Yes
C011560,48,Female,Loyal,No
C011561,36,Male,Returning,No
C011562,52,Male,New,No
C011563,47,Female,New,No
C011564,28,Female,New,Yes
C011565,34,Female,Returning,No
C011566,25,Female,Returning,Yes
C011567,70,Male,Returning,No
C011568,60,Female,Returning,No
C011569,41,Female,New,No
C011570,41,Female,Returning,No
C011571,21,Male,Returning,No
C011572,34,Female,New,No
C011573,76,Male,Returning,No
C011574,18,Female,Loyal,No
C011575,25,Female,Returning,No
C011576,70,Female,Returning,Yes
C011577,49,Female,Returning,No
C011578,18,Female,New,No
C011579,47,Female,New,No
C011580,64,Female,Returning,No
C011581,38,Female,New,No
C011582,40,Female,Returning,Yes
C011583,57,Male,Returning,Yes
C011584,54,Male,New,Yes
C011585,74,Male,Loyal,Yes
C011586,32,Male,Loyal,Yes
C011587,33,Female,New,No
C011588,26,Male,Returning,No
C011589,59,Female,New,No
C011590,50,Female,Loyal,No
C011591,38,Male,Returning,No
C011592,61,Female,Returning,No
C011593,40,Female,Loyal,No
C011594,28,Female,Returning,No
C011595,51,Female,Loyal,No
C011596,44,Female,New,No
C011597,42,Male,New,No
C011598,44,Female,Returning,No
C011599,75,Female,Loyal,No
C011600,30,Female,New,No
C011601,33,Male,Returning,No
C011602,52,Male,Loyal,No
C011603,19,Male,New,No
C011604,25,Female,Returning,No
C011605,52,Female,New,No
C011606,49,Female,New,No
C011607,58,Male,New,No
C011608,23,Male,Loyal,No
C011609,71,Male,New,No
C011610,47,Female,New,No
C011611,26,Male,Returning,No
C011612,36,Female,New,No
C011613,30,Female,Returning,No
C011614,45,Female,Returning,No
C011615,46,Male,Loyal,No
C011616,44,Male,Loyal,No
C011617,45,Female,New,No
C011618,75,Male,Returning,Yes
C011619,78,Female,Returning,Yes
C011620,47,Female,New,No
C011621,78,Female,Returning,No
C011622,69,Female,Loyal,No
C011623,69,Male,Loyal,No
C011624,30,Female,Returning,No
C011625,44,Female,New,No
C011626,38,Female,Returning,No
C011627,22,Male,Returning,No
C011628,20,Male,Returning,No
C011629,56,Male,Loyal,No
C011630,43,Female,Loyal,No
C011631,69,Female,Loyal,No
C011632,59,Female,Returning,No
C011633,21,Male,Returning,No
C011634,70,Female,New,No
C011635,48,Male,Loyal,No
C011636,52,Male,Returning,No
C011637,78,Male,New,No
C011638,57,Male,New,No
C011639,17,Female,Loyal,No
C011640,27,Female,New,Yes
C011641,43,Female,Loyal,No
C011642,18,Female,Returning,Yes
C011643,26,Male,New,No
C011644,67,Female,Loyal,No
C011645,25,Male,Loyal,Yes
C011646,26,Male,New,No
C011647,48,Female,New,No
C011648,21,Female,Returning,No
C011649,32,Female,New,No
C011650,76,Female,New,No
C011651,57,Male,Loyal,No
C011652,78,Male,New,No
C011653,39,Male,Returning,No
C011654,56,Female,New,Yes
C011655,31,Male,New,Yes
C011656,40,Male,New,Yes
C011657,27,Other,New,Yes
C011658,70,Male,Loyal,No
C011659,27,Male,Loyal,No
C011660,29,Female,Returning,No
C011661,46,Male,Loyal,No
C011662,43,Female,New,No
C011663,36,Female,Returning,No
C011664,39,Female,Loyal,No
C011665,35,Female,Returning,No
C011666,75,Female,Loyal,No
C011667,53,Female,Returning,No
C011668,75,Male,Loyal,No
C011669,80,Male,New,No
C011670,58,Male,New,No
C011671,69,Male,New,No
C011672,23,Female,Loyal,No
C011673,77,Male,New,Yes
C011674,47,Male,New,No
C011675,62,Female,Loyal,No
C011676,31,Male,Returning,No
C011677,22,Male,Returning,No
C011678,73,Female,New,No
C011679,45,Male,Loyal,Yes
C011680,24,Female,Loyal,No
C011681,58,Male,Returning,No
C011682,19,Male,New,No
C011683,45,Female,Returning,No
C011684,61,Male,Returning,Yes
C011685,62,Female,Loyal,No
C011686,45,Female,Loyal,No
C011687,40,Male,Loyal,Yes
C011688,70,Male,Returning,No
C011689,28,Female,New,Yes
C011690,20,Male,Loyal,No
C011691,26,Female,Returning,Yes
C011692,68,Female,New,No
C011693,46,Male,Loyal,No
C011694,18,Female,New,No
C011695,26,Female,Returning,No
C011696,17,Male,Returning,No
C011697,68,Male,New,No
C011698,45,Male,Loyal,No
C011699,20,Male,Returning,Yes
C011700,30,Male,Returning,Yes
C011701,56,Male,Loyal,No
C011702,54,Female,Loyal,No
C011703,69,Female,Returning,No
C011704,17,Female,Returning,No
C011705,20,Female,Returning,No
C011706,18,Female,Loyal,No
C011707,41,Male,New,No
C011708,63,Male,Returning,Yes
C011709,59,Male,New,No
C011710,29,Female,Loyal,Yes
C011711,58,Female,Loyal,Yes
C011712,58,Female,New,No
C011713,28,Female,Returning,No
C011714,64,Female,New,No
C011715,43,Male,New,No
C011716,19,Female,New,No
C011717,41,Male,Loyal,No
C011718,66,Female,New,Yes
C011719,61,Male,Returning,Yes
C011720,33,Male,Loyal,Yes
C011721,65,Male,New,Yes
C011722,41,Female,Returning,No
C011723,45,Male,Loyal,No
C011724,21,Female,Loyal,Yes
C011725,80,Male,New,Yes
C011726,70,Female,New,Yes
C011727,28,Male,Loyal,Yes
C011728,52,Male,New,Yes
C011729,66,Male,Returning,Yes
C011730,48,Male,New,No
C011731,29,Female,Loyal,No
C011732,78,Male,New,No
C011733,33,Female,Returning,Yes
C011734,37,Female,Loyal,No
C011735,40,Female,New,No
C011736,73,Female,Returning,No
C011737,48,Female,Loyal,No
C011738,62,Male,Returning,No
C011739,74,Female,New,Yes
C011740,76,Male,Loyal,No
C011741,71,Female,New,No
C011742,75,Male,New,Yes
C011743,77,Female,New,Yes
C011744,80,Female,Returning,Yes
C011745,57,Male,New,No
C011746,24,Male,New,No
C011747,23,Other,Returning,No
C011748,67,Female,New,No
C011749,36,Male,Loyal,No
C011750,68,Male,Returning,No
C011751,76,Male,Returning,No
C011752,57,Female,New,Yes
C011753,65,Female,Loyal,No
C011754,34,Female,New,No
C011755,44,Male,New,No
C011756,78,Female,New,No
C011757,69,Female,Loyal,Yes
C011758,29,Male,Returning,Yes
C011759,76,Male,New,Yes
C011760,48,Male,New,No
C011761,70,Male,Returning,No
C011762,49,Female,New,No
C011763,55,Male,Returning,No
C011764,26,Female,New,Yes
C011765,38,Female,New,No
C011766,62,Female,Loyal,Yes
C011767,70,Female,Returning,No
C011768,21,Male,New,No
C011769,20,Male,New,Yes
C011770,61,Female,Loyal,No
C011771,45,Female,Loyal,Yes
C011772,71,Female,Loyal,No
C011773,20,Female,Loyal,No
C011774,38,Male,New,Yes
C011775,18,Male,New,No
C011776,62,Female,New,Yes
C011777,71,Female,New,Yes
C011778,26,Male,Loyal,No
C011779,37,Male,New,Yes
C011780,70,Male,Returning,Yes
C011781,18,Female,New,Yes
C011782,77,Male,Loyal,No
C011783,73,Female,Loyal,No
C011784,25,Male,Loyal,No
C011785,25,Female,New,No
C011786,60,Male,Loyal,No
C011787,16,Female,Loyal,No
C011788,48,Male,Returning,No
C011789,20,Female,Returning,No
C011790,50,Male,New,No
C011791,38,Female,Returning,No
C011792,61,Male,Loyal,No
C011793,73,Female,New,No
C011794,47,Male,New,Yes
C011795,57,Male,New,Yes
C011796,55,Female,Loyal,No
C011797,80,Female,Returning,No
C011798,31,Female,Loyal,No
C011799,31,Female,Returning,Yes
C011800,40,Male,New,No
C011801,63,Female,Returning,No
C011802,72,Female,New,No
C011803,34,Female,Returning,No
C011804,23,Female,Returning,No
C011805,55,Female,Returning,No
C011806,54,Male,Returning,No
C011807,40,Female,Returning,No
C011808,27,Male,Loyal,No
C011809,71,Male,New,No
C011810,71,Female,Loyal,No
C011811,64,Male,Returning,Yes
C011812,53,Male,Returning,No
C011813,32,Male,New,Yes
C011814,42,Female,New,No
C011815,20,Male,Returning,No
C011816,32,Female,Loyal,Yes
C011817,45,Male,Returning,No
C011818,44,Female,New,No
C011819,21,Female,Loyal,Yes
C011820,78,Male,Loyal,No
C011821,33,Female,Returning,Yes
C011822,49,Female,New,No
C011823,46,Male,Returning,No
C011824,46,Female,Loyal,Yes
C011825,70,Female,New,No
C011826,64,Female,New,No
C011827,72,Male,Returning,No
C011828,40,Male,Returning,Yes
C011829,33,Male,New,Yes
C011830,43,Male,Returning,No
C011831,52,Male,Loyal,No
C011832,37,Male,Loyal,No
C011833,45,Male,New,No
C011834,25,Male,Loyal,Yes
C011835,53,Male,Returning,No
C011836,62,Female,New,No
C011837,50,Female,New,No
C011838,72,Female,Loyal,No
C011839,80,Female,New,No
C011840,74,Male,New,No
C011841,22,Male,Returning,Yes
C011842,73,Male,Loyal,Yes
C011843,37,Male,New,No
C011844,45,Male,Returning,No
C011845,42,Male,Loyal,No
C011846,34,Female,Loyal,Yes
C011847,73,Female,Loyal,No
C011848,57,Female,New,Yes
C011849,78,Female,Loyal,No
C011850,78,Female,Returning,Yes
C011851,43,Female,Returning,No
C011852,63,Female,New,No
C011853,48,Female,Returning,No
C011854,48,Male,New,Yes
C011855,64,Female,Returning,No
C011856,60,Male,New,Yes
C011857,75,Female,Returning,No
C011858,66,Male,New,No
C011859,56,Male,Returning,No
C011860,75,Male,Returning,No
C011861,22,Male,Returning,Yes
C011862,65,Male,Loyal,No
C011863,41,Female,Returning,Yes
C011864,44,Female,Loyal,No
C011865,66,Male,Returning,Yes
C011866,33,Female,Loyal,No
C011867,73,Female,Loyal,No
C011868,48,Male,Returning,No
C011869,38,Female,Loyal,No
C011870,37,Male,New,No
C011871,43,Female,Loyal,No
C011872,77,Female,Returning,No
C011873,22,Female,New,No
C011874,49,Female,Returning,No
C011875,70,Male,New,Yes
C011876,46,Male,Loyal,No
C011877,52,Female,Loyal,No
C011878,38,Female,Returning,No
C011879,24,Male,New,Yes
C011880,57,Female,Loyal,Yes
C011881,75,Female,Loyal,Yes
C011882,49,Female,Returning,No
C011883,44,Male,New,No
C011884,24,Female,Returning,Yes
C011885,77,Female,New,No
C011886,72,Male,Loyal,No
C011887,74,Male,New,No
C011888,39,Male,New,Yes
C011889,56,Male,New,No
C011890,44,Male,Returning,No
C011891,31,Male,Returning,Yes
C011892,29,Male,Loyal,No
C011893,40,Female,Loyal,No
C011894,51,Female,New,No
C011895,23,Male,New,No
C011896,61,Male,New,No
C011897,45,Female,Loyal,No
C011898,73,Male,Loyal,Yes
C011899,34,Male,New,Yes
C011900,19,Female,New,No
C011901,36,Male,Loyal,No
C011902,79,Female,Returning,No
C011903,36,Male,Returning,No
C011904,61,Other,New,No
C011905,70,Male,New,No
C011906,34,Male,New,Yes
C011907,57,Male,Returning,No
C011908,29,Female,Returning,Yes
C011909,39,Male,New,No
C011910,35,Female,Returning,No
C011911,59,Male,New,No
C011912,72,Male,New,No
C011913,32,Male,New,Yes
C011914,34,Female,New,No
C011915,69,Female,Loyal,No
C011916,46,Female,New,No
C011917,49,Female,New,No
C011918,61,Female,Loyal,Yes
C011919,24,Female,New,No
C011920,72,Male,New,Yes
C011921,39,Female,New,No
C011922,58,Male,New,No
C011923,44,Female,New,No
C011924,64,Male,Returning,No
C011925,55,Male,Returning,Yes
C011926,27,Male,New,No
C011927,28,Male,Loyal,No
C011928,73,Male,New,No
C011929,49,Female,Returning,No
C011930,33,Male,New,No
C011931,25,Female,New,No
C011932,24,Male,Returning,No
C011933,75,Male,New,Yes
C011934,79,Female,New,No
C011935,41,Male,Returning,No
C011936,29,Female,Loyal,No
C011937,43,Male,Returning,Yes
C011938,24,Male,New,No
C011939,51,Female,New,No
C011940,56,Male,Returning,Yes
C011941,80,Female,New,No
C011942,36,Male,New,No
C011943,28,Male,Returning,No
C011944,24,Female,Loyal,No
C011945,40,Female,Loyal,No
C011946,55,Female,New,Yes
C011947,20,Male,Loyal,Yes
C011948,65,Male,Returning,Yes
C011949,45,Female,Loyal,No
C011950,67,Female,Returning,Yes
C011951,46,Female,Returning,Yes
C011952,26,Female,New,No
C011953,17,Female,Returning,No
C011954,52,Male,Returning,Yes
C011955,51,Female,Returning,No
C011956,68,Male,Returning,No
C011957,73,Female,New,No
C011958,26,Male,Returning,No
C011959,36,Female,New,No
C011960,29,Female,New,Yes
C011961,22,Female,Returning,No
C011962,16,Male,Returning,No
C011963,21,Male,New,No
C011964,50,Female,New,Yes
C011965,25,Male,Returning,No
C011966,28,Male,Loyal,Yes
C011967,23,Female,Returning,No
C011968,63,Male,Loyal,No
C011969,57,Female,Returning,No
C011970,78,Male,New,No
C011971,23,Male,New,No
C011972,29,Female,New,No
C011973,45,Male,Loyal,No
C011974,58,Female,New,Yes
C011975,24,Male,New,No
C011976,29,Male,Returning,No
C011977,43,Male,Returning,No
C011978,17,Female,Returning,No
C011979,41,Female,New,No
C011980,65,Male,Loyal,Yes
C011981,50,Male,New,No
C011982,44,Male,New,No
C011983,47,Female,Loyal,Yes
C011984,77,Male,Loyal,Yes
C011985,49,Male,Loyal,Yes
C011986,50,Male,Returning,Yes
C011987,76,Female,Loyal,No
C011988,26,Female,New,No
C011989,22,Female,Loyal,No
C011990,45,Male,Loyal,No
C011991,36,Male,Returning,No
C011992,29,Male,New,No
C011993,23,Female,Loyal,Yes
C011994,73,Male,Returning,Yes
C011995,55,Male,Loyal,Yes
C011996,60,Female,Loyal,No
C011997,23,Female,Loyal,No
C011998,38,Female,New,No
C011999,56,Male,Returning,No
C012000,50,Female,Loyal,No
C012001,61,Female,Returning,No
C012002,59,Male,New,Yes
C012003,42,Male,Returning,Yes
C012004,66,Male,New,No
C012005,32,Male,New,No
C012006,21,Male,New,No
C012007,75,Male,New,No
C012008,17,Male,Returning,Yes
C012009,34,Female,New,No
C012010,23,Male,Returning,Yes
C012011,31,Male,Loyal,Yes
C012012,41,Male,Returning,Yes
C012013,24,Female,Returning,No
C012014,46,Female,New,No
C012015,76,Female,Returning,Yes
C012016,24,Female,Returning,No
C012017,76,Female,Loyal,No
C012018,42,Female,Loyal,No
C012019,54,Female,Returning,Yes
C012020,44,Male,New,No
C012021,36,Male,Returning,No
C012022,23,Male,Loyal,No
C012023,54,Female,Loyal,No
C012024,75,Female,Loyal,No
C012025,49,Female,New,Yes
C012026,54,Male,Loyal,Yes
C012027,57,Female,New,No
C012028,41,Male,New,No
C012029,23,Female,Returning,No
C012030,48,Female,New,No
C012031,72,Female,Returning,No
C012032,36,Female,New,No
C012033,72,Female,New,No
C012034,71,Male,New,Yes
C012035,31,Female,Returning,No
C012036,53,Female,New,No
C012037,64,Female,Returning,No
C012038,48,Other,Returning,No
C012039,61,Male,New,Yes
C012040,75,Male,Loyal,No
C012041,56,Female,New,No
C012042,70,Male,Loyal,No
C012043,68,Female,Loyal,Yes
C012044,68,Male,Loyal,No
C012045,71,Male,Returning,No
C012046,30,Female,Loyal,Yes
C012047,17,Female,New,No
C012048,25,Male,Loyal,No
C012049,32,Female,New,Yes
C012050,60,Female,Returning,No
C012051,49,Female,Returning,No
C012052,46,Female,Loyal,No
C012053,16,Male,Returning,No
C012054,60,Female,New,Yes
C012055,39,Male,New,Yes
C012056,65,Female,Loyal,No
C012057,23,Female,Loyal,Yes
C012058,35,Female,New,No
C012059,19,Male,Returning,No
C012060,34,Female,Returning,No
C012061,76,Male,New,No
C012062,47,Male,New,No
C012063,44,Male,Returning,No
C012064,33,Female,New,Yes
C012065,33,Female,Loyal,No
C012066,59,Male,New,No
C012067,80,Male,Returning,No
C012068,64,Male,New,No
C012069,63,Male,Returning,No
C012070,46,Female,New,No
C012071,22,Male,New,No
C012072,63,Male,Returning,Yes
C012073,68,Male,Returning,No
C012074,49,Male,Returning,No
C012075,21,Female,New,No
C012076,62,Male,New,No
C012077,75,Male,New,No
C012078,30,Female,New,No
C012079,26,Male,New,No
C012080,64,Female,New,No
C012081,37,Female,Returning,Yes
C012082,62,Male,New,No
C012083,61,Female,Returning,No
C012084,33,Male,Loyal,No
C012085,18,Female,Loyal,No
C012086,52,Male,Returning,No
C012087,42,Male,New,Yes
C012088,71,Male,Returning,Yes
C012089,39,Female,New,No
C012090,32,Male,Returning,Yes
C012091,71,Female,Loyal,No
C012092,63,Male,Returning,Yes
C012093,56,Female,Loyal,Yes
C012094,78,Female,New,Yes
C012095,66,Male,New,Yes
C012096,72,Female,New,Yes
C012097,67,Female,New,No
C012098,42,Female,New,No
C012099,20,Female,Loyal,Yes
C012100,55,Male,Returning,No
C012101,65,Male,Loyal,No
C012102,80,Female,Loyal,Yes
C012103,60,Male,Returning,No
C012104,52,Male,Loyal,No
C012105,53,Male,New,Yes
C012106,23,Male,Loyal,No
C012107,16,Female,Returning,No
C012108,18,Female,Returning,No
C012109,74,Male,Returning,No
C012110,67,Male,Loyal,No
C012111,32,Male,Loyal,No
C012112,43,Female,New,Yes
C012113,47,Male,New,No
C012114,32,Female,New,No
C012115,43,Male,Loyal,No
C012116,38,Female,New,No
C012117,61,Male,Returning,Yes
C012118,65,Male,Returning,No
C012119,22,Female,Loyal,No
C012120,46,Male,Loyal,No
C012121,80,Male,Returning,No
C012122,72,Female,Returning,No
C012123,67,Female,Loyal,Yes
C012124,63,Male,New,No
C012125,16,Female,Returning,No
C012126,79,Female,Loyal,No
C012127,63,Male,Returning,Yes
C012128,73,Male,Loyal,No
C012129,75,Male,Returning,Yes
C012130,32,Male,Returning,No
C012131,16,Female,Loyal,No
C012132,58,Male,Returning,No
C012133,45,Female,Loyal,No
C012134,17,Female,Loyal,Yes
C012135,33,Male,New,Yes
C012136,80,Male,New,Yes
C012137,39,Female,Returning,No
C012138,32,Male,Loyal,Yes
C012139,58,Male,Loyal,No
C012140,59,Female,New,No
C012141,37,Female,Returning,No
C012142,71,Female,Returning,Yes
C012143,53,Male,Returning,No
C012144,26,Female,Returning,No
C012145,37,Female,Loyal,No
C012146,71,Female,Returning,No
C012147,21,Male,New,Yes
C012148,16,Female,Returning,Yes
C012149,58,Female,New,No
C012150,44,Female,Returning,Yes
C012151,32,Female,Loyal,Yes
C012152,46,Female,Returning,No
C012153,27,Male,Loyal,No
C012154,40,Male,Returning,No
C012155,31,Female,Returning,Yes
C012156,54,Male,Returning,No
C012157,59,Female,Returning,No
C012158,75,Male,Returning,No
C012159,20,Female,New,Yes
C012160,37,Male,Returning,Yes
C012161,33,Male,New,No
C012162,53,Male,New,Yes
C012163,50,Female,Returning,No
C012164,73,Male,Loyal,No
C012165,75,Male,New,No
C012166,66,Male,Loyal,No
C012167,28,Female,Returning,No
C012168,18,Female,New,No
C012169,74,Female,New,No
C012170,77,Female,New,No
C012171,32,Female,Returning,No
C012172,19,Male,Returning,No
C012173,60,Female,Returning,No
C012174,54,Female,New,Yes
C012175,73,Female,New,No
C012176,53,Male,New,No
C012177,65,Male,Loyal,No
C012178,67,Male,Returning,No
C012179,16,Male,Returning,No
C012180,25,Male,Returning,No
C012181,66,Female,New,No
C012182,27,Male,New,Yes
C012183,29,Female,Returning,Yes
C012184,64,Male,Loyal,No
C012185,29,Female,Loyal,Yes
C012186,25,Male,New,No
C012187,16,Female,New,No
C012188,46,Female,New,Yes
C012189,57,Male,New,Yes
C012190,63,Female,Loyal,No
C012191,74,Female,New,No
C012192,58,Male,New,No
C012193,65,Male,New,Yes
C012194,29,Male,Loyal,Yes
C012195,38,Female,Returning,No
C012196,35,Female,New,No
C012197,20,Female,Returning,Yes
C012198,78,Male,New,No
C012199,31,Male,New,No
C012200,45,Female,Loyal,Yes
C012201,39,Female,Returning,No
C012202,18,Female,Returning,No
C012203,74,Female,Returning,No
C012204,30,Female,Returning,No
C012205,22,Female,Loyal,No
C012206,38,Female,New,Yes
C012207,25,Female,Returning,No
C012208,80,Female,Returning,Yes
C012209,28,Male,New,Yes
C012210,35,Male,New,No
C012211,33,Female,Loyal,Yes
C012212,17,Female,Loyal,No
C012213,16,Male,New,No
C012214,49,Female,New,No
C012215,31,Female,Returning,Yes
C012216,21,Female,Loyal,No
C012217,34,Female,Returning,No
C012218,33,Male,Loyal,No
C012219,43,Male,Loyal,No
C012220,80,Female,New,No
C012221,35,Female,New,No
C012222,61,Male,New,Yes
C012223,65,Female,Loyal,No
C012224,19,Other,Returning,No
C012225,48,Male,Loyal,Yes
C012226,45,Female,Returning,Yes
C012227,49,Female,Returning,Yes
C012228,27,Female,New,No
C012229,46,Male,New,No
C012230,23,Female,Loyal,No
C012231,77,Male,Returning,No
C012232,54,Male,Loyal,No
C012233,18,Male,New,No
C012234,48,Male,Returning,Yes
C012235,76,Female,Returning,Yes
C012236,64,Female,New,Yes
C012237,33,Male,Returning,No
C012238,73,Male,Loyal,Yes
C012239,28,Male,Returning,No
C012240,32,Male,Returning,Yes
C012241,26,Male,Returning,No
C012242,75,Female,Loyal,Yes
C012243,62,Female,Loyal,No
C012244,49,Male,Returning,No
C012245,59,Male,Returning,No
C012246,32,Male,Returning,No
C012247,20,Female,Loyal,No
C012248,70,Male,Loyal,No
C012249,78,Female,Returning,Yes
C012250,18,Female,New,Yes
C012251,19,Female,Loyal,No
C012252,52,Male,New,Yes
C012253,18,Female,New,No
C012254,62,Female,Returning,Yes
C012255,77,Female,Returning,Yes
C012256,34,Female,New,No
C012257,35,Male,New,No
C012258,72,Male,Loyal,Yes
C012259,39,Male,Returning,No
C012260,31,Female,New,No
C012261,21,Female,New,No
C012262,70,Female,Returning,No
C012263,76,Male,New,No
C012264,21,Male,New,No
C012265,68,Female,Loyal,No
C012266,26,Male,Returning,No
C012267,25,Female,Returning,No
C012268,40,Male,Returning,Yes
C012269,44,Male,Returning,Yes
C012270,71,Male,Returning,No
C012271,61,Male,Returning,No
C012272,25,Female,Returning,No
C012273,53,Male,New,No
C012274,72,Female,Returning,Yes
C012275,59,Male,New,No
C012276,30,Female,Loyal,Yes
C012277,24,Female,Loyal,Yes
C012278,45,Male,Loyal,No
C012279,46,Female,Returning,Yes
C012280,38,Female,Returning,Yes
C012281,23,Female,Returning,No
C012282,23,Male,New,No
C012283,50,Male,Loyal,No
C012284,77,Male,New,No
C012285,54,Male,Returning,No
C012286,44,Female,Loyal,No
C012287,76,Female,Returning,No
C012288,60,Female,Returning,No
C012289,62,Male,Returning,No
C012290,53,Male,Returning,No
C012291,65,Female,Returning,No
C012292,48,Female,Returning,No
C012293,56,Male,Loyal,Yes
C012294,56,Male,New,Yes
C012295,64,Male,Returning,Yes
C012296,74,Female,New,Yes
C012297,35,Female,Returning,No
C012298,61,Female,New,No
C012299,18,Female,Returning,No
C012300,50,Male,New,Yes
C012301,74,Female,New,Yes
C012302,57,Female,Returning,No
C012303,33,Male,Returning,No
C012304,55,Male,Returning,No
C012305,39,Female,Loyal,No
C012306,44,Male,New,No
C012307,30,Female,Returning,Yes
C012308,56,Male,Returning,No
C012309,28,Female,Loyal,No
C012310,44,Male,New,No
C012311,77,Female,Returning,No
C012312,65,Female,Loyal,No
C012313,42,Male,Returning,No
C012314,78,Male,Loyal,No
C012315,16,Female,New,No
C012316,78,Female,New,Yes
C012317,38,Female,Returning,No
C012318,69,Female,New,No
C012319,77,Male,Returning,No
C012320,55,Female,New,No
C012321,55,Male,Returning,No
C012322,64,Male,Loyal,No
C012323,31,Male,Loyal,No
C012324,27,Female,New,No
C012325,38,Female,New,No
C012326,47,Male,Loyal,No
C012327,64,Female,Returning,Yes
C012328,32,Female,Returning,No
C012329,52,Male,Loyal,Yes
C012330,16,Male,Returning,No
C012331,18,Female,Returning,No
C012332,78,Female,Loyal,Yes
C012333,71,Female,Returning,Yes
C012334,72,Male,Returning,No
C012335,37,Female,Loyal,No
C012336,49,Male,Returning,Yes
C012337,59,Male,Loyal,No
C012338,32,Female,New,No
C012339,64,Male,Loyal,No
C012340,61,Male,New,No
C012341,42,Male,New,No
C012342,44,Female,Returning,Yes
C012343,35,Female,Loyal,No
C012344,68,Male,Loyal,No
C012345,80,Male,Returning,No
C012346,80,Male,Loyal,No
C012347,66,Female,Returning,Yes
C012348,38,Male,Loyal,Yes
C012349,66,Female,New,No
C012350,31,Female,New,Yes
C012351,74,Female,New,No
C012352,33,Female,Loyal,No
C012353,42,Female,New,No
C012354,22,Female,Returning,No
C012355,21,Male,New,Yes
C012356,41,Male,New,No
C012357,51,Female,Returning,No
C012358,17,Male,New,No
C012359,71,Female,Loyal,Yes
C012360,23,Female,Loyal,Yes
C012361,80,Male,Returning,No
C012362,33,Female,Returning,No
C012363,40,Female,Loyal,Yes
C012364,26,Male,Returning,Yes
C012365,69,Female,New,No
C012366,63,Female,New,No
C012367,21,Male,New,No
C012368,22,Male,Returning,Yes
C012369,55,Female,Returning,No
C012370,72,Male,Loyal,No
C012371,23,Female,Returning,Yes
C012372,30,Female,New,No
C012373,51,Female,Returning,Yes
C012374,23,Female,Returning,No
C012375,35,Male,New,Yes
C012376,16,Male,New,Yes
C012377,48,Female,Returning,No
C012378,62,Female,Returning,No
C012379,42,Female,New,No
C012380,32,Male,Returning,No
C012381,43,Female,Returning,No
C012382,49,Male,New,No
C012383,26,Female,Loyal,No
C012384,23,Female,Returning,No
C012385,27,Male,New,No
C012386,80,Male,Loyal,No
C012387,62,Female,Returning,No
C012388,24,Female,Loyal,No
C012389,35,Male,New,No
C012390,42,Male,Returning,No
C012391,27,Male,Returning,No
C012392,71,Male,Loyal,No
C012393,77,Male,Loyal,Yes
C012394,31,Female,Returning,No
C012395,17,Female,Loyal,Yes
C012396,33,Female,New,Yes
C012397,53,Male,Returning,No
C012398,68,Female,Returning,No
C012399,38,Female,New,No
C012400,33,Male,New,No
C012401,32,Female,New,No
C012402,16,Male,New,Yes
C012403,16,Female,New,No
C012404,43,Male,New,Yes
C012405,56,Male,Returning,Yes
C012406,16,Female,Returning,No
C012407,29,Female,New,No
C012408,75,Female,Returning,Yes
C012409,80,Male,New,Yes
C012410,57,Male,Returning,Yes
C012411,49,Female,Loyal,No
C012412,53,Female,Loyal,No
C012413,40,Male,Returning,Yes
C012414,29,Female,Returning,No
C012415,40,Male,New,No
C012416,61,Female,Returning,No
C012417,59,Female,New,No
C012418,60,Male,Returning,No
C012419,55,Female,Loyal,Yes
C012420,19,Male,Loyal,No
C012421,56,Male,Returning,No
C012422,73,Male,Returning,No
C012423,58,Male,Returning,No
C012424,53,Male,Returning,No
C012425,30,Male,Loyal,No
C012426,67,Male,Returning,No
C012427,45,Male,Returning,No
C012428,33,Male,New,No
C012429,47,Female,Returning,No
C012430,23,Female,New,Yes
C012431,76,Female,New,No
C012432,61,Female,Returning,Yes
C012433,37,Female,Loyal,No
C012434,67,Female,Returning,No
C012435,19,Female,New,No
C012436,41,Male,New,No
C012437,58,Male,New,No
C012438,17,Female,New,No
C012439,62,Male,New,No
C012440,69,Male,New,Yes
C012441,54,Male,New,No
C012442,29,Female,New,No
C012443,64,Female,New,No
C012444,38,Female,Loyal,No
C012445,63,Male,Loyal,No
C012446,56,Male,Loyal,No
C012447,22,Male,New,No
C012448,22,Male,New,No
C012449,16,Male,Returning,Yes
C012450,20,Male,Loyal,No
C012451,35,Male,Returning,No
C012452,17,Male,Loyal,No
C012453,77,Female,Returning,No
C012454,75,Male,Loyal,No
C012455,27,Female,Loyal,No
C012456,36,Female,New,No
C012457,64,Other,New,No
C012458,58,Female,Returning,No
C012459,53,Female,New,No
C012460,80,Male,Returning,No
C012461,56,Female,Returning,No
C012462,59,Female,Returning,No
C012463,48,Female,Loyal,Yes
C012464,50,Male,New,No
C012465,34,Female,Loyal,No
C012466,49,Female,New,No
C012467,75,Male,Loyal,Yes
C012468,40,Female,New,No
C012469,24,Male,Returning,No
C012470,54,Female,Loyal,No
C012471,67,Female,New,No
C012472,78,Male,Loyal,No
C012473,51,Female,Returning,No
C012474,67,Female,Returning,No
C012475,32,Female,Returning,No
C012476,43,Female,New,No
C012477,43,Female,Returning,No
C012478,37,Female,New,Yes
C012479,62,Female,Returning,No
C012480,73,Female,Returning,No
C012481,37,Female,New,Yes
C012482,24,Male,New,No
C012483,69,Female,Returning,Yes
C012484,71,Male,New,No
C012485,76,Male,Returning,No
C012486,32,Female,Loyal,Yes
C012487,62,Female,New,No
C012488,62,Female,Returning,Yes
C012489,67,Male,Loyal,No
C012490,68,Female,Loyal,No
C012491,77,Female,New,No
C012492,47,Male,Loyal,No
C012493,20,Male,New,No
C012494,28,Female,Returning,Yes
C012495,73,Male,New,No
C012496,70,Female,New,Yes
C012497,16,Female,Returning,No
C012498,39,Female,New,Yes
C012499,31,Male,Returning,Yes
C012500,36,Female,Returning,Yes
C012501,57,Male,Loyal,No
C012502,49,Male,Returning,No
C012503,47,Female,Returning,No
C012504,44,Female,New,Yes
C012505,57,Female,Loyal,No
C012506,60,Male,Returning,Yes
C012507,18,Female,New,Yes
C012508,24,Male,Returning,No
C012509,38,Female,New,No
C012510,44,Male,New,No
C012511,80,Male,New,No
C012512,73,Male,Returning,No
C012513,58,Female,New,No
C012514,18,Female,Loyal,No
C012515,22,Female,New,Yes
C012516,45,Female,New,Yes
C012517,54,Male,New,No
C012518,58,Female,Returning,No
C012519,25,Female,New,No
C012520,73,Female,New,Yes
C012521,48,Female,New,No
C012522,54,Male,Loyal,No
C012523,18,Male,New,No
C012524,69,Female,New,No
C012525,51,Female,Returning,Yes
C012526,30,Male,Returning,No
C012527,36,Male,New,No
C012528,38,Male,Loyal,No
C012529,17,Male,Returning,No
C012530,77,Male,Returning,No
C012531,68,Male,Returning,No
C012532,73,Male,Loyal,No
C012533,38,Male,New,No
C012534,52,Male,Loyal,No
C012535,45,Male,New,No
C012536,46,Female,Returning,Yes
C012537,54,Female,New,No
C012538,45,Male,Returning,No
C012539,66,Male,Loyal,No
C012540,19,Female,Returning,Yes
C012541,28,Female,New,No
C012542,74,Female,Loyal,No
C012543,73,Female,Loyal,No
C012544,69,Male,New,Yes
C012545,39,Female,New,No
C012546,45,Female,Returning,No
C012547,17,Female,Returning,No
C012548,34,Female,New,Yes
C012549,63,Female,New,No
C012550,38,Female,Returning,No
C012551,47,Male,Loyal,No
C012552,24,Female,New,No
C012553,48,Male,Returning,Yes
C012554,62,Male,Loyal,No
C012555,53,Female,New,Yes
C012556,52,Female,New,No
C012557,75,Female,New,No
C012558,31,Female,Returning,No
C012559,35,Male,Returning,Yes
C012560,56,Male,Loyal,No
C012561,47,Male,Returning,Yes
C012562,79,Male,New,Yes
C012563,19,Male,Returning,No
C012564,23,Male,Returning,No
C012565,38,Female,Returning,No
C012566,45,Female,Loyal,Yes
C012567,73,Female,Returning,No
C012568,48,Female,Returning,No
C012569,44,Male,New,Yes
C012570,26,Female,Returning,No
C012571,44,Male,Returning,Yes
C012572,50,Female,Loyal,Yes
C012573,53,Male,Loyal,No
C012574,55,Female,Loyal,Yes
C012575,43,Female,Returning,No
C012576,26,Male,Loyal,No
C012577,25,Female,Returning,No
C012578,26,Male,Returning,No
C012579,56,Male,New,No
C012580,71,Female,Loyal,No
C012581,73,Female,Loyal,No
C012582,36,Female,Returning,No
C012583,21,Female,New,No
C012584,56,Male,New,No
C012585,18,Male,New,No
C012586,56,Female,Loyal,No
C012587,40,Male,Returning,No
C012588,70,Male,Returning,No
C012589,56,Female,New,Yes
C012590,64,Female,Returning,No
C012591,42,Male,Loyal,No
C012592,70,Male,Loyal,No
C012593,50,Female,Returning,No
C012594,56,Female,New,No
C012595,39,Female,New,Yes
C012596,45,Male,Loyal,No
C012597,70,Male,Loyal,No
C012598,41,Female,New,No
C012599,17,Male,New,Yes
C012600,40,Female,Returning,No
C012601,41,Male,Loyal,Yes
C012602,43,Male,Returning,No
C012603,20,Female,New,No
C012604,24,Female,Loyal,No
C012605,37,Female,Returning,No
C012606,43,Male,Returning,No
C012607,17,Male,New,No
C012608,41,Female,New,No
C012609,36,Male,New,Yes
C012610,18,Male,Returning,Yes
C012611,32,Female,Loyal,No
C012612,33,Female,Returning,No
C012613,25,Male,Loyal,No
C012614,64,Female,Returning,No
C012615,20,Male,New,No
C012616,53,Male,Returning,Yes
C012617,59,Female,Returning,No
C012618,68,Female,Loyal,No
C012619,51,Female,Returning,No
C012620,51,Female,New,No
C012621,65,Female,Returning,Yes
C012622,71,Male,Loyal,No
C012623,29,Male,Returning,No
C012624,67,Male,New,No
C012625,46,Female,Returning,No
C012626,22,Female,Loyal,No
C012627,55,Male,New,Yes
C012628,79,Female,Returning,No
C012629,25,Female,New,No
C012630,16,Male,New,No
C012631,75,Male,New,No
C012632,54,Male,New,Yes
C012633,30,Female,New,Yes
C012634,67,Male,Returning,No
C012635,41,Female,Returning,No
C012636,37,Female,New,No
C012637,34,Female,Returning,Yes
C012638,54,Male,Returning,No
C012639,24,Female,Returning,No
C012640,39,Male,Loyal,Yes
C012641,35,Male,Returning,No
C012642,19,Male,Returning,No
C012643,65,Female,New,No
C012644,16,Male,New,No
C012645,78,Female,New,No
C012646,22,Female,Loyal,No
C012647,39,Female,New,No
C012648,22,Male,Returning,Yes
C012649,39,Male,Loyal,No
C012650,55,Male,New,No
C012651,21,Female,New,No
C012652,50,Female,New,No
C012653,66,Female,New,No
C012654,45,Male,Loyal,Yes
C012655,23,Male,New,No
C012656,60,Male,Returning,No
C012657,28,Female,New,No
C012658,17,Female,Returning,Yes
C012659,44,Male,New,No
C012660,33,Female,New,No
C012661,17,Female,New,No
C012662,66,Female,Loyal,No
C012663,54,Female,Returning,No
C012664,75,Female,New,No
C012665,47,Male,Loyal,Yes
C012666,44,Male,Loyal,No
C012667,70,Male,Returning,No
C012668,21,Female,Loyal,Yes
C012669,39,Male,New,No
C012670,67,Female,Loyal,No
C012671,35,Female,Loyal,No
C012672,73,Female,Returning,No
C012673,34,Female,Returning,No
C012674,42,Male,New,No
C012675,74,Male,New,No
C012676,31,Female,Returning,Yes
C012677,78,Male,Loyal,Yes
C012678,18,Female,New,No
C012679,33,Female,Returning,No
C012680,54,Male,New,Yes
C012681,54,Male,New,Yes
C012682,75,Male,New,No
C012683,78,Female,Loyal,Yes
C012684,60,Female,New,No
C012685,58,Female,New,No
C012686,36,Female,New,No
C012687,68,Female,Returning,No
C012688,57,Female,Returning,No
C012689,17,Female,New,No
C012690,70,Female,New,No
C012691,39,Male,New,No
C012692,46,Female,New,No
C012693,47,Female,Loyal,No
C012694,69,Male,Loyal,No
C012695,33,Male,New,No
C012696,41,Female,Returning,No
C012697,18,Female,New,No
C012698,38,Female,New,No
C012699,21,Male,Returning,Yes
C012700,53,Female,Returning,No
C012701,74,Female,New,No
C012702,46,Male,New,No
C012703,75,Male,New,No
C012704,79,Female,New,Yes
C012705,19,Female,Returning,No
C012706,49,Female,Loyal,No
C012707,50,Female,New,No
C012708,41,Female,Returning,Yes
C012709,69,Male,Loyal,No
C012710,41,Male,New,No
C012711,19,Male,Returning,No
C012712,51,Male,New,Yes
C012713,29,Male,Returning,No
C012714,39,Female,Loyal,Yes
C012715,48,Male,Loyal,Yes
C012716,62,Female,Returning,No
C012717,34,Female,Loyal,No
C012718,40,Female,Returning,No
C012719,20,Male,Loyal,No
C012720,40,Male,Loyal,No
C012721,53,Female,Returning,No
C012722,56,Female,New,Yes
C012723,35,Male,New,No
C012724,19,Female,Loyal,No
C012725,53,Female,New,No
C012726,58,Male,Returning,No
C012727,21,Male,Returning,No
C012728,48,Female,Loyal,No
C012729,22,Female,Loyal,No
C012730,45,Male,New,No
C012731,57,Female,Returning,No
C012732,62,Male,Loyal,No
C012733,62,Male,New,No
C012734,65,Male,Returning,No
C012735,31,Female,Returning,Yes
C012736,71,Female,New,No
C012737,38,Female,New,No
C012738,40,Female,New,Yes
C012739,67,Female,Loyal,No
C012740,37,Female,New,Yes
C012741,20,Female,Returning,No
C012742,62,Male,Returning,No
C012743,59,Female,New,Yes
C012744,53,Female,Returning,No
C012745,25,Female,New,Yes
C012746,57,Male,New,No
C012747,28,Female,New,No
C012748,52,Male,Returning,No
C012749,49,Female,Returning,No
C012750,66,Male,New,Yes
C012751,79,Male,New,No
C012752,28,Female,New,Yes
C012753,23,Male,New,No
C012754,52,Male,New,Yes
C012755,77,Female,New,No
C012756,26,Female,Returning,No
C012757,47,Male,Loyal,Yes
C012758,42,Male,New,No
C012759,36,Male,Returning,No
C012760,59,Female,New,Yes
C012761,35,Female,New,No
C012762,48,Male,Returning,Yes
C012763,70,Male,New,Yes
C012764,40,Female,Returning,No
C012765,17,Female,New,No
C012766,73,Male,Loyal,Yes
C012767,33,Male,Returning,No
C012768,66,Male,Returning,No
C012769,65,Female,New,No
C012770,50,Female,New,Yes
C012771,21,Female,Returning,No
C012772,77,Female,Returning,No
C012773,60,Female,Returning,Yes
C012774,43,Female,Returning,No
C012775,71,Female,Returning,No
C012776,67,Female,Returning,Yes
C012777,65,Male,New,No
C012778,26,Female,Loyal,No
C012779,57,Female,Returning,No
C012780,34,Male,New,No
C012781,21,Female,New,No
C012782,37,Male,Returning,No
C012783,22,Male,Returning,No
C012784,22,Male,Loyal,Yes
C012785,63,Female,Returning,No
C012786,48,Male,New,No
C012787,41,Male,New,Yes
C012788,28,Male,Returning,No
C012789,66,Female,Returning,No
C012790,57,Male,Loyal,No
C012791,54,Male,Returning,No
C012792,28,Female,Loyal,No
C012793,24,Female,Loyal,Yes
C012794,24,Male,Returning,Yes
C012795,17,Female,Returning,No
C012796,78,Male,Returning,Yes
C012797,39,Other,Returning,Yes
C012798,58,Female,Loyal,No
C012799,79,Female,New,No
C012800,76,Male,Loyal,No
C012801,36,Female,Returning,Yes
C012802,47,Male,Returning,No
C012803,46,Female,New,No
C012804,18,Female,New,Yes
C012805,65,Female,Returning,No
C012806,53,Female,New,Yes
C012807,40,Male,New,No
C012808,52,Female,New,Yes
C012809,63,Female,New,No
C012810,16,Male,Loyal,No
C012811,57,Male,Returning,No
C012812,71,Female,Returning,No
C012813,63,Male,Loyal,No
C012814,56,Female,New,No
C012815,21,Male,Loyal,Yes
C012816,64,Male,Loyal,No
C012817,64,Male,Returning,No
C012818,48,Male,Returning,No
C012819,53,Male,Loyal,No
C012820,56,Female,New,No
C012821,23,Male,New,No
C012822,32,Male,New,Yes
C012823,67,Female,New,Yes
C012824,79,Male,New,Yes
C012825,33,Male,Loyal,No
C012826,42,Male,New,Yes
C012827,75,Female,Returning,No
C012828,26,Male,New,No
C012829,32,Female,Returning,Yes
C012830,19,Male,Loyal,No
C012831,31,Female,Loyal,No
C012832,57,Male,Returning,No
C012833,38,Female,Returning,No
C012834,79,Male,Loyal,No
C012835,73,Female,Returning,No
C012836,74,Male,Returning,Yes
C012837,63,Male,New,Yes
C012838,61,Female,New,No
C012839,49,Male,Loyal,No
C012840,80,Male,Loyal,No
C012841,22,Female,Returning,Yes
C012842,62,Female,New,No
C012843,25,Female,Returning,No
C012844,38,Female,Loyal,No
C012845,32,Female,Loyal,No
C012846,55,Male,Returning,No
C012847,67,Female,Returning,No
C012848,21,Male,New,No
C012849,55,Female,New,No
C012850,30,Male,New,Yes
C012851,21,Male,Returning,Yes
C012852,43,Male,Loyal,No
C012853,53,Male,Loyal,No
C012854,29,Female,New,No
C012855,41,Male,New,Yes
C012856,77,Male,New,No
C012857,38,Male,Returning,No
C012858,80,Female,Loyal,No
C012859,70,Male,Loyal,No
C012860,40,Female,Loyal,No
C012861,53,Male,Returning,No
C012862,62,Male,Returning,No
C012863,46,Female,Loyal,Yes
C012864,42,Female,Returning,No
C012865,37,Female,New,No
C012866,25,Female,New,No
C012867,17,Female,New,No
C012868,37,Female,New,No
C012869,67,Female,Returning,Yes
C012870,31,Male,Returning,No
C012871,27,Male,New,No
C012872,37,Female,New,No
C012873,54,Female,New,No
C012874,29,Male,Loyal,No
C012875,30,Female,New,Yes
C012876,23,Female,New,No
C012877,37,Female,Returning,No
C012878,30,Male,Returning,Yes
C012879,70,Female,New,No
C012880,74,Male,Loyal,No
C012881,40,Female,Returning,Yes
C012882,21,Female,Returning,No
C012883,21,Female,Returning,Yes
C012884,37,Male,New,No
C012885,46,Male,New,No
C012886,50,Male,Returning,Yes
C012887,35,Male,New,No
C012888,39,Female,New,No
C012889,34,Female,New,No
C012890,49,Male,Returning,No
C012891,61,Female,Loyal,No
C012892,18,Male,Returning,No
C012893,47,Male,Loyal,No
C012894,58,Female,Returning,Yes
C012895,59,Female,Returning,Yes
C012896,52,Male,New,Yes
C012897,50,Female,New,Yes
C012898,60,Female,New,No
C012899,40,Female,New,No
C012900,52,Female,Returning,No
C012901,36,Female,New,Yes
C012902,44,Male,New,No
C012903,24,Female,Loyal,No
C012904,38,Female,New,No
C012905,25,Other,Loyal,No
C012906,30,Female,Loyal,No
C012907,43,Female,New,Yes
C012908,48,Male,New,No
C012909,77,Female,Loyal,No
C012910,17,Male,Loyal,No
C012911,74,Male,Loyal,Yes
C012912,37,Male,New,No
C012913,63,Female,Returning,No
C012914,60,Female,New,No
C012915,79,Male,New,No
C012916,23,Female,New,No
C012917,78,Male,Returning,No
C012918,20,Male,Returning,Yes
C012919,73,Male,Loyal,Yes
C012920,58,Female,New,No
C012921,47,Male,Loyal,No
C012922,41,Male,New,Yes
C012923,22,Female,Loyal,No
C012924,68,Male,Returning,No
C012925,63,Female,New,No
C012926,76,Male,Loyal,Yes
C012927,63,Female,Returning,No
C012928,78,Female,New,Yes
C012929,73,Male,New,No
C012930,43,Female,Loyal,Yes
C012931,61,Female,Loyal,Yes
C012932,33,Female,Returning,No
C012933,67,Male,New,No
C012934,55,Female,New,No
C012935,44,Male,New,No
C012936,56,Male,Returning,No
C012937,34,Female,Returning,No
C012938,56,Female,New,No
C012939,46,Female,Loyal,Yes
C012940,36,Male,Loyal,No
C012941,79,Male,New,Yes
C012942,20,Male,Returning,No
C012943,65,Male,Returning,No
C012944,29,Male,New,Yes
C012945,30,Male,Returning,Yes
C012946,26,Female,New,No
C012947,22,Male,New,No
C012948,24,Female,Loyal,No
C012949,70,Female,New,No
C012950,76,Female,Returning,No
C012951,54,Female,New,No
C012952,16,Female,Returning,No
C012953,72,Male,Returning,Yes
C012954,55,Male,Loyal,No
C012955,49,Male,New,Yes
C012956,77,Female,Returning,No
C012957,42,Female,Loyal,No
C012958,39,Male,New,No
C012959,66,Male,New,No
C012960,50,Male,New,Yes
C012961,62,Female,Loyal,Yes
C012962,61,Female,New,No
C012963,70,Male,New,No
C012964,36,Female,Loyal,Yes
C012965,20,Male,Returning,Yes
C012966,47,Female,New,No
C012967,58,Female,Returning,No
C012968,69,Male,New,No
C012969,33,Female,Returning,No
C012970,64,Female,New,No
C012971,70,Male,Returning,Yes
C012972,68,Female,Returning,No
C012973,68,Female,New,No
C012974,80,Male,Returning,No
C012975,58,Female,Loyal,No
C012976,40,Male,Returning,No
C012977,44,Female,Loyal,Yes
C012978,64,Female,Loyal,No
C012979,31,Female,New,No
C012980,55,Male,Returning,No
C012981,53,Female,Loyal,No
C012982,59,Male,Returning,No
C012983,43,Female,Loyal,No
C012984,64,Female,New,No
C012985,20,Male,Loyal,No
C012986,64,Female,New,No
C012987,68,Male,Returning,No
C012988,73,Male,Loyal,Yes
C012989,75,Male,New,Yes
C012990,38,Female,Returning,No
C012991,19,Male,Returning,No
C012992,58,Female,Loyal,No
C012993,21,Male,Returning,No
C012994,34,Female,Returning,Yes
C012995,61,Female,New,No
C012996,54,Male,New,No
C012997,55,Female,New,No
C012998,64,Male,Returning,No
C012999,26,Female,Returning,No
C013000,67,Female,New,No
C013001,54,Male,New,No
C013002,43,Female,New,No
C013003,46,Male,Loyal,Yes
C013004,49,Female,New,No
C013005,51,Female,Returning,No
C013006,37,Female,Loyal,No
C013007,30,Female,Loyal,No
C013008,26,Female,Returning,No
C013009,38,Male,New,No
C013010,32,Female,New,Yes
C013011,49,Male,New,No
C013012,75,Male,Loyal,No
C013013,23,Male,New,No
C013014,36,Female,New,Yes
C013015,19,Female,New,No
C013016,79,Female,Returning,No
C013017,61,Male,New,No
C013018,31,Male,New,No
C013019,42,Female,New,Yes
C013020,62,Female,Returning,Yes
C013021,78,Male,New,Yes
C013022,53,Female,Returning,Yes
C013023,33,Female,Returning,No
C013024,61,Female,Returning,No
C013025,60,Female,New,No
C013026,57,Female,Returning,Yes
C013027,18,Male,Returning,No
C013028,61,Male,New,No
C013029,17,Male,New,No
C013030,74,Female,Loyal,No
C013031,73,Female,Returning,Yes
C013032,52,Male,Returning,No
C013033,57,Female,New,Yes
C013034,20,Female,Returning,No
C013035,72,Female,New,No
C013036,33,Male,Returning,Yes
C013037,33,Female,New,No
C013038,62,Male,New,No
C013039,77,Female,Returning,No
C013040,48,Male,Returning,No
C013041,48,Female,New,Yes
C013042,51,Male,Loyal,No
C013043,34,Female,Loyal,No
C013044,54,Male,New,No
C013045,78,Female,Returning,No
C013046,40,Male,New,No
C013047,66,Male,Returning,No
C013048,66,Male,Returning,No
C013049,71,Female,Returning,No
C013050,63,Female,New,No
C013051,75,Other,New,No
C013052,62,Male,Returning,Yes
C013053,79,Female,Returning,No
C013054,62,Female,Returning,Yes
C013055,70,Female,New,No
C013056,73,Female,New,No
C013057,79,Female,Returning,No
C013058,54,Male,New,No
C013059,62,Female,Loyal,No
C013060,78,Male,Returning,No
C013061,40,Male,Loyal,No
C013062,23,Female,New,No
C013063,73,Female,New,No
C013064,57,Male,Loyal,No
C013065,43,Female,Returning,No
C013066,62,Male,New,No
C013067,18,Male,Loyal,No
C013068,47,Female,New,No
C013069,33,Male,Returning,No
C013070,34,Female,New,No
C013071,79,Female,Loyal,No
C013072,51,Male,Loyal,No
C013073,25,Female,Returning,No
C013074,39,Female,New,No
C013075,31,Female,Returning,No
C013076,75,Female,New,Yes
C013077,34,Female,Returning,No
C013078,39,Male,Returning,Yes
C013079,37,Female,New,No
C013080,27,Male,Loyal,No
C013081,66,Female,Returning,No
C013082,53,Female,New,Yes
C013083,44,Male,Returning,No
C013084,41,Male,Loyal,No
C013085,59,Male,Returning,No
C013086,22,Female,Loyal,No
C013087,76,Female,New,No
C013088,52,Male,New,No
C013089,30,Male,Returning,No
C013090,50,Male,New,No
C013091,71,Female,New,No
C013092,27,Female,Returning,No
C013093,50,Female,New,Yes
C013094,54,Female,New,No
C013095,68,Female,New,No
C013096,52,Female,New,Yes
C013097,63,Female,New,Yes
C013098,66,Male,New,Yes
C013099,73,Male,Loyal,No
C013100,39,Male,New,Yes
C013101,61,Female,New,Yes
C013102,32,Female,Loyal,No
C013103,70,Male,Loyal,Yes
C013104,77,Female,New,Yes
C013105,35,Male,Loyal,No
C013106,52,Female,Loyal,No
C013107,69,Male,Returning,No
C013108,17,Female,Returning,No
C013109,61,Male,Returning,No
C013110,69,Male,Loyal,No
C013111,72,Female,Returning,Yes
C013112,28,Male,Loyal,No
C013113,65,Male,New,No
C013114,67,Male,Returning,No
C013115,16,Female,Loyal,No
C013116,61,Female,New,No
C013117,56,Male,New,Yes
C013118,78,Male,Loyal,No
C013119,18,Male,Returning,Yes
C013120,78,Female,Returning,Yes
C013121,53,Male,Loyal,No
C013122,33,Male,New,No
C013123,41,Male,Returning,No
C013124,65,Male,Returning,No
C013125,80,Female,New,No
C013126,36,Male,New,No
C013127,79,Male,Returning,Yes
C013128,56,Female,Returning,No
C013129,28,Female,Returning,No
C013130,54,Male,Returning,Yes
C013131,68,Female,Returning,No
C013132,19,Female,New,Yes
C013133,21,Male,New,No
C013134,16,Male,Returning,No
C013135,53,Male,Returning,No
C013136,19,Female,Loyal,No
C013137,76,Female,Returning,Yes
C013138,24,Female,Loyal,No
C013139,20,Female,Loyal,Yes
C013140,32,Male,Returning,Yes
C013141,65,Female,Returning,No
C013142,74,Female,Loyal,No
C013143,32,Male,New,No
C013144,49,Female,Returning,Yes
C013145,66,Female,Returning,No
C013146,67,Female,Returning,No
C013147,25,Female,Loyal,No
C013148,70,Female,New,Yes
C013149,72,Male,New,Yes
C013150,63,Male,New,No
C013151,50,Male,Loyal,No
C013152,41,Male,New,No
C013153,73,Female,Returning,No
C013154,72,Male,New,No
C013155,49,Female,Returning,No
C013156,64,Female,Returning,Yes
C013157,41,Female,New,Yes
C013158,64,Female,Returning,Yes
C013159,21,Female,New,Yes
C013160,74,Female,New,Yes
C013161,49,Female,Returning,Yes
C013162,54,Female,Returning,Yes
C013163,28,Female,New,Yes
C013164,50,Male,New,No
C013165,16,Female,Returning,No
C013166,73,Male,Loyal,No
C013167,64,Female,Returning,No
C013168,45,Female,Loyal,No
C013169,70,Male,Returning,No
C013170,68,Male,Loyal,No
C013171,23,Female,New,No
C013172,19,Male,Returning,No
C013173,32,Male,New,Yes
C013174,16,Female,Returning,No
C013175,53,Male,Loyal,No
C013176,50,Female,Returning,Yes
C013177,50,Male,New,No
C013178,20,Female,Returning,Yes
C013179,75,Male,Returning,No
C013180,79,Male,New,No
C013181,54,Male,New,No
C013182,16,Female,Returning,Yes
C013183,41,Male,New,No
C013184,62,Female,New,Yes
C013185,64,Female,Loyal,No
C013186,31,Female,Loyal,No
C013187,69,Male,New,Yes
C013188,78,Male,Loyal,No
C013189,49,Male,Loyal,No
C013190,40,Female,Returning,No
C013191,50,Male,Returning,No
C013192,17,Male,Loyal,No
C013193,50,Male,Returning,No
C013194,17,Male,New,No
C013195,18,Female,New,No
C013196,51,Male,Returning,No
C013197,49,Male,New,No
C013198,80,Male,New,Yes
C013199,48,Female,Returning,No
C013200,79,Female,New,No
C013201,68,Female,New,No
C013202,37,Female,Loyal,Yes
C013203,76,Female,New,Yes
C013204,47,Male,Returning,No
C013205,54,Female,Returning,Yes
C013206,22,Female,Loyal,No
C013207,29,Female,New,No
C013208,49,Female,New,No
C013209,33,Female,Returning,Yes
C013210,54,Male,Returning,No
C013211,21,Other,Loyal,Yes
C013212,32,Female,New,No
C013213,59,Female,New,No
C013214,55,Male,New,No
C013215,79,Female,Returning,No
C013216,74,Male,New,No
C013217,68,Male,New,No
C013218,16,Male,Returning,No
C013219,55,Female,New,No
C013220,30,Male,New,No
C013221,33,Male,New,No
C013222,29,Female,Loyal,No
C013223,45,Female,Returning,No
C013224,24,Female,Returning,No
C013225,50,Female,Returning,Yes
C013226,26,Male,Loyal,Yes
C013227,48,Female,New,No
C013228,56,Female,New,No
C013229,27,Female,Loyal,No
C013230,22,Male,Returning,Yes
C013231,68,Male,Loyal,Yes
C013232,64,Male,Returning,No
C013233,32,Male,Returning,Yes
C013234,73,Female,Returning,Yes
C013235,30,Male,New,No
C013236,76,Female,Loyal,Yes
C013237,23,Female,Returning,No
C013238,58,Male,New,No
C013239,17,Male,New,Yes
C013240,28,Male,New,No
C013241,42,Male,New,No
C013242,21,Female,New,No
C013243,45,Female,New,No
C013244,31,Male,Loyal,Yes
C013245,22,Male,Returning,No
C013246,78,Male,New,No
C013247,79,Male,New,Yes
C013248,78,Female,Loyal,No
C013249,26,Female,Returning,No
C013250,40,Female,New,Yes
C013251,37,Male,Loyal,No
C013252,37,Male,New,Yes
C013253,43,Male,New,Yes
C013254,49,Male,New,No
C013255,47,Male,Loyal,No
C013256,34,Female,Loyal,No
C013257,79,Female,Returning,No
C013258,79,Female,Returning,No
C013259,37,Male,New,No
C013260,30,Female,New,No
C013261,50,Male,New,Yes
C013262,39,Female,Loyal,No
C013263,80,Male,Returning,No
C013264,43,Female,Returning,No
C013265,18,Male,Loyal,No
C013266,24,Female,New,No
C013267,20,Male,New,Yes
C013268,40,Male,New,Yes
C013269,36,Female,Loyal,Yes
C013270,71,Male,New,No
C013271,73,Male,New,Yes
C013272,25,Female,New,Yes
C013273,77,Male,Loyal,No
C013274,53,Male,New,No
C013275,35,Male,Returning,No
C013276,42,Male,Loyal,Yes
C013277,44,Male,Returning,No
C013278,27,Female,New,Yes
C013279,72,Female,New,Yes
C013280,16,Female,New,No
C013281,20,Male,Loyal,No
C013282,33,Female,Loyal,No
C013283,25,Female,New,No
C013284,20,Male,New,Yes
C013285,40,Female,New,No
C013286,40,Female,Returning,Yes
C013287,24,Male,New,Yes
C013288,68,Male,Loyal,Yes
C013289,73,Male,Returning,No
C013290,62,Female,New,No
C013291,49,Male,Returning,No
C013292,77,Male,Loyal,No
C013293,38,Female,New,Yes
C013294,43,Female,Loyal,No
C013295,16,Female,Returning,Yes
C013296,62,Male,Returning,Yes
C013297,22,Female,Returning,No
C013298,59,Female,Loyal,Yes
C013299,66,Male,Returning,No
C013300,30,Male,New,No
C013301,55,Female,Loyal,No
C013302,35,Male,New,No
C013303,41,Male,New,No
C013304,50,Female,New,No
C013305,32,Male,Returning,No
C013306,67,Female,Loyal,Yes
C013307,41,Female,Returning,No
C013308,46,Female,Returning,No
C013309,68,Female,New,No
C013310,30,Female,Loyal,Yes
C013311,45,Male,New,No
C013312,80,Female,New,No
C013313,41,Female,Loyal,Yes
C013314,23,Male,Loyal,No
C013315,34,Male,New,No
C013316,78,Female,Returning,No
C013317,65,Female,Loyal,Yes
C013318,68,Female,New,No
C013319,32,Male,Loyal,Yes
C013320,70,Male,New,Yes
C013321,41,Female,Returning,No
C013322,67,Female,New,No
C013323,73,Male,New,No
C013324,29,Male,New,No
C013325,77,Female,New,Yes
C013326,57,Female,Loyal,No
C013327,63,Female,Returning,No
C013328,65,Male,New,No
C013329,26,Male,Returning,Yes
C013330,64,Female,New,No
C013331,29,Male,Returning,No
C013332,33,Female,Returning,Yes
C013333,23,Male,New,Yes
C013334,27,Male,Returning,No
C013335,79,Male,Returning,No
C013336,37,Female,Loyal,Yes
C013337,41,Female,Returning,Yes
C013338,47,Male,New,No
C013339,62,Male,New,No
C013340,53,Female,New,No
C013341,50,Male,Loyal,No
C013342,70,Female,Loyal,Yes
C013343,48,Female,Loyal,Yes
C013344,65,Male,Returning,No
C013345,75,Female,Loyal,No
C013346,59,Female,New,No
C013347,18,Female,Returning,No
C013348,33,Male,Returning,No
C013349,56,Female,Loyal,No
C013350,47,Female,Loyal,Yes
C013351,34,Female,Returning,No
C013352,37,Female,Loyal,Yes
C013353,21,Female,Loyal,No
C013354,31,Female,New,Yes
C013355,66,Female,Returning,No
C013356,16,Male,Returning,No
C013357,70,Female,Returning,No
C013358,38,Female,Returning,No
C013359,68,Male,Returning,No
C013360,32,Female,New,No
C013361,69,Female,Loyal,No
C013362,53,Other,Returning,No
C013363,71,Male,Returning,No
C013364,20,Male,New,No
C013365,67,Female,New,Yes
C013366,33,Male,Returning,No
C013367,39,Female,New,Yes
C013368,18,Female,New,No
C013369,78,Male,New,No
C013370,57,Female,New,No
C013371,79,Male,New,No
C013372,52,Female,Returning,No
C013373,26,Female,Returning,Yes
C013374,37,Male,Returning,No
C013375,44,Male,Loyal,No
C013376,25,Male,Returning,No
C013377,76,Female,Loyal,No
C013378,78,Female,New,Yes
C013379,52,Male,New,No
C013380,53,Female,New,No
C013381,61,Male,Loyal,No
C013382,60,Female,Loyal,No
C013383,20,Female,Returning,No
C013384,50,Female,Loyal,No
C013385,66,Male,New,Yes
C013386,68,Female,Returning,No
C013387,54,Female,New,No
C013388,74,Male,Returning,No
C013389,54,Female,New,No
C013390,40,Male,Returning,No
C013391,44,Female,Returning,No
C013392,60,Female,Returning,No
C013393,73,Female,New,No
C013394,30,Female,Returning,No
C013395,35,Male,New,Yes
C013396,58,Female,New,No
C013397,65,Male,Returning,No
C013398,41,Male,New,No
C013399,57,Male,Returning,Yes
C013400,16,Female,New,No
C013401,34,Female,Returning,No
C013402,78,Female,Returning,No
C013403,53,Male,New,No
C013404,72,Male,New,Yes
C013405,30,Male,Returning,No
C013406,34,Female,Loyal,No
C013407,79,Female,New,No
C013408,80,Female,New,No
C013409,72,Female,Loyal,No
C013410,36,Female,New,No
C013411,68,Female,New,Yes
C013412,45,Female,New,Yes
C013413,70,Male,Loyal,No
C013414,71,Female,Returning,No
C013415,44,Female,New,No
C013416,35,Male,Returning,No
C013417,79,Male,New,No
C013418,45,Female,New,Yes
C013419,44,Male,Loyal,No
C013420,59,Female,Returning,No
C013421,76,Female,Returning,No
C013422,24,Male,Loyal,No
C013423,79,Female,New,No
C013424,43,Male,New,Yes
C013425,17,Female,New,No
C013426,36,Female,Returning,No
C013427,46,Female,Returning,No
C013428,59,Female,Returning,Yes
C013429,52,Female,New,Yes
C013430,24,Female,New,No
C013431,47,Female,Returning,No
C013432,31,Female,New,No
C013433,33,Female,Loyal,No
C013434,62,Female,Loyal,No
C013435,68,Female,Loyal,No
C013436,26,Female,Returning,No
C013437,55,Male,New,No
C013438,43,Other,Returning,No
C013439,37,Female,New,No
C013440,62,Female,Loyal,No
C013441,32,Male,Returning,No
C013442,65,Male,New,Yes
C013443,42,Male,Loyal,No
C013444,22,Male,New,Yes
C013445,67,Male,Loyal,No
C013446,71,Female,Returning,No
C013447,52,Female,Loyal,No
C013448,63,Male,Loyal,No
C013449,25,Male,New,No
C013450,38,Male,Returning,No
C013451,38,Other,New,Yes
C013452,65,Female,Loyal,Yes
C013453,38,Female,Returning,No
C013454,63,Male,Loyal,No
C013455,35,Male,Loyal,No
C013456,55,Male,New,Yes
C013457,29,Male,New,Yes
C013458,52,Other,Returning,No
C013459,21,Female,New,Yes
C013460,63,Female,New,No
C013461,17,Female,Returning,No
C013462,80,Female,Returning,No
C013463,70,Male,Returning,No
C013464,53,Female,New,Yes
C013465,75,Male,New,No
C013466,68,Female,New,No
C013467,25,Male,Returning,Yes
C013468,64,Female,Returning,No
C013469,40,Male,Returning,No
C013470,71,Female,Loyal,No
C013471,72,Female,Loyal,No
C013472,78,Female,New,No
C013473,45,Male,Loyal,No
C013474,28,Female,New,Yes
C013475,24,Male,Returning,Yes
C013476,26,Male,New,No
C013477,80,Female,New,Yes
C013478,54,Female,Loyal,No
C013479,38,Female,Returning,No
C013480,45,Female,New,No
C013481,27,Female,Loyal,No
C013482,53,Male,New,Yes
C013483,43,Male,New,Yes
C013484,67,Female,Returning,No
C013485,17,Male,Returning,No
C013486,76,Male,Returning,No
C013487,19,Female,Returning,No
C013488,43,Male,Returning,No
C013489,38,Male,Returning,Yes
C013490,62,Male,New,No
C013491,58,Male,New,No
C013492,28,Female,New,No
C013493,47,Female,Returning,No
C013494,50,Other,Loyal,No
C013495,46,Female,Returning,No
C013496,17,Female,New,No
C013497,27,Female,Returning,No
C013498,48,Female,New,No
C013499,32,Female,Returning,No
C013500,51,Male,Returning,No
C013501,26,Female,Returning,No
C013502,63,Female,New,No
C013503,28,Female,Loyal,No
C013504,58,Male,New,Yes
C013505,70,Male,New,No
C013506,39,Male,Returning,Yes
C013507,25,Male,Loyal,No
C013508,16,Female,Loyal,No
C013509,39,Male,Returning,No
C013510,23,Male,Returning,No
C013511,73,Male,Returning,Yes
C013512,79,Male,New,No
C013513,79,Female,New,No
C013514,75,Female,Returning,Yes
C013515,54,Male,Returning,No
C013516,37,Female,Returning,Yes
C013517,45,Male,Loyal,Yes
C013518,32,Female,Returning,No
C013519,70,Male,Returning,No
C013520,44,Male,Loyal,No
C013521,41,Female,New,No
C013522,60,Female,Returning,Yes
C013523,40,Male,Returning,Yes
C013524,39,Female,Returning,No
C013525,30,Female,Loyal,No
C013526,20,Male,Returning,No
C013527,18,Female,Loyal,Yes
C013528,42,Male,New,Yes
C013529,80,Female,Loyal,Yes
C013530,32,Female,New,Yes
C013531,57,Female,New,Yes
C013532,37,Male,New,No
C013533,35,Male,Returning,No
C013534,26,Female,New,No
C013535,52,Female,New,Yes
C013536,58,Male,Returning,Yes
C013537,38,Male,Returning,No
C013538,50,Female,Returning,No
C013539,46,Female,Returning,No
C013540,33,Female,Loyal,No
C013541,60,Male,Returning,No
C013542,52,Male,Returning,Yes
C013543,20,Male,Loyal,Yes
C013544,48,Male,Loyal,Yes
C013545,41,Female,New,No
C013546,67,Male,New,Yes
C013547,35,Male,New,No
C013548,78,Female,Returning,No
C013549,55,Male,Loyal,Yes
C013550,24,Female,New,No
C013551,42,Male,Returning,No
C013552,73,Male,New,No
C013553,32,Male,Returning,No
C013554,61,Female,Loyal,No
C013555,66,Male,Loyal,No
C013556,61,Female,Loyal,No
C013557,21,Female,Returning,Yes
C013558,40,Male,Returning,No
C013559,38,Female,Loyal,No
C013560,38,Male,Returning,No
C013561,73,Female,Loyal,No
C013562,16,Male,New,No
C013563,51,Male,New,No
C013564,79,Female,New,No
C013565,72,Male,Loyal,No
C013566,55,Female,New,No
C013567,80,Male,Loyal,Yes
C013568,42,Male,Returning,No
C013569,55,Male,Returning,Yes
C013570,51,Male,Returning,Yes
C013571,19,Male,Returning,No
C013572,18,Male,New,Yes
C013573,74,Male,Returning,No
C013574,27,Female,Loyal,No
C013575,39,Female,New,Yes
C013576,56,Male,New,Yes
C013577,53,Female,Loyal,No
C013578,49,Female,New,Yes
C013579,79,Male,New,No
C013580,67,Male,Loyal,No
C013581,77,Female,Loyal,No
C013582,58,Female,New,Yes
C013583,79,Female,Loyal,No
C013584,55,Female,Returning,No
C013585,51,Female,New,No
C013586,68,Male,Returning,No
C013587,72,Female,Loyal,No
C013588,20,Male,Returning,No
C013589,75,Male,Returning,No
C013590,60,Female,Returning,No
C013591,74,Male,New,No
C013592,62,Female,Returning,No
C013593,76,Male,New,No
C013594,33,Other,Loyal,Yes
C013595,28,Male,New,No
C013596,28,Female,New,No
C013597,32,Female,New,No
C013598,29,Female,Loyal,No
C013599,44,Male,Returning,Yes
C013600,28,Female,Returning,No
C013601,26,Female,Returning,No
C013602,50,Female,Returning,No
C013603,67,Female,Loyal,Yes
C013604,24,Female,New,No
C013605,49,Female,New,No
C013606,58,Male,Loyal,No
C013607,61,Female,Returning,No
C013608,22,Female,Returning,Yes
C013609,63,Female,New,Yes
C013610,17,Female,Loyal,No
C013611,31,Male,Loyal,No
C013612,36,Female,Returning,Yes
C013613,71,Female,New,No
C013614,28,Female,New,No
C013615,66,Female,New,Yes
C013616,80,Male,Returning,Yes
C013617,78,Male,Returning,Yes
C013618,35,Female,Returning,No
C013619,22,Female,New,No
C013620,30,Female,New,Yes
C013621,65,Male,Loyal,No
C013622,28,Female,New,No
C013623,57,Male,Loyal,No
C013624,40,Female,Returning,No
C013625,65,Male,New,No
C013626,55,Female,Returning,No
C013627,54,Female,Loyal,Yes
C013628,66,Female,Loyal,No
C013629,78,Female,New,No
C013630,39,Other,New,Yes
C013631,50,Female,Returning,No
C013632,56,Female,New,No
C013633,69,Male,New,No
C013634,47,Female,Loyal,No
C013635,40,Female,Returning,Yes
C013636,71,Female,Loyal,No
C013637,77,Female,Returning,No
C013638,52,Male,New,No
C013639,22,Female,New,No
C013640,34,Male,Loyal,Yes
C013641,46,Female,Returning,No
C013642,61,Female,Returning,Yes
C013643,59,Male,New,No
C013644,69,Male,New,No
C013645,17,Male,New,No
C013646,46,Female,New,No
C013647,61,Female,Loyal,No
C013648,80,Male,Returning,Yes
C013649,25,Male,Loyal,Yes
C013650,73,Female,Loyal,No
C013651,16,Female,Returning,Yes
C013652,28,Male,New,No
C013653,71,Female,Returning,No
C013654,67,Male,New,Yes
C013655,79,Male,Loyal,Yes
C013656,55,Female,Loyal,No
C013657,56,Female,Returning,No
C013658,50,Male,New,No
C013659,49,Male,New,No
C013660,49,Male,New,No
C013661,35,Male,New,No
C013662,71,Female,Loyal,Yes
C013663,39,Female,New,Yes
C013664,55,Male,Loyal,No
C013665,59,Female,Returning,Yes
C013666,50,Male,Returning,No
C013667,55,Female,New,No
C013668,19,Female,New,Yes
C013669,36,Female,Returning,No
C013670,45,Male,Returning,No
C013671,41,Male,Returning,No
C013672,75,Male,New,No
C013673,74,Female,New,No
C013674,62,Male,New,Yes
C013675,38,Male,Returning,No
C013676,19,Female,Returning,No
C013677,65,Male,New,No
C013678,73,Male,Loyal,No
C013679,47,Female,New,No
C013680,69,Female,Loyal,No
C013681,76,Male,Returning,No
C013682,51,Female,Returning,No
C013683,29,Male,New,No
C013684,17,Male,Returning,No
C013685,65,Female,Returning,Yes
C013686,52,Female,New,Yes
C013687,25,Male,New,No
C013688,19,Female,Returning,Yes
C013689,79,Female,Returning,No
C013690,36,Female,Returning,Yes
C013691,37,Male,New,No
C013692,56,Female,New,No
C013693,39,Female,Returning,No
C013694,75,Male,New,No
C013695,60,Female,New,No
C013696,39,Male,New,No
C013697,33,Female,Loyal,No
C013698,71,Male,New,No
C013699,54,Female,Returning,No
C013700,75,Female,Returning,No
C013701,38,Female,New,No
C013702,17,Male,New,No
C013703,74,Male,New,No
C013704,31,Female,New,Yes
C013705,70,Female,Loyal,No
C013706,62,Female,Returning,No
C013707,31,Female,Loyal,No
C013708,65,Female,Loyal,No
C013709,21,Male,New,Yes
C013710,41,Female,Returning,Yes
C013711,39,Male,Returning,Yes
C013712,58,Female,Loyal,No
C013713,50,Male,Loyal,No
C013714,55,Female,New,No
C013715,46,Female,Returning,No
C013716,64,Male,New,No
C013717,26,Female,Loyal,No
C013718,62,Male,New,No
C013719,19,Male,New,Yes
C013720,21,Male,Loyal,Yes
C013721,63,Male,New,No
C013722,26,Female,Returning,No
C013723,66,Female,Returning,No
C013724,24,Male,Returning,No
C013725,25,Female,New,Yes
C013726,76,Male,New,No
C013727,27,Female,Returning,No
C013728,75,Male,Returning,No
C013729,38,Female,Loyal,Yes
C013730,67,Female,Loyal,No
C013731,77,Male,Returning,Yes
C013732,23,Male,New,No
C013733,37,Female,Loyal,Yes
C013734,53,Female,New,No
C013735,72,Male,Loyal,No
C013736,28,Female,Loyal,Yes
C013737,28,Male,Loyal,No
C013738,39,Male,New,No
C013739,29,Female,New,No
C013740,33,Female,Returning,No
C013741,24,Female,Returning,No
C013742,69,Female,Returning,Yes
C013743,67,Male,Returning,No
C013744,25,Female,Returning,No
C013745,50,Male,New,Yes
C013746,58,Male,New,No
C013747,56,Female,Returning,Yes
C013748,79,Male,New,No
C013749,57,Female,Returning,No
C013750,60,Female,Loyal,Yes
C013751,18,Male,Loyal,Yes
C013752,21,Female,Loyal,No
C013753,56,Female,Returning,No
C013754,75,Female,Loyal,No
C013755,41,Female,Returning,No
C013756,57,Male,Loyal,No
C013757,29,Other,New,No
C013758,45,Male,Returning,No
C013759,64,Male,New,No
C013760,58,Male,New,Yes
C013761,23,Female,Returning,Yes
C013762,73,Male,New,No
C013763,76,Female,New,No
C013764,47,Female,Loyal,Yes
C013765,38,Male,Returning,Yes
C013766,50,Male,Returning,No
C013767,68,Male,Loyal,No
C013768,45,Female,Returning,No
C013769,17,Male,Loyal,No
C013770,20,Female,New,No
C013771,68,Female,New,No
C013772,67,Male,New,No
C013773,66,Female,Loyal,Yes
C013774,24,Male,New,No
C013775,27,Male,Returning,No
C013776,41,Male,Returning,No
C013777,31,Female,Loyal,No
C013778,41,Female,Loyal,No
C013779,52,Male,New,No
C013780,34,Male,New,No
C013781,24,Female,Returning,Yes
C013782,42,Female,Loyal,No
C013783,62,Female,New,No
C013784,56,Male,Returning,Yes
C013785,36,Female,New,Yes
C013786,36,Male,New,No
C013787,53,Female,New,No
C013788,27,Female,Loyal,Yes
C013789,70,Male,Returning,No
C013790,72,Male,Returning,No
C013791,17,Female,Returning,No
C013792,79,Female,Returning,No
C013793,17,Male,New,No
C013794,45,Female,Loyal,No
C013795,59,Female,New,No
C013796,37,Male,Loyal,Yes
C013797,29,Female,Loyal,Yes
C013798,19,Male,Returning,Yes
C013799,63,Female,Returning,No
C013800,18,Male,Loyal,Yes
C013801,47,Male,New,No
C013802,41,Male,Returning,No
C013803,78,Male,New,Yes
C013804,76,Male,Returning,No
C013805,69,Female,Returning,Yes
C013806,63,Female,New,No
C013807,51,Female,New,Yes
C013808,38,Male,Returning,No
C013809,26,Female,Loyal,No
C013810,78,Female,Returning,No
C013811,41,Female,Returning,Yes
C013812,43,Male,Loyal,No
C013813,25,Female,Loyal,No
C013814,33,Female,Returning,No
C013815,57,Male,Returning,No
C013816,43,Male,Returning,No
C013817,54,Male,New,No
C013818,29,Female,Loyal,No
C013819,21,Male,New,No
C013820,73,Female,Returning,No
C013821,44,Female,Loyal,No
C013822,39,Female,Returning,No
C013823,34,Female,New,No
C013824,58,Male,New,No
C013825,52,Male,Returning,No
C013826,41,Male,New,Yes
C013827,76,Male,New,No
C013828,74,Female,New,No
C013829,28,Male,Returning,No
C013830,57,Male,Returning,No
C013831,78,Female,New,No
C013832,47,Female,Returning,Yes
C013833,17,Male,Returning,No
C013834,24,Male,Returning,Yes
C013835,59,Female,Loyal,Yes
C013836,74,Male,New,No
C013837,24,Female,Returning,No
C013838,51,Female,New,No
C013839,48,Male,New,Yes
C013840,34,Male,Returning,Yes
C013841,57,Male,Returning,No
C013842,73,Female,Returning,Yes
C013843,31,Male,Loyal,Yes
C013844,19,Female,Loyal,No
C013845,39,Female,New,No
C013846,36,Male,Returning,Yes
C013847,63,Female,Returning,No
C013848,50,Male,Returning,No
C013849,17,Male,Returning,Yes
C013850,38,Female,Loyal,Yes
C013851,63,Female,Returning,Yes
C013852,46,Female,Loyal,No
C013853,52,Female,Returning,No
C013854,33,Male,Loyal,No
C013855,36,Male,Returning,No
C013856,24,Male,New,No
C013857,21,Male,Returning,Yes
C013858,18,Female,Returning,No
C013859,56,Female,New,No
C013860,26,Female,Returning,No
C013861,53,Male,Loyal,Yes
C013862,77,Female,Loyal,No
C013863,61,Female,New,No
C013864,53,Female,Returning,Yes
C013865,23,Female,Loyal,No
C013866,47,Male,Loyal,No
C013867,73,Male,New,No
C013868,40,Female,New,No
C013869,69,Male,New,No
C013870,62,Female,Returning,No
C013871,33,Female,Loyal,Yes
C013872,25,Female,New,No
C013873,17,Male,Returning,Yes
C013874,33,Male,New,No
C013875,37,Male,New,No
C013876,58,Male,Returning,Yes
C013877,53,Female,Returning,No
C013878,47,Male,New,No
C013879,62,Male,New,No
C013880,66,Female,New,No
C013881,62,Female,Loyal,Yes
C013882,74,Female,Loyal,No
C013883,39,Female,Returning,Yes
C013884,69,Female,Loyal,No
C013885,43,Female,Returning,No
C013886,27,Male,New,No
C013887,25,Male,Returning,No
C013888,21,Male,Loyal,No
C013889,78,Male,Returning,No
C013890,27,Other,Loyal,No
C013891,70,Female,Returning,Yes
C013892,66,Male,Loyal,No
C013893,44,Male,Loyal,No
C013894,75,Male,Loyal,No
C013895,75,Male,Loyal,No
C013896,76,Female,New,Yes
C013897,48,Male,Returning,No
C013898,35,Female,New,No
C013899,18,Female,Loyal,No
C013900,70,Male,Returning,No
C013901,72,Male,New,No
C013902,50,Female,Returning,Yes
C013903,20,Female,New,Yes
C013904,69,Male,Returning,No
C013905,35,Female,New,No
C013906,51,Male,Loyal,No
C013907,58,Female,Returning,No
C013908,25,Male,Loyal,No
C013909,20,Female,New,No
C013910,21,Male,Returning,Yes
C013911,78,Male,Loyal,No
C013912,78,Female,Returning,No
C013913,43,Male,New,Yes
C013914,43,Male,Loyal,Yes
C013915,42,Female,New,No
C013916,38,Male,New,Yes
C013917,51,Male,Returning,No
C013918,39,Female,Returning,Yes
C013919,56,Male,Returning,Yes
C013920,40,Female,New,No
C013921,56,Male,New,No
C013922,77,Male,New,No
C013923,29,Female,Returning,Yes
C013924,20,Female,New,No
C013925,50,Male,Returning,No
C013926,23,Male,Loyal,No
C013927,31,Female,Loyal,No
C013928,67,Female,Loyal,No
C013929,43,Male,New,No
C013930,51,Female,Returning,No
C013931,66,Male,Loyal,No
C013932,24,Male,New,No
C013933,47,Male,New,Yes
C013934,18,Female,New,No
C013935,48,Male,Returning,No
C013936,30,Male,Loyal,No
C013937,75,Male,Returning,No
C013938,32,Female,Returning,No
C013939,29,Male,Returning,Yes
C013940,16,Male,Loyal,Yes
C013941,24,Male,New,No
C013942,30,Female,Returning,Yes
C013943,30,Female,Loyal,No
C013944,63,Female,Loyal,No
C013945,73,Female,Returning,Yes
C013946,71,Male,New,Yes
C013947,78,Male,Loyal,No
C013948,74,Male,Loyal,No
C013949,45,Female,New,No
C013950,41,Female,New,No
C013951,58,Female,New,No
C013952,36,Female,Returning,No
C013953,55,Male,New,No
C013954,80,Female,New,Yes
C013955,28,Female,Loyal,No
C013956,66,Male,New,Yes
C013957,76,Female,Loyal,No
C013958,50,Female,Returning,Yes
C013959,39,Female,Returning,Yes
C013960,32,Female,Loyal,No
C013961,26,Male,New,No
C013962,36,Female,New,Yes
C013963,64,Male,Returning,No
C013964,49,Female,Returning,No
C013965,30,Female,Returning,Yes
C013966,51,Male,Loyal,No
C013967,68,Female,Loyal,Yes
C013968,16,Female,New,No
C013969,17,Female,New,Yes
C013970,78,Female,Returning,No
C013971,64,Female,Loyal,Yes
C013972,53,Male,New,Yes
C013973,74,Female,New,No
C013974,54,Male,New,No
C013975,49,Female,Loyal,No
C013976,29,Female,New,Yes
C013977,68,Male,Returning,No
C013978,65,Male,New,No
C013979,35,Male,Returning,No
C013980,63,Female,Returning,Yes
C013981,63,Female,Returning,No
C013982,22,Male,New,No
C013983,26,Female,New,No
C013984,54,Female,New,Yes
C013985,56,Female,Loyal,No
C013986,58,Female,Returning,No
C013987,40,Male,New,No
C013988,70,Male,New,No
C013989,44,Male,Returning,No
C013990,29,Female,New,Yes
C013991,23,Male,Loyal,No
C013992,73,Male,New,Yes
C013993,61,Male,Returning,No
C013994,45,Female,Returning,No
C013995,29,Male,Loyal,No
C013996,22,Female,Returning,No
C013997,25,Male,New,No
C013998,22,Male,New,No
C013999,50,Male,Returning,No
C014000,28,Male,New,No
C014001,24,Female,Returning,No
C014002,34,Male,Loyal,No
C014003,61,Female,New,No
C014004,48,Male,Returning,No
C014005,25,Female,New,No
C014006,64,Female,New,No
C014007,47,Male,New,No
C014008,28,Male,New,No
C014009,60,Female,New,No
C014010,80,Female,Loyal,No
C014011,51,Female,Returning,No
C014012,26,Female,New,No
C014013,36,Female,New,No
C014014,54,Male,Loyal,Yes
C014015,80,Female,New,No
C014016,76,Female,New,Yes
C014017,76,Male,Loyal,Yes
C014018,70,Female,Returning,No
C014019,53,Female,New,No
C014020,58,Female,Returning,No
C014021,63,Female,New,No
C014022,62,Male,Returning,No
C014023,57,Male,New,No
C014024,24,Female,Loyal,No
C014025,73,Male,Returning,Yes
C014026,16,Male,New,Yes
C014027,43,Male,Returning,Yes
C014028,44,Male,New,No
C014029,80,Male,Loyal,No
C014030,21,Male,New,No
C014031,46,Female,New,No
C014032,39,Female,Loyal,No
C014033,22,Male,New,No
C014034,30,Male,New,Yes
C014035,43,Male,Loyal,No
C014036,75,Male,Returning,No
C014037,41,Male,New,Yes
C014038,73,Male,Returning,Yes
C014039,63,Male,Returning,No
C014040,69,Female,Loyal,No
C014041,71,Female,Returning,Yes
C014042,62,Female,Returning,No
C014043,63,Female,Loyal,No
C014044,26,Male,New,Yes
C014045,62,Female,Returning,No
C014046,19,Male,Returning,No
C014047,63,Female,Returning,Yes
C014048,58,Male,Returning,No
C014049,65,Female,New,No
C014050,57,Male,Returning,Yes
C014051,39,Female,Returning,No
C014052,40,Male,Loyal,Yes
C014053,54,Male,New,No
C014054,46,Male,Loyal,No
C014055,38,Male,New,No
C014056,47,Male,Returning,No
C014057,50,Male,Returning,No
C014058,31,Female,Returning,No
C014059,57,Male,Loyal,No
C014060,36,Female,Returning,Yes
C014061,33,Female,New,Yes
C014062,43,Female,Returning,Yes
C014063,22,Female,Returning,Yes
C014064,55,Female,Returning,No
C014065,63,Male,New,Yes
C014066,78,Male,New,No
C014067,34,Male,New,No
C014068,51,Female,Returning,Yes
C014069,48,Male,Returning,No
C014070,63,Female,Loyal,No
C014071,56,Female,New,Yes
C014072,68,Female,Returning,No
C014073,71,Male,Loyal,Yes
C014074,23,Male,New,No
C014075,39,Female,Returning,Yes
C014076,58,Female,Loyal,No
C014077,51,Female,New,No
C014078,47,Female,Returning,No
C014079,27,Male,New,No
C014080,53,Female,New,Yes
C014081,64,Male,Loyal,Yes
C014082,18,Male,New,No
C014083,54,Female,Loyal,No
C014084,74,Male,Returning,No
C014085,53,Male,New,Yes
C014086,77,Female,New,No
C014087,38,Male,Loyal,No
C014088,16,Female,New,No
C014089,60,Male,New,Yes
C014090,29,Male,New,No
C014091,16,Male,Returning,No
C014092,27,Male,New,No
C014093,76,Male,Loyal,No
C014094,66,Female,New,No
C014095,33,Male,New,No
C014096,54,Male,Returning,No
C014097,38,Male,New,No
C014098,27,Male,Loyal,No
C014099,80,Female,Loyal,No
C014100,68,Female,Returning,No
C014101,39,Male,Loyal,No
C014102,38,Male,Loyal,Yes
C014103,69,Male,New,No
C014104,45,Female,New,Yes
C014105,40,Female,Returning,Yes
C014106,41,Male,Loyal,No
C014107,45,Female,Loyal,No
C014108,49,Male,Returning,No
C014109,18,Male,New,No
C014110,47,Female,Loyal,No
C014111,44,Female,Returning,No
C014112,33,Male,Loyal,No
C014113,39,Male,Returning,No
C014114,43,Female,New,No
C014115,39,Female,Returning,Yes
C014116,75,Female,Returning,Yes
C014117,50,Female,Returning,Yes
C014118,48,Male,Returning,No
C014119,33,Female,Loyal,Yes
C014120,75,Female,Loyal,No
C014121,17,Female,New,No
C014122,51,Female,New,No
C014123,26,Male,New,Yes
C014124,65,Male,Returning,Yes
C014125,40,Female,Returning,No
C014126,35,Female,Returning,No
C014127,19,Male,Returning,No
C014128,67,Male,Loyal,No
C014129,41,Female,New,Yes
C014130,33,Female,Returning,No
C014131,70,Male,Loyal,Yes
C014132,17,Female,New,Yes
C014133,46,Male,New,No
C014134,26,Male,Returning,No
C014135,24,Female,New,No
C014136,17,Female,Returning,Yes
C014137,28,Male,Loyal,No
C014138,77,Female,New,No
C014139,44,Male,Loyal,No
C014140,80,Female,New,No
C014141,33,Male,Returning,Yes
C014142,65,Male,New,No
C014143,21,Male,Returning,Yes
C014144,23,Female,Loyal,No
C014145,17,Male,New,No
C014146,74,Male,Loyal,No
C014147,59,Female,Returning,No
C014148,64,Male,Loyal,No
C014149,76,Male,Returning,No
C014150,37,Female,Returning,No
C014151,62,Male,Loyal,No
C014152,48,Female,Returning,No
C014153,51,Female,Loyal,No
C014154,59,Female,New,Yes
C014155,46,Female,New,No
C014156,17,Female,Returning,Yes
C014157,20,Female,New,No
C014158,48,Male,Returning,No
C014159,53,Male,Loyal,No
C014160,63,Female,Returning,Yes
C014161,53,Male,Loyal,No
C014162,28,Male,New,Yes
C014163,39,Female,New,No
C014164,44,Other,New,No
C014165,79,Female,Loyal,No
C014166,50,Female,Returning,No
C014167,57,Female,Loyal,Yes
C014168,63,Female,New,Yes
C014169,39,Female,New,No
C014170,78,Female,Loyal,No
C014171,59,Male,Returning,No
C014172,71,Male,Returning,No
C014173,64,Male,Returning,No
C014174,56,Male,Returning,No
C014175,18,Male,Loyal,Yes
C014176,53,Male,New,Yes
C014177,24,Female,New,No
C014178,55,Female,New,No
C014179,61,Female,Returning,No
C014180,51,Female,Loyal,Yes
C014181,36,Male,Returning,No
C014182,19,Female,Loyal,Yes
C014183,59,Female,Returning,No
C014184,61,Female,Returning,Yes
C014185,47,Male,Returning,No
C014186,62,Female,Loyal,No
C014187,66,Female,New,No
C014188,49,Female,Returning,No
C014189,19,Female,Returning,No
C014190,72,Male,Loyal,No
C014191,46,Female,New,No
C014192,59,Female,New,Yes
C014193,75,Male,Returning,Yes
C014194,39,Female,Returning,No
C014195,56,Male,New,No
C014196,17,Male,Returning,No
C014197,73,Female,Returning,No
C014198,19,Female,New,Yes
C014199,51,Female,Returning,Yes
C014200,38,Female,New,No
C014201,18,Female,Loyal,No
C014202,46,Male,Returning,Yes
C014203,76,Female,Returning,No
C014204,26,Female,Returning,No
C014205,34,Male,New,Yes
C014206,28,Female,Returning,No
C014207,24,Male,Returning,Yes
C014208,30,Female,New,No
C014209,53,Male,Loyal,No
C014210,66,Male,Loyal,Yes
C014211,60,Male,Returning,No
C014212,66,Male,Returning,No
C014213,62,Female,Returning,No
C014214,40,Female,New,No
C014215,74,Female,New,No
C014216,27,Female,Returning,No
C014217,61,Male,Returning,Yes
C014218,23,Female,Returning,No
C014219,65,Female,Loyal,No
C014220,21,Male,Returning,Yes
C014221,30,Female,New,No
C014222,41,Male,Returning,No
C014223,61,Female,Returning,No
C014224,18,Male,New,Yes
C014225,32,Female,New,Yes
C014226,37,Male,Returning,No
C014227,63,Male,Returning,No
C014228,78,Male,New,No
C014229,55,Other,Returning,No
C014230,48,Male,Loyal,No
C014231,37,Female,Returning,Yes
C014232,69,Female,Returning,No
C014233,22,Male,New,No
C014234,24,Male,Returning,No
C014235,29,Male,New,Yes
C014236,33,Male,Loyal,Yes
C014237,46,Female,New,No
C014238,77,Female,Loyal,No
C014239,58,Female,Returning,No
C014240,40,Male,Returning,Yes
C014241,29,Female,Returning,No
C014242,58,Female,New,No
C014243,32,Male,New,No
C014244,79,Female,New,Yes
C014245,47,Female,Returning,No
C014246,51,Female,Returning,No
C014247,74,Female,Loyal,No
C014248,35,Female,New,No
C014249,46,Male,Loyal,Yes
C014250,50,Male,New,No
C014251,33,Male,Returning,No
C014252,19,Male,New,No
C014253,34,Female,Loyal,No
C014254,23,Female,Returning,No
C014255,59,Female,Returning,No
C014256,16,Male,New,No
C014257,36,Female,Returning,No
C014258,73,Male,New,No
C014259,52,Male,Returning,No
C014260,59,Male,Returning,Yes
C014261,59,Female,New,Yes
C014262,35,Male,New,No
C014263,57,Female,New,No
C014264,30,Male,Returning,No
C014265,57,Male,New,No
C014266,60,Female,New,No
C014267,72,Male,New,No
C014268,75,Male,New,No
C014269,17,Male,Returning,Yes
C014270,35,Female,Returning,No
C014271,51,Female,New,No
C014272,36,Female,Returning,No
C014273,56,Male,Returning,No
C014274,71,Female,New,No
C014275,32,Other,Loyal,Yes
C014276,74,Male,Returning,No
C014277,73,Female,Returning,No
C014278,75,Male,Returning,Yes
C014279,20,Female,Returning,No
C014280,35,Female,New,No
C014281,24,Female,New,No
C014282,23,Male,Loyal,Yes
C014283,19,Male,Loyal,No
C014284,44,Female,Loyal,No
C014285,21,Female,Returning,No
C014286,35,Female,Loyal,No
C014287,79,Male,Returning,No
C014288,73,Female,Returning,No
C014289,76,Male,Loyal,Yes
C014290,18,Male,Loyal,No
C014291,58,Female,Returning,Yes
C014292,57,Male,Loyal,No
C014293,24,Male,Loyal,No
C014294,74,Male,Returning,No
C014295,42,Male,Returning,No
C014296,79,Female,New,Yes
C014297,23,Male,Loyal,No
C014298,58,Female,New,No
C014299,24,Male,New,No
C014300,77,Female,New,Yes
C014301,55,Female,Returning,No
C014302,20,Female,New,No
C014303,29,Female,New,No
C014304,39,Female,Loyal,No
C014305,16,Female,Returning,No
C014306,16,Male,Loyal,No
C014307,76,Male,Loyal,Yes
C014308,79,Female,Returning,No
C014309,50,Male,Returning,No
C014310,74,Male,New,No
C014311,58,Female,Loyal,No
C014312,17,Male,Returning,Yes
C014313,62,Female,Loyal,No
C014314,17,Male,Loyal,No
C014315,69,Male,New,No
C014316,39,Female,Loyal,No
C014317,25,Female,Loyal,No
C014318,32,Female,Returning,Yes
C014319,60,Male,Loyal,Yes
C014320,71,Female,Returning,Yes
C014321,53,Male,Returning,No
C014322,26,Male,New,No
C014323,74,Female,Returning,Yes
C014324,67,Male,Loyal,No
C014325,42,Female,New,No
C014326,52,Male,New,No
C014327,78,Female,New,No
C014328,40,Female,Returning,Yes
C014329,17,Female,Returning,Yes
C014330,25,Female,Loyal,No
C014331,55,Male,New,No
C014332,80,Male,New,No
C014333,64,Female,New,No
C014334,56,Female,Loyal,No
C014335,36,Male,Returning,No
C014336,44,Female,New,No
C014337,18,Female,New,No
C014338,40,Male,New,No
C014339,56,Female,Returning,No
C014340,74,Male,Returning,No
C014341,75,Female,Returning,Yes
C014342,69,Male,New,No
C014343,17,Female,Returning,No
C014344,68,Female,Returning,No
C014345,30,Female,New,Yes
C014346,56,Male,New,No
C014347,77,Male,New,No
C014348,73,Female,Returning,Yes
C014349,59,Male,Returning,Yes
C014350,35,Female,Returning,No
C014351,49,Female,Returning,No
C014352,61,Female,New,No
C014353,49,Male,Loyal,No
C014354,42,Female,Loyal,No
C014355,42,Female,New,No
C014356,54,Male,Loyal,No
C014357,18,Male,Returning,No
C014358,80,Female,Returning,No
C014359,22,Male,Returning,Yes
C014360,79,Female,Loyal,Yes
C014361,18,Female,New,No
C014362,49,Female,New,No
C014363,43,Male,Loyal,Yes
C014364,53,Male,Loyal,Yes
C014365,44,Female,Loyal,No
C014366,74,Female,New,Yes
C014367,17,Female,Returning,No
C014368,80,Male,Returning,Yes
C014369,60,Male,New,Yes
C014370,66,Male,New,No
C014371,25,Male,Loyal,No
C014372,20,Male,New,No
C014373,41,Male,New,No
C014374,36,Male,New,No
C014375,66,Female,Returning,Yes
C014376,74,Male,Loyal,No
C014377,43,Female,New,No
C014378,65,Female,Loyal,Yes
C014379,19,Female,New,No
C014380,64,Female,New,Yes
C014381,22,Male,New,Yes
C014382,59,Female,Returning,No
C014383,40,Female,Loyal,Yes
C014384,42,Male,Returning,Yes
C014385,33,Male,New,No
C014386,42,Female,Loyal,No
C014387,72,Female,Returning,No
C014388,68,Female,Returning,Yes
C014389,38,Male,Loyal,No
C014390,35,Female,Loyal,No
C014391,49,Male,Returning,Yes
C014392,60,Female,New,No
C014393,27,Male,New,No
C014394,63,Female,Loyal,Yes
C014395,77,Female,Returning,No
C014396,70,Female,Loyal,Yes
C014397,51,Female,Loyal,No
C014398,36,Other,Loyal,No
C014399,37,Male,New,No
C014400,64,Female,New,No
C014401,45,Male,New,Yes
C014402,22,Female,New,No
C014403,60,Male,Returning,Yes
C014404,24,Female,Returning,Yes
C014405,80,Female,New,No
C014406,43,Female,Returning,No
C014407,38,Female,New,Yes
C014408,19,Male,Returning,No
C014409,26,Female,Returning,No
C014410,77,Female,New,No
C014411,50,Male,Returning,No
C014412,74,Female,Returning,No
C014413,78,Female,Returning,No
C014414,19,Male,Returning,No
C014415,40,Female,New,No
C014416,70,Male,Loyal,Yes
C014417,48,Male,Loyal,No
C014418,49,Female,New,No
C014419,53,Female,New,No
C014420,61,Female,Loyal,No
C014421,77,Male,Returning,No
C014422,73,Male,New,No
C014423,56,Male,Returning,No
C014424,53,Female,Loyal,No
C014425,39,Male,New,No
C014426,23,Female,Returning,No
C014427,62,Male,Loyal,No
C014428,16,Female,New,No
C014429,61,Male,Loyal,No
C014430,48,Female,Loyal,No
C014431,67,Female,Returning,No
C014432,77,Female,Returning,No
C014433,51,Male,Returning,No
C014434,53,Male,Returning,No
C014435,47,Male,New,No
C014436,40,Female,New,No
C014437,21,Male,New,No
C014438,18,Female,New,No
C014439,62,Male,Returning,No
C014440,75,Female,Loyal,No
C014441,19,Male,New,No
C014442,37,Male,Returning,Yes
C014443,55,Female,Returning,No
C014444,61,Male,Returning,No
C014445,63,Female,Returning,Yes
C014446,61,Female,New,Yes
C014447,21,Female,New,No
C014448,32,Female,New,No
C014449,46,Female,Loyal,No
C014450,20,Male,Loyal,No
C014451,38,Male,Returning,No
C014452,41,Female,Returning,No
C014453,79,Male,Returning,No
C014454,36,Male,Returning,No
C014455,79,Female,New,No
C014456,61,Female,New,No
C014457,60,Male,New,Yes
C014458,69,Female,Loyal,No
C014459,70,Female,Returning,No
C014460,30,Male,Returning,No
C014461,43,Male,Loyal,No
C014462,50,Male,Returning,No
C014463,79,Male,Returning,No
C014464,18,Female,Loyal,No
C014465,46,Male,New,No
C014466,29,Male,New,Yes
C014467,29,Female,Returning,No
C014468,65,Female,New,Yes
C014469,29,Female,Returning,Yes
C014470,67,Male,Loyal,No
C014471,80,Male,Loyal,No
C014472,66,Male,New,Yes
C014473,27,Female,New,No
C014474,25,Male,Loyal,No
C014475,44,Female,Loyal,No
C014476,51,Male,New,No
C014477,66,Male,Loyal,No
C014478,43,Male,Loyal,No
C014479,26,Female,New,No
C014480,80,Female,New,No
C014481,74,Female,Loyal,No
C014482,58,Male,Returning,No
C014483,61,Female,Returning,No
C014484,76,Male,Loyal,No
C014485,46,Female,Loyal,Yes
C014486,25,Male,New,Yes
C014487,55,Female,Returning,Yes
C014488,45,Female,Loyal,No
C014489,67,Male,New,No
C014490,66,Female,New,Yes
C014491,46,Female,Loyal,No
C014492,39,Male,Loyal,No
C014493,43,Female,New,No
C014494,57,Male,New,No
C014495,57,Male,Loyal,No
C014496,49,Female,New,No
C014497,50,Female,New,No
C014498,80,Female,Loyal,Yes
C014499,32,Female,Loyal,No
C014500,27,Female,Returning,Yes
C014501,67,Male,Returning,No
C014502,76,Female,Returning,No
C014503,55,Male,New,Yes
C014504,42,Male,Loyal,No
C014505,38,Female,Returning,No
C014506,46,Male,Returning,No
C014507,19,Female,Returning,No
C014508,50,Female,Returning,No
C014509,33,Male,New,No
C014510,33,Female,Returning,No
C014511,52,Female,Returning,Yes
C014512,78,Male,Loyal,No
C014513,29,Male,Loyal,No
C014514,75,Male,New,No
C014515,49,Male,Returning,No
C014516,79,Male,New,No
C014517,40,Male,Returning,No
C014518,80,Female,Loyal,No
C014519,58,Male,Loyal,No
C014520,59,Male,New,No
C014521,52,Female,Returning,Yes
C014522,45,Female,New,No
C014523,50,Female,New,Yes
C014524,71,Female,New,Yes
C014525,67,Female,Returning,No
C014526,17,Female,Returning,No
C014527,61,Male,Returning,No
C014528,70,Female,Returning,No
C014529,64,Female,New,No
C014530,48,Male,Returning,Yes
C014531,37,Female,New,No
C014532,59,Male,New,No
C014533,59,Male,Returning,Yes
C014534,40,Male,New,No
C014535,42,Female,Returning,Yes
C014536,39,Female,Loyal,No
C014537,18,Male,New,No
C014538,18,Female,Loyal,No
C014539,21,Female,New,No
C014540,43,Female,Loyal,Yes
C014541,49,Male,New,Yes
C014542,42,Female,Loyal,No
C014543,78,Male,New,No
C014544,30,Male,Loyal,Yes
C014545,41,Female,New,No
C014546,32,Male,Returning,No
C014547,35,Male,New,No
C014548,53,Female,New,Yes
C014549,36,Female,New,Yes
C014550,36,Female,New,No
C014551,59,Male,Returning,No
C014552,69,Female,Returning,No
C014553,29,Female,Returning,No
C014554,23,Male,Returning,No
C014555,31,Male,New,No
C014556,53,Female,Returning,No
C014557,78,Male,Loyal,No
C014558,26,Male,New,No
C014559,18,Female,Loyal,No
C014560,50,Male,New,No
C014561,80,Male,Returning,No
C014562,51,Female,Loyal,No
C014563,76,Other,Returning,No
C014564,57,Female,Returning,No
C014565,18,Male,New,Yes
C014566,43,Male,Returning,No
C014567,66,Female,Returning,Yes
C014568,49,Female,Loyal,No
C014569,28,Male,Loyal,No
C014570,27,Male,New,Yes
C014571,59,Female,Returning,No
C014572,46,Female,Returning,No
C014573,53,Female,Returning,Yes
C014574,40,Female,New,Yes
C014575,38,Female,Loyal,Yes
C014576,59,Male,Returning,No
C014577,16,Female,New,No
C014578,44,Male,New,Yes
C014579,40,Male,Returning,Yes
C014580,66,Other,Loyal,No
C014581,63,Male,New,Yes
C014582,43,Female,New,No
C014583,33,Male,New,No
C014584,31,Female,Returning,No
C014585,29,Female,Returning,Yes
C014586,33,Male,New,Yes
C014587,65,Male,Loyal,Yes
C014588,18,Male,New,No
C014589,17,Female,Loyal,No
C014590,51,Female,Loyal,No
C014591,30,Male,New,No
C014592,70,Female,Loyal,No
C014593,64,Female,Returning,No
C014594,65,Male,Loyal,Yes
C014595,45,Male,New,No
C014596,44,Female,Loyal,No
C014597,43,Female,Returning,Yes
C014598,28,Male,New,Yes
C014599,52,Male,Loyal,No
C014600,72,Female,Loyal,No
C014601,32,Male,New,No
C014602,19,Female,Returning,No
C014603,52,Male,Loyal,No
C014604,41,Male,Returning,Yes
C014605,67,Male,Returning,No
C014606,71,Male,New,No
C014607,77,Female,Returning,Yes
C014608,41,Female,Returning,No
C014609,74,Male,Returning,No
C014610,23,Female,Returning,No
C014611,40,Male,Returning,No
C014612,33,Female,New,Yes
C014613,76,Female,Loyal,Yes
C014614,55,Male,New,No
C014615,39,Female,Returning,No
C014616,25,Male,Loyal,No
C014617,66,Female,Loyal,No
C014618,58,Female,New,No
C014619,71,Female,Loyal,Yes
C014620,44,Female,New,Yes
C014621,25,Male,New,No
C014622,37,Female,Loyal,Yes
C014623,56,Female,New,No
C014624,31,Male,Returning,Yes
C014625,20,Female,Loyal,No
C014626,69,Female,New,No
C014627,50,Male,Loyal,Yes
C014628,41,Male,Returning,Yes
C014629,51,Female,Returning,Yes
C014630,64,Male,Returning,No
C014631,16,Female,Returning,Yes
C014632,44,Female,Loyal,No
C014633,32,Female,Loyal,No
C014634,21,Male,New,Yes
C014635,18,Female,Returning,Yes
C014636,44,Male,Returning,Yes
C014637,51,Female,Returning,No
C014638,48,Female,New,No
C014639,66,Male,New,No
C014640,45,Other,New,No
C014641,54,Female,Returning,No
C014642,69,Female,New,No
C014643,58,Male,Returning,No
C014644,75,Male,Loyal,No
C014645,30,Female,New,No
C014646,67,Female,Returning,Yes
C014647,61,Male,New,Yes
C014648,53,Female,Returning,No
C014649,16,Female,New,No
C014650,51,Female,Loyal,Yes
C014651,71,Female,New,Yes
C014652,57,Male,Loyal,No
C014653,16,Female,New,Yes
C014654,34,Male,Loyal,No
C014655,53,Female,New,No
C014656,68,Female,New,No
C014657,44,Male,Loyal,No
C014658,71,Female,New,No
C014659,67,Female,Returning,Yes
C014660,33,Female,Returning,No
C014661,28,Male,Returning,No
C014662,74,Male,New,Yes
C014663,54,Male,Loyal,No
C014664,71,Male,Returning,No
C014665,75,Female,Loyal,No
C014666,43,Male,Loyal,No
C014667,18,Female,Loyal,No
C014668,75,Female,Returning,No
C014669,53,Female,New,No
C014670,23,Female,Loyal,Yes
C014671,50,Female,Loyal,Yes
C014672,17,Female,Returning,No
C014673,34,Male,Loyal,No
C014674,38,Male,New,No
C014675,45,Male,New,No
C014676,52,Female,New,No
C014677,70,Female,Returning,No
C014678,38,Male,Returning,No
C014679,63,Female,New,No
C014680,77,Female,Returning,No
C014681,64,Female,New,No
C014682,32,Female,Returning,Yes
C014683,60,Female,New,Yes
C014684,34,Male,New,Yes
C014685,47,Male,Returning,No
C014686,57,Other,New,No
C014687,35,Female,Returning,No
C014688,16,Female,Returning,No
C014689,70,Male,Loyal,No
C014690,63,Female,New,No
C014691,24,Male,New,No
C014692,40,Male,Loyal,Yes
C014693,33,Female,New,No
C014694,79,Female,Returning,No
C014695,77,Female,Loyal,No
C014696,60,Male,New,No
C014697,44,Female,Loyal,Yes
C014698,19,Female,Returning,No
C014699,32,Female,Loyal,No
C014700,22,Male,Loyal,No
C014701,67,Male,Loyal,No
C014702,21,Male,New,No
C014703,60,Male,Returning,Yes
C014704,77,Female,Returning,No
C014705,36,Female,Returning,No
C014706,60,Female,Loyal,No
C014707,73,Male,New,No
C014708,43,Male,Returning,No
C014709,45,Female,Returning,No
C014710,29,Male,New,No
C014711,43,Female,Returning,No
C014712,72,Male,New,No
C014713,59,Male,Returning,Yes
C014714,29,Male,New,No
C014715,50,Male,Loyal,No
C014716,61,Male,New,No
C014717,21,Male,Returning,No
C014718,65,Male,Returning,No
C014719,29,Female,Returning,Yes
C014720,35,Female,Returning,No
C014721,43,Male,Loyal,No
C014722,48,Male,New,No
C014723,75,Male,Returning,No
C014724,30,Female,Returning,No
C014725,32,Female,Returning,No
C014726,40,Female,Loyal,No
C014727,71,Male,Returning,No
C014728,78,Female,New,No
C014729,45,Female,Returning,No
C014730,61,Female,Returning,No
C014731,75,Female,New,No
C014732,71,Female,Returning,No
C014733,60,Male,Returning,No
C014734,51,Female,Loyal,No
C014735,79,Female,New,No
C014736,31,Female,Returning,No
C014737,39,Female,New,Yes
C014738,62,Male,New,No
C014739,17,Male,Returning,No
C014740,48,Male,Returning,Yes
C014741,71,Male,Returning,No
C014742,27,Female,Loyal,No
C014743,68,Male,New,No
C014744,42,Female,Returning,No
C014745,71,Male,New,No
C014746,57,Male,New,No
C014747,26,Female,New,No
C014748,63,Female,Returning,Yes
C014749,19,Female,Returning,No
C014750,31,Female,Returning,No
C014751,73,Female,Returning,No
C014752,72,Male,New,No
C014753,19,Female,New,Yes
C014754,40,Male,Returning,No
C014755,22,Male,Loyal,Yes
C014756,33,Female,Loyal,No
C014757,78,Female,New,Yes
C014758,28,Female,Returning,No
C014759,57,Female,Returning,Yes
C014760,68,Female,Loyal,No
C014761,73,Female,New,No
C014762,39,Female,New,No
C014763,61,Male,Loyal,Yes
C014764,47,Male,New,No
C014765,22,Female,Loyal,No
C014766,30,Male,Returning,No
C014767,64,Male,Returning,Yes
C014768,60,Female,New,No
C014769,49,Female,Loyal,No
C014770,66,Female,New,Yes
C014771,60,Female,Returning,Yes
C014772,38,Male,New,No
C014773,35,Male,New,Yes
C014774,77,Male,Returning,No
C014775,79,Female,New,No
C014776,17,Male,Returning,No
C014777,67,Female,Returning,Yes
C014778,24,Female,Returning,No
C014779,71,Female,Returning,No
C014780,54,Male,New,No
C014781,60,Male,Loyal,No
C014782,61,Male,New,No
C014783,55,Male,Returning,No
C014784,32,Female,Loyal,No
C014785,68,Female,Loyal,No
C014786,52,Male,New,No
C014787,51,Male,New,No
C014788,36,Female,Loyal,No
C014789,16,Female,Loyal,Yes
C014790,52,Male,Returning,No
C014791,38,Female,New,Yes
C014792,58,Female,Returning,No
C014793,39,Female,Loyal,No
C014794,79,Female,New,No
C014795,60,Male,Loyal,Yes
C014796,45,Male,Returning,No
C014797,62,Female,Returning,No
C014798,58,Female,New,Yes
C014799,56,Male,New,No
C014800,53,Female,New,No
C014801,76,Female,Loyal,No
C014802,36,Female,Returning,No
C014803,44,Male,Returning,No
C014804,32,Male,Loyal,Yes
C014805,53,Female,New,No
C014806,80,Male,Loyal,No
C014807,55,Male,New,No
C014808,29,Female,New,No
C014809,75,Male,Returning,Yes
C014810,67,Female,Loyal,No
C014811,44,Male,Returning,No
C014812,25,Male,New,No
C014813,42,Female,Loyal,No
C014814,68,Male,Loyal,No
C014815,53,Male,Returning,No
C014816,28,Female,Returning,Yes
C014817,26,Male,Returning,No
C014818,78,Male,New,No
C014819,45,Male,Returning,Yes
C014820,60,Male,New,No
C014821,39,Female,Returning,No
C014822,21,Female,Returning,No
C014823,42,Female,Returning,Yes
C014824,61,Male,Loyal,No
C014825,37,Male,Returning,No
C014826,55,Male,Returning,No
C014827,44,Female,New,No
C014828,37,Male,New,No
C014829,32,Male,New,No
C014830,32,Male,New,No
C014831,32,Male,Returning,No
C014832,62,Female,Returning,No
C014833,37,Female,Loyal,No
C014834,64,Female,New,No
C014835,36,Female,New,No
C014836,37,Female,Loyal,Yes
C014837,76,Male,New,No
C014838,72,Female,Returning,Yes
C014839,42,Female,Returning,Yes
C014840,33,Female,Returning,Yes
C014841,62,Male,New,No
C014842,20,Male,New,No
C014843,45,Female,Loyal,No
C014844,54,Male,Loyal,No
C014845,59,Male,Returning,No
C014846,22,Male,New,Yes
C014847,16,Male,Returning,No
C014848,33,Male,Returning,Yes
C014849,23,Male,New,Yes
C014850,48,Female,Loyal,No
C014851,75,Male,Loyal,No
C014852,34,Female,New,No
C014853,45,Female,New,No
C014854,29,Male,New,No
C014855,18,Male,Returning,No
C014856,61,Male,Returning,No
C014857,32,Male,Returning,Yes
C014858,51,Male,Returning,Yes
C014859,60,Male,New,No
C014860,70,Male,New,No
C014861,28,Female,Returning,No
C014862,53,Female,Returning,No
C014863,75,Female,Loyal,No
C014864,47,Male,New,No
C014865,18,Male,Loyal,No
C014866,32,Male,New,No
C014867,67,Female,Returning,No
C014868,67,Male,New,No
C014869,36,Male,Returning,Yes
C014870,28,Male,Returning,Yes
C014871,34,Female,Loyal,No
C014872,31,Male,New,No
C014873,64,Male,New,No
C014874,70,Female,Returning,Yes
C014875,19,Female,Returning,No
C014876,64,Female,New,No
C014877,64,Female,New,No
C014878,55,Female,Returning,No
C014879,72,Male,New,Yes
C014880,18,Male,New,No
C014881,61,Male,New,Yes
C014882,24,Female,Returning,No
C014883,74,Female,Loyal,No
C014884,48,Male,Returning,No
C014885,21,Male,Loyal,No
C014886,64,Male,Returning,No
C014887,64,Male,New,No
C014888,46,Male,Loyal,No
C014889,36,Male,New,Yes
C014890,17,Male,Loyal,No
C014891,75,Female,New,No
C014892,27,Female,Returning,No
C014893,70,Male,Loyal,No
C014894,54,Female,Loyal,No
C014895,60,Female,Loyal,No
C014896,61,Female,Loyal,No
C014897,71,Male,Returning,Yes
C014898,18,Female,Returning,No
C014899,80,Male,Returning,No
C014900,18,Male,New,No
C014901,80,Male,Returning,No
C014902,32,Female,New,No
C014903,70,Male,Loyal,No
C014904,21,Male,Returning,Yes
C014905,45,Female,New,No
C014906,51,Male,Returning,No
C014907,78,Female,Loyal,Yes
C014908,24,Male,Loyal,Yes
C014909,18,Male,New,No
C014910,58,Male,Returning,Yes
C014911,19,Male,New,No
C014912,66,Female,Loyal,No
C014913,18,Male,Loyal,No
C014914,79,Male,New,No
C014915,50,Female,New,No
C014916,77,Male,New,No
C014917,24,Male,Returning,Yes
C014918,33,Female,New,No
C014919,45,Male,Loyal,No
C014920,17,Female,Returning,Yes
C014921,22,Female,Returning,No
C014922,37,Female,Returning,No
C014923,63,Female,Returning,No
C014924,62,Female,New,No
C014925,21,Female,Loyal,No
C014926,19,Male,Returning,Yes
C014927,58,Female,New,No
C014928,39,Male,New,No
C014929,67,Female,Loyal,No
C014930,35,Female,New,Yes
C014931,39,Male,New,No
C014932,30,Female,Returning,No
C014933,33,Female,Loyal,Yes
C014934,61,Other,Returning,Yes
C014935,46,Female,Loyal,No
C014936,58,Female,New,Yes
C014937,21,Male,Loyal,No
C014938,50,Female,Returning,No
C014939,45,Male,Loyal,No
C014940,75,Female,Returning,No
C014941,43,Female,Returning,Yes
C014942,22,Female,Loyal,No
C014943,61,Female,Loyal,No
C014944,25,Male,New,Yes
C014945,75,Male,New,No
C014946,40,Male,Returning,Yes
C014947,66,Female,New,Yes
C014948,58,Male,New,No
C014949,46,Male,New,No
C014950,53,Female,Returning,No
C014951,27,Female,Returning,No
C014952,20,Female,New,No
C014953,65,Female,Returning,Yes
C014954,78,Female,Returning,No
C014955,72,Female,Loyal,No
C014956,35,Male,New,No
C014957,39,Female,Loyal,No
C014958,39,Female,Loyal,No
C014959,61,Male,Returning,No
C014960,56,Female,Returning,No
C014961,67,Female,New,No
C014962,77,Female,New,No
C014963,41,Male,New,Yes
C014964,59,Female,Returning,No
C014965,48,Male,Loyal,No
C014966,78,Male,New,No
C014967,39,Male,Returning,No
C014968,28,Male,Returning,No
C014969,40,Male,Returning,Yes
C014970,56,Male,Returning,No
C014971,77,Female,Returning,No
C014972,69,Female,Returning,Yes
C014973,17,Female,New,No
C014974,49,Male,Returning,No
C014975,26,Female,Returning,No
C014976,39,Male,New,No
C014977,77,Female,Returning,No
C014978,80,Male,Returning,Yes
C014979,25,Female,Returning,No
C014980,25,Male,Returning,No
C014981,61,Female,Returning,Yes
C014982,42,Male,Loyal,No
C014983,44,Male,New,No
C014984,72,Female,Returning,Yes
C014985,75,Male,Returning,No
C014986,74,Male,Returning,Yes
C014987,66,Male,Loyal,No
C014988,79,Male,Returning,No
C014989,62,Female,New,Yes
C014990,73,Male,Returning,No
C014991,51,Male,New,Yes
C014992,19,Male,Returning,No
C014993,69,Male,Loyal,No
C014994,76,Male,Returning,No
C014995,36,Female,New,No
C014996,43,Male,New,Yes
C014997,53,Female,New,No
C014998,58,Male,Returning,No
C014999,59,Female,Loyal,No
C015000,41,Male,Returning,No
C015001,71,Female,Loyal,No
C015002,68,Female,New,No
C015003,77,Female,New,No
C015004,53,Female,Returning,Yes
C015005,21,Male,New,Yes
C015006,70,Female,New,Yes
C015007,21,Female,New,No
C015008,28,Female,Returning,No
C015009,34,Female,New,Yes
C015010,28,Female,Loyal,No
C015011,63,Female,Loyal,No
C015012,44,Male,Returning,No
C015013,30,Male,New,No
C015014,16,Male,New,No
C015015,30,Female,Returning,Yes
C015016,61,Female,New,No
C015017,67,Female,Returning,Yes
C015018,35,Male,New,No
C015019,20,Female,Returning,Yes
C015020,52,Female,Returning,Yes
C015021,66,Male,Returning,No
C015022,20,Female,Returning,No
C015023,67,Male,New,No
C015024,27,Male,New,No
C015025,32,Male,Returning,Yes
C015026,56,Female,Returning,No
C015027,19,Female,New,No
C015028,35,Male,Loyal,No
C015029,25,Female,New,No
C015030,29,Female,New,No
C015031,66,Female,Returning,No
C015032,30,Female,New,Yes
C015033,18,Female,Returning,Yes
C015034,29,Male,New,Yes
C015035,21,Male,Returning,No
C015036,56,Female,New,No
C015037,79,Male,New,No
C015038,26,Male,Returning,No
C015039,63,Female,Loyal,Yes
C015040,39,Male,Loyal,Yes
C015041,20,Female,New,No
C015042,60,Male,Loyal,Yes
C015043,29,Female,New,No
C015044,49,Female,Loyal,No
C015045,48,Male,Loyal,No
C015046,54,Male,Returning,Yes
C015047,24,Female,New,No
C015048,32,Male,Loyal,No
C015049,63,Male,Returning,No
C015050,76,Female,New,Yes
C015051,16,Female,Loyal,Yes
C015052,42,Female,Returning,No
C015053,73,Male,Returning,No
C015054,34,Female,Returning,No
C015055,45,Female,Loyal,No
C015056,74,Female,Returning,No
C015057,78,Female,Loyal,No
C015058,58,Male,New,No
C015059,61,Female,Returning,Yes
C015060,55,Female,Returning,No
C015061,34,Female,New,Yes
C015062,73,Female,New,Yes
C015063,18,Female,New,Yes
C015064,19,Female,New,Yes
C015065,55,Male,Returning,No
C015066,70,Female,New,No
C015067,68,Female,Returning,No
C015068,60,Male,Loyal,Yes
C015069,40,Male,Returning,No
C015070,39,Male,Loyal,No
C015071,43,Male,Returning,No
C015072,32,Female,Loyal,No
C015073,43,Female,Loyal,No
C015074,22,Female,New,No
C015075,36,Female,Returning,No
C015076,77,Male,Returning,No
C015077,61,Male,Loyal,No
C015078,25,Male,New,No
C015079,34,Male,Returning,No
C015080,32,Male,Loyal,No
C015081,34,Female,Loyal,No
C015082,60,Male,New,No
C015083,74,Female,Returning,No
C015084,62,Female,New,No
C015085,47,Male,Returning,No
C015086,26,Male,New,No
C015087,25,Male,Loyal,No
C015088,68,Female,Returning,Yes
C015089,60,Male,New,No
C015090,49,Female,New,No
C015091,53,Male,Returning,Yes
C015092,71,Female,Returning,Yes
C015093,68,Female,Returning,No
C015094,21,Female,Returning,Yes
C015095,41,Male,Returning,Yes
C015096,18,Male,New,Yes
C015097,41,Female,New,Yes
C015098,57,Female,New,Yes
C015099,29,Female,New,No
C015100,25,Male,Loyal,No
C015101,47,Male,New,No
C015102,50,Male,Returning,No
C015103,62,Female,New,Yes
C015104,16,Female,New,No
C015105,32,Male,New,No
C015106,66,Male,New,No
C015107,60,Female,New,Yes
C015108,74,Female,Loyal,No
C015109,68,Female,New,No
C015110,70,Female,Returning,No
C015111,49,Female,Loyal,No
C015112,78,Male,New,Yes
C015113,43,Female,Returning,No
C015114,74,Female,Returning,Yes
C015115,41,Male,New,Yes
C015116,44,Female,New,No
C015117,60,Female,Loyal,No
C015118,41,Male,New,No
C015119,25,Female,New,No
C015120,74,Male,Returning,No
C015121,45,Female,New,No
C015122,76,Female,Loyal,No
C015123,41,Female,Loyal,Yes
C015124,79,Male,Loyal,Yes
C015125,55,Female,New,No
C015126,65,Male,Loyal,No
C015127,65,Female,Returning,No
C015128,29,Male,Returning,No
C015129,69,Female,Returning,No
C015130,77,Female,Loyal,No
C015131,58,Male,Returning,No
C015132,77,Female,Returning,No
C015133,70,Female,Returning,No
C015134,59,Male,New,No
C015135,47,Male,New,No
C015136,71,Male,Returning,No
C015137,28,Female,Returning,Yes
C015138,52,Female,Returning,No
C015139,69,Female,Loyal,No
C015140,77,Female,Returning,No
C015141,33,Female,New,Yes
C015142,22,Female,Returning,No
C015143,37,Female,New,No
C015144,72,Female,Loyal,No
C015145,50,Female,Returning,No
C015146,19,Female,Loyal,No
C015147,23,Female,New,Yes
C015148,38,Female,Returning,No
C015149,38,Male,Returning,No
C015150,24,Female,New,Yes
C015151,48,Female,Returning,No
C015152,47,Male,New,No
C015153,28,Female,New,No
C015154,31,Female,Returning,Yes
C015155,59,Male,New,No
C015156,77,Male,Returning,Yes
C015157,80,Male,Returning,No
C015158,52,Male,New,No
C015159,18,Male,New,No
C015160,74,Female,Returning,No
C015161,77,Female,Returning,Yes
C015162,34,Female,Returning,Yes
C015163,42,Male,New,No
C015164,17,Male,Returning,Yes
C015165,68,Female,New,No
C015166,66,Male,New,No
C015167,17,Male,Returning,Yes
C015168,61,Female,Returning,No
C015169,42,Male,New,No
C015170,51,Male,New,Yes
C015171,30,Female,Returning,Yes
C015172,68,Female,Returning,Yes
C015173,42,Female,Returning,No
C015174,70,Female,Returning,Yes
C015175,25,Male,New,No
C015176,54,Male,Returning,No
C015177,36,Male,Loyal,No
C015178,78,Male,Loyal,Yes
C015179,52,Male,New,No
C015180,62,Female,Loyal,Yes
C015181,21,Male,New,No
C015182,59,Male,New,No
C015183,22,Female,Returning,No
C015184,39,Female,New,No
C015185,30,Male,New,No
C015186,16,Male,New,Yes
C015187,54,Male,Returning,No
C015188,31,Female,Returning,No
C015189,49,Male,Returning,No
C015190,65,Female,Returning,No
C015191,27,Male,New,No
C015192,62,Male,Returning,No
C015193,35,Male,Returning,No
C015194,37,Other,New,No
C015195,53,Female,Loyal,No
C015196,56,Male,Returning,Yes
C015197,58,Male,Returning,No
C015198,28,Female,Returning,No
C015199,53,Female,Returning,No
C015200,33,Male,Returning,No
C015201,33,Female,Loyal,No
C015202,77,Female,New,No
C015203,22,Male,New,Yes
C015204,42,Female,New,No
C015205,44,Female,Loyal,No
C015206,31,Male,New,No
C015207,67,Female,New,Yes
C015208,47,Male,New,No
C015209,62,Female,Returning,Yes
C015210,41,Male,Loyal,Yes
C015211,74,Female,Returning,No
C015212,63,Male,New,Yes
C015213,37,Male,Loyal,No
C015214,78,Male,Loyal,No
C015215,72,Female,Returning,No
C015216,54,Female,Returning,No
C015217,17,Female,Returning,No
C015218,54,Male,Returning,No
C015219,60,Male,Loyal,No
C015220,39,Male,Returning,Yes
C015221,25,Female,Returning,No
C015222,52,Male,New,No
C015223,68,Female,New,No
C015224,36,Male,New,Yes
C015225,45,Male,Returning,No
C015226,16,Female,Loyal,Yes
C015227,61,Female,New,No
C015228,72,Female,Returning,No
C015229,66,Male,Returning,No
C015230,43,Male,New,No
C015231,18,Female,Returning,No
C015232,47,Female,Loyal,Yes
C015233,77,Male,New,No
C015234,21,Male,Returning,No
C015235,29,Female,Returning,No
C015236,70,Female,Returning,No
C015237,52,Female,New,No
C015238,27,Male,New,No
C015239,17,Female,New,No
C015240,42,Male,Returning,No
C015241,54,Male,New,No
C015242,70,Male,Returning,No
C015243,73,Other,Returning,No
C015244,45,Female,Loyal,No
C015245,43,Male,Loyal,No
C015246,76,Male,New,No
C015247,66,Male,New,No
C015248,29,Female,New,Yes
C015249,60,Female,Loyal,No
C015250,62,Male,Returning,Yes
C015251,31,Female,New,No
C015252,79,Male,Returning,No
C015253,35,Female,New,Yes
C015254,51,Female,Returning,No
C015255,48,Male,Returning,No
C015256,60,Male,New,Yes
C015257,74,Male,Loyal,No
C015258,41,Female,Returning,Yes
C015259,40,Female,Returning,No
C015260,64,Female,Returning,No
C015261,77,Male,New,No
C015262,75,Female,Returning,No
C015263,64,Female,Returning,No
C015264,61,Female,Returning,Yes
C015265,65,Male,Returning,No
C015266,76,Male,Returning,Yes
C015267,16,Female,Returning,No
C015268,54,Male,Returning,No
C015269,18,Female,Returning,Yes
C015270,53,Female,New,Yes
C015271,41,Female,Loyal,No
C015272,35,Male,New,Yes
C015273,73,Female,New,No
C015274,62,Female,Loyal,No
C015275,52,Male,New,No
C015276,73,Male,Returning,No
C015277,22,Male,New,No
C015278,58,Male,New,Yes
C015279,26,Male,Returning,No
C015280,31,Female,Returning,No
C015281,28,Male,New,Yes
C015282,51,Female,Loyal,No
C015283,56,Female,New,No
C015284,65,Male,Loyal,No
C015285,44,Female,Returning,No
C015286,77,Female,Loyal,Yes
C015287,40,Female,Loyal,No
C015288,26,Male,Loyal,No
C015289,18,Male,Loyal,No
C015290,24,Female,Loyal,No
C015291,44,Female,Loyal,No
C015292,42,Male,New,No
C015293,71,Male,Loyal,No
C015294,24,Female,Returning,No
C015295,33,Female,Loyal,No
C015296,79,Male,Returning,No
C015297,17,Female,New,No
C015298,43,Male,New,No
C015299,28,Female,New,No
C015300,50,Male,Returning,No
C015301,79,Male,Returning,Yes
C015302,30,Male,New,No
C015303,40,Male,New,No
C015304,45,Female,New,No
C015305,67,Female,Loyal,No
C015306,80,Male,New,No
C015307,22,Male,New,No
C015308,47,Male,Returning,No
C015309,64,Female,New,No
C015310,16,Male,Returning,No
C015311,68,Female,Loyal,No
C015312,31,Female,New,Yes
C015313,49,Female,Loyal,No
C015314,79,Male,Returning,No
C015315,57,Male,New,Yes
C015316,80,Female,New,No
C015317,55,Male,New,No
C015318,29,Female,New,No
C015319,61,Female,New,No
C015320,55,Female,Loyal,No
C015321,36,Female,New,No
C015322,20,Female,Loyal,No
C015323,58,Female,Returning,Yes
C015324,53,Male,Returning,No
C015325,66,Male,Returning,No
C015326,24,Male,Loyal,No
C015327,51,Female,Loyal,No
C015328,69,Female,New,No
C015329,73,Female,Returning,No
C015330,77,Female,New,No
C015331,29,Male,New,No
C015332,27,Female,New,No
C015333,53,Male,Returning,No
C015334,46,Male,New,Yes
C015335,31,Female,Loyal,No
C015336,22,Male,Loyal,Yes
C015337,25,Female,Returning,Yes
C015338,38,Male,Returning,No
C015339,64,Male,Returning,No
C015340,20,Female,New,No
C015341,22,Female,Returning,No
C015342,33,Female,New,No
C015343,72,Male,New,No
C015344,80,Female,Returning,Yes
C015345,44,Male,New,No
C015346,18,Female,New,Yes
C015347,16,Male,Returning,No
C015348,71,Female,Returning,No
C015349,44,Male,New,Yes
C015350,21,Male,New,No
C015351,70,Female,New,No
C015352,50,Female,Returning,No
C015353,38,Male,Returning,Yes
C015354,45,Male,Loyal,No
C015355,30,Male,New,No
C015356,76,Female,Loyal,Yes
C015357,67,Male,New,No
C015358,28,Male,New,No
C015359,63,Male,Loyal,No
C015360,27,Female,Loyal,No
C015361,45,Female,Returning,No
C015362,64,Other,New,Yes
C015363,18,Male,Returning,Yes
C015364,63,Male,Loyal,No
C015365,30,Male,New,No
C015366,61,Female,New,Yes
C015367,48,Male,Returning,No
C015368,17,Male,Returning,No
C015369,65,Male,Returning,No
C015370,32,Male,New,No
C015371,77,Female,Loyal,Yes
C015372,70,Female,Loyal,No
C015373,28,Male,Returning,No
C015374,55,Male,New,No
C015375,39,Female,New,No
C015376,55,Male,Returning,Yes
C015377,52,Female,Loyal,No
C015378,35,Female,Returning,No
C015379,58,Male,New,No
C015380,32,Male,Loyal,No
C015381,74,Male,Returning,No
C015382,77,Male,Loyal,No
C015383,26,Male,Returning,No
C015384,63,Female,Returning,Yes
C015385,76,Male,New,No
C015386,24,Female,New,Yes
C015387,64,Male,Loyal,Yes
C015388,76,Male,Returning,No
C015389,30,Female,Returning,No
C015390,53,Female,Returning,No
C015391,67,Male,New,No
C015392,37,Male,Loyal,No
C015393,31,Female,New,Yes
C015394,41,Female,Returning,No
C015395,37,Female,Returning,Yes
C015396,63,Male,Returning,No
C015397,40,Female,Returning,No
C015398,40,Male,Loyal,Yes
C015399,77,Male,Loyal,No
C015400,53,Female,Loyal,No
C015401,76,Male,Returning,Yes
C015402,62,Male,New,No
C015403,73,Female,Loyal,No
C015404,28,Female,New,No
C015405,76,Female,Loyal,No
C015406,77,Male,New,Yes
C015407,18,Male,Loyal,No
C015408,39,Male,Loyal,No
C015409,42,Male,Returning,No
C015410,43,Male,Loyal,Yes
C015411,66,Female,New,No
C015412,61,Female,New,No
C015413,29,Male,New,No
C015414,55,Male,Loyal,Yes
C015415,79,Male,Returning,Yes
C015416,44,Male,New,No
C015417,76,Female,New,No
C015418,58,Female,Loyal,No
C015419,76,Male,Loyal,No
C015420,74,Male,Loyal,Yes
C015421,17,Male,New,No
C015422,68,Female,Returning,No
C015423,28,Male,Returning,No
C015424,69,Female,Returning,No
C015425,68,Female,Loyal,No
C015426,32,Male,New,No
C015427,20,Male,Returning,No
C015428,43,Male,New,No
C015429,35,Female,Returning,No
C015430,51,Female,New,No
C015431,21,Male,New,No
C015432,18,Male,New,No
C015433,44,Female,New,No
C015434,66,Female,Returning,No
C015435,36,Female,Returning,No
C015436,37,Female,Loyal,No
C015437,26,Female,Returning,Yes
C015438,34,Male,Returning,No
C015439,35,Female,Loyal,No
C015440,32,Male,Returning,No
C015441,38,Male,Loyal,Yes
C015442,34,Female,Loyal,No
C015443,60,Female,Loyal,No
C015444,37,Male,New,No
C015445,65,Male,New,No
C015446,55,Male,New,No
C015447,57,Female,Returning,No
C015448,53,Male,Returning,No
C015449,75,Male,New,No
C015450,32,Female,Returning,No
C015451,79,Female,Returning,No
C015452,29,Male,Returning,No
C015453,24,Female,New,No
C015454,69,Female,New,Yes
C015455,74,Other,Returning,No
C015456,22,Female,New,Yes
C015457,54,Male,Returning,No
C015458,49,Male,Returning,Yes
C015459,30,Male,Returning,No
C015460,49,Female,Loyal,No
C015461,60,Female,New,No
C015462,53,Male,New,No
C015463,49,Male,Loyal,No
C015464,73,Female,Returning,No
C015465,30,Female,New,Yes
C015466,56,Female,Returning,Yes
C015467,36,Female,Returning,Yes
C015468,79,Male,Returning,No
C015469,32,Male,Loyal,No
C015470,72,Female,New,Yes
C015471,57,Male,Returning,Yes
C015472,29,Male,New,Yes
C015473,65,Male,Returning,Yes
C015474,31,Male,New,No
C015475,33,Female,Loyal,No
C015476,38,Male,Returning,No
C015477,60,Female,Loyal,No
C015478,41,Female,New,Yes
C015479,52,Male,New,No
C015480,51,Female,Loyal,No
C015481,28,Male,New,No
C015482,31,Female,Loyal,No
C015483,35,Female,Returning,No
C015484,30,Male,Loyal,No
C015485,75,Female,New,No
C015486,40,Female,Returning,No
C015487,42,Female,New,Yes
C015488,59,Male,Loyal,No
C015489,67,Male,New,No
C015490,60,Male,Returning,No
C015491,51,Male,Returning,No
C015492,79,Male,Loyal,No
C015493,74,Female,Loyal,Yes
C015494,29,Female,Loyal,No
C015495,26,Male,New,No
C015496,41,Female,Loyal,Yes
C015497,70,Male,Returning,Yes
C015498,78,Female,Returning,No
C015499,61,Male,New,Yes
C015500,60,Female,Loyal,No
C015501,31,Male,Returning,No
C015502,54,Male,Loyal,No
C015503,27,Female,Returning,No
C015504,51,Female,Returning,Yes
C015505,28,Male,New,No
C015506,20,Female,New,No
C015507,78,Female,Loyal,Yes
C015508,74,Male,Returning,No
C015509,60,Female,New,No
C015510,56,Female,Returning,No
C015511,31,Female,Loyal,No
C015512,53,Female,Returning,Yes
C015513,64,Male,Returning,No
C015514,51,Female,Loyal,No
C015515,34,Female,New,No
C015516,41,Male,Returning,Yes
C015517,70,Male,Returning,No
C015518,32,Female,Returning,No
C015519,78,Male,New,No
C015520,65,Male,New,No
C015521,73,Female,Loyal,No
C015522,49,Female,Loyal,No
C015523,30,Male,Loyal,Yes
C015524,18,Female,Loyal,No
C015525,50,Female,New,No
C015526,41,Male,Returning,No
C015527,23,Female,Returning,Yes
C015528,76,Female,New,Yes
C015529,79,Female,New,No
C015530,40,Male,New,No
C015531,59,Male,New,No
C015532,42,Female,New,Yes
C015533,48,Female,Returning,No
C015534,56,Male,Loyal,No
C015535,43,Male,Returning,No
C015536,68,Male,New,Yes
C015537,28,Female,New,Yes
C015538,59,Female,Returning,No
C015539,79,Female,New,No
C015540,71,Male,Returning,No
C015541,18,Male,New,Yes
C015542,23,Female,Loyal,No
C015543,56,Male,Returning,No
C015544,76,Male,New,No
C015545,70,Male,Loyal,No
C015546,74,Female,Returning,No
C015547,25,Female,New,Yes
C015548,49,Male,Returning,Yes
C015549,63,Female,Returning,No
C015550,56,Female,Loyal,Yes
C015551,66,Female,New,No
C015552,29,Male,Loyal,No
C015553,45,Female,Returning,Yes
C015554,45,Male,Returning,No
C015555,77,Male,New,Yes
C015556,29,Female,New,No
C015557,37,Male,Loyal,No
C015558,17,Male,Returning,No
C015559,25,Male,Loyal,No
C015560,79,Male,Returning,Yes
C015561,71,Male,Returning,Yes
C015562,32,Male,Loyal,No
C015563,61,Female,Returning,No
C015564,54,Male,New,Yes
C015565,74,Female,Loyal,Yes
C015566,35,Male,New,No
C015567,80,Female,Returning,Yes
C015568,40,Female,New,No
C015569,62,Male,Loyal,Yes
C015570,41,Male,Loyal,No
C015571,59,Female,Loyal,Yes
C015572,37,Male,Returning,Yes
C015573,70,Female,Returning,No
C015574,57,Female,New,No
C015575,34,Male,Returning,Yes
C015576,78,Female,Loyal,Yes
C015577,62,Female,New,No
C015578,43,Female,New,No
C015579,24,Female,Returning,No
C015580,79,Male,Loyal,Yes
C015581,65,Female,Returning,No
C015582,59,Male,Returning,No
C015583,70,Male,Loyal,Yes
C015584,55,Female,New,No
C015585,31,Male,Loyal,Yes
C015586,31,Female,Returning,Yes
C015587,21,Female,Returning,No
C015588,20,Male,New,No
C015589,63,Male,Returning,No
C015590,71,Female,Loyal,Yes
C015591,26,Male,Returning,Yes
C015592,53,Male,New,Yes
C015593,24,Female,New,No
C015594,42,Male,Loyal,No
C015595,67,Female,Returning,No
C015596,68,Female,New,No
C015597,77,Female,Loyal,No
C015598,36,Female,New,No
C015599,77,Male,Loyal,No
C015600,66,Female,New,No
C015601,38,Female,New,Yes
C015602,37,Female,New,No
C015603,22,Female,Loyal,Yes
C015604,75,Male,Returning,No
C015605,29,Male,New,No
C015606,33,Female,Loyal,No
C015607,42,Female,Loyal,No
C015608,24,Female,Returning,No
C015609,68,Male,Returning,No
C015610,61,Female,Returning,No
C015611,26,Male,New,No
C015612,26,Male,Loyal,No
C015613,17,Female,Returning,No
C015614,77,Female,Loyal,No
C015615,44,Female,Loyal,No
C015616,58,Female,Loyal,No
C015617,25,Female,Loyal,No
C015618,31,Male,Loyal,Yes
C015619,51,Female,Returning,Yes
C015620,29,Female,Loyal,No
C015621,55,Male,Loyal,No
C015622,76,Male,New,No
C015623,35,Female,Returning,No
C015624,55,Male,Returning,No
C015625,75,Female,New,No
C015626,74,Male,Returning,No
C015627,16,Male,New,Yes
C015628,23,Female,New,No
C015629,80,Female,Returning,Yes
C015630,76,Female,New,Yes
C015631,36,Male,Loyal,Yes
C015632,49,Female,Returning,No
C015633,53,Female,New,No
C015634,59,Female,New,No
C015635,64,Male,New,No
C015636,40,Female,Returning,No
C015637,73,Male,Loyal,No
C015638,19,Female,Returning,No
C015639,18,Female,New,No
C015640,78,Female,Returning,No
C015641,27,Female,Loyal,No
C015642,80,Female,Loyal,Yes
C015643,34,Female,Returning,No
C015644,39,Female,New,No
C015645,17,Female,New,No
C015646,77,Male,Returning,Yes
C015647,39,Female,New,No
C015648,26,Male,Returning,Yes
C015649,47,Male,New,No
C015650,26,Male,Loyal,No
C015651,67,Female,Returning,No
C015652,20,Male,Loyal,No
C015653,48,Male,Loyal,No
C015654,41,Female,Returning,Yes
C015655,18,Female,Returning,No
C015656,19,Female,Loyal,No
C015657,49,Female,New,No
C015658,41,Female,New,No
C015659,24,Female,New,Yes
C015660,24,Male,Returning,Yes
C015661,68,Female,Returning,No
C015662,63,Female,New,Yes
C015663,55,Male,Returning,Yes
C015664,70,Female,Returning,No
C015665,20,Female,Loyal,No
C015666,60,Female,New,No
C015667,64,Female,Loyal,Yes
C015668,29,Male,Loyal,No
C015669,50,Female,Returning,Yes
C015670,65,Male,Returning,Yes
C015671,55,Male,New,No
C015672,32,Female,Returning,No
C015673,59,Male,Loyal,Yes
C015674,65,Male,New,No
C015675,16,Male,Loyal,No
C015676,52,Female,New,Yes
C015677,48,Male,Loyal,Yes
C015678,39,Female,Returning,Yes
C015679,18,Female,New,Yes
C015680,21,Male,Loyal,No
C015681,64,Female,Returning,Yes
C015682,69,Female,New,No
C015683,43,Female,Loyal,Yes
C015684,77,Male,New,Yes
C015685,76,Female,Loyal,No
C015686,59,Female,New,No
C015687,53,Male,Returning,No
C015688,78,Female,Returning,No
C015689,55,Female,Returning,Yes
C015690,76,Male,Returning,No
C015691,79,Male,Returning,No
C015692,28,Male,Returning,No
C015693,58,Female,New,No
C015694,63,Female,Loyal,Yes
C015695,69,Male,New,No
C015696,38,Female,Loyal,Yes
C015697,72,Male,Returning,No
C015698,47,Female,Loyal,Yes
C015699,41,Male,New,No
C015700,26,Female,Loyal,No
C015701,36,Male,Returning,No
C015702,79,Female,Loyal,Yes
C015703,62,Male,New,No
C015704,63,Female,Loyal,No
C015705,74,Male,Returning,No
C015706,33,Female,Loyal,No
C015707,59,Female,Returning,Yes
C015708,40,Female,New,No
C015709,71,Female,Loyal,No
C015710,43,Male,New,Yes
C015711,71,Male,Returning,No
C015712,64,Male,New,Yes
C015713,66,Female,Loyal,No
C015714,76,Female,Returning,Yes
C015715,67,Female,New,No
C015716,36,Female,Loyal,No
C015717,49,Male,New,Yes
C015718,46,Male,New,No
C015719,20,Female,Loyal,No
C015720,54,Female,New,No
C015721,44,Female,New,Yes
C015722,41,Female,Returning,No
C015723,23,Female,New,No
C015724,48,Female,Loyal,No
C015725,53,Female,Loyal,No
C015726,22,Female,Loyal,No
C015727,57,Male,Loyal,No
C015728,26,Other,Loyal,No
C015729,25,Female,New,No
C015730,42,Female,Returning,No
C015731,41,Female,Loyal,No
C015732,75,Male,Returning,Yes
C015733,20,Female,Loyal,No
C015734,38,Male,Loyal,No
C015735,63,Male,New,No
C015736,32,Male,Returning,No
C015737,79,Female,New,No
C015738,64,Female,Loyal,Yes
C015739,77,Female,Loyal,No
C015740,77,Female,Returning,No
C015741,23,Female,New,No
C015742,45,Male,New,Yes
C015743,64,Male,New,No
C015744,16,Male,Returning,No
C015745,45,Male,Loyal,No
C015746,60,Female,New,Yes
C015747,67,Male,Returning,Yes
C015748,42,Male,Loyal,No
C015749,72,Female,Loyal,Yes
C015750,59,Male,New,Yes
C015751,18,Male,New,No
C015752,34,Male,New,Yes
C015753,76,Male,New,No
C015754,16,Female,New,No
C015755,23,Male,Returning,Yes
C015756,38,Female,Returning,Yes
C015757,80,Male,New,No
C015758,61,Male,Returning,No
C015759,25,Female,Returning,No
C015760,41,Female,New,No
C015761,77,Male,New,No
C015762,30,Female,New,No
C015763,53,Female,Returning,Yes
C015764,46,Female,Returning,Yes
C015765,65,Male,New,Yes
C015766,64,Female,New,No
C015767,70,Female,New,Yes
C015768,23,Male,New,No
C015769,45,Female,Returning,Yes
C015770,60,Male,Returning,No
C015771,43,Female,Returning,Yes
C015772,59,Female,Returning,No
C015773,57,Male,New,No
C015774,40,Female,New,No
C015775,22,Male,Returning,No
C015776,79,Female,Returning,No
C015777,69,Male,Loyal,Yes
C015778,74,Female,Returning,No
C015779,35,Male,Returning,No
C015780,36,Female,Loyal,No
C015781,37,Male,Loyal,No
C015782,18,Female,Loyal,Yes
C015783,27,Male,New,Yes
C015784,36,Female,New,No
C015785,80,Female,Returning,No
C015786,29,Male,Returning,No
C015787,49,Female,New,No
C015788,51,Male,Returning,No
C015789,39,Male,Returning,No
C015790,75,Female,Returning,No
C015791,22,Male,New,No
C015792,72,Female,Returning,No
C015793,64,Male,Returning,No
C015794,35,Female,New,No
C015795,65,Female,New,No
C015796,43,Male,Returning,Yes
C015797,79,Male,Loyal,No
C015798,18,Male,New,No
C015799,17,Male,New,Yes
C015800,51,Female,New,No
C015801,76,Female,New,Yes
C015802,20,Female,Returning,No
C015803,66,Male,New,No
C015804,77,Female,Returning,No
C015805,47,Male,Loyal,No
C015806,72,Female,New,No
C015807,65,Female,Returning,No
C015808,29,Male,Loyal,No
C015809,71,Female,Returning,Yes
C015810,61,Female,New,No
C015811,16,Male,New,Yes
C015812,52,Male,Loyal,No
C015813,58,Female,Loyal,Yes
C015814,68,Female,New,No
C015815,66,Female,Returning,No
C015816,46,Male,New,No
C015817,35,Female,New,No
C015818,28,Male,Loyal,Yes
C015819,21,Female,Returning,Yes
C015820,57,Male,New,Yes
C015821,78,Male,Returning,Yes
C015822,21,Male,Loyal,No
C015823,61,Female,Loyal,No
C015824,53,Female,Returning,No
C015825,27,Female,Loyal,No
C015826,29,Female,Loyal,Yes
C015827,34,Female,Loyal,No
C015828,60,Female,Returning,Yes
C015829,35,Female,Returning,Yes
C015830,69,Female,Loyal,Yes
C015831,40,Female,New,No
C015832,23,Male,Returning,No
C015833,22,Male,Loyal,No
C015834,42,Female,Loyal,Yes
C015835,42,Male,Returning,No
C015836,63,Female,Returning,No
C015837,47,Other,Loyal,No
C015838,26,Female,Returning,No
C015839,29,Female,Returning,Yes
C015840,52,Male,New,No
C015841,37,Female,New,Yes
C015842,59,Female,New,No
C015843,75,Female,Returning,Yes
C015844,39,Male,Loyal,No
C015845,51,Male,New,No
C015846,70,Female,New,Yes
C015847,29,Male,Returning,No
C015848,49,Female,New,No
C015849,35,Male,Loyal,Yes
C015850,56,Female,New,No
C015851,64,Female,Loyal,No
C015852,25,Male,New,Yes
C015853,28,Male,Loyal,Yes
C015854,17,Male,Returning,No
C015855,16,Male,Loyal,No
C015856,19,Female,Returning,No
C015857,61,Male,Returning,Yes
C015858,74,Female,New,No
C015859,42,Male,Returning,No
C015860,73,Female,New,No
C015861,63,Male,Loyal,Yes
C015862,68,Male,Returning,No
C015863,64,Female,Returning,No
C015864,28,Female,New,Yes
C015865,50,Female,New,Yes
C015866,50,Female,Returning,Yes
C015867,57,Male,Returning,Yes
C015868,67,Female,Returning,No
C015869,23,Female,Loyal,No
C015870,59,Female,New,No
C015871,70,Female,Returning,No
C015872,23,Female,New,No
C015873,42,Male,Returning,Yes
C015874,74,Male,Returning,No
C015875,17,Male,Returning,Yes
C015876,26,Female,Loyal,No
C015877,68,Female,New,Yes
C015878,27,Female,New,No
C015879,61,Female,New,Yes
C015880,74,Female,Returning,No
C015881,48,Female,New,No
C015882,47,Male,Returning,No
C015883,43,Female,Returning,No
C015884,40,Male,Returning,Yes
C015885,40,Male,New,Yes
C015886,51,Male,Loyal,No
C015887,74,Female,Loyal,No
C015888,79,Male,New,No
C015889,72,Female,Loyal,No
C015890,23,Female,Loyal,Yes
C015891,35,Female,New,No
C015892,65,Female,Returning,No
C015893,51,Female,New,Yes
C015894,37,Male,Loyal,Yes
C015895,36,Male,Loyal,No
C015896,23,Female,Returning,No
C015897,37,Female,Returning,No
C015898,43,Female,Returning,Yes
C015899,43,Male,Returning,No
C015900,51,Female,Returning,Yes
C015901,33,Female,Returning,No
C015902,29,Female,Loyal,Yes
C015903,73,Male,Returning,No
C015904,42,Female,New,No
C015905,32,Female,New,Yes
C015906,57,Female,Returning,Yes
C015907,51,Male,Returning,No
C015908,53,Female,Returning,No
C015909,30,Male,Returning,No
C015910,63,Male,Loyal,No
C015911,28,Female,Loyal,No
C015912,70,Male,Returning,No
C015913,43,Male,Returning,No
C015914,42,Female,Returning,No
C015915,41,Male,Returning,No
C015916,43,Female,New,Yes
C015917,59,Male,Returning,Yes
C015918,48,Male,Returning,No
C015919,24,Male,Returning,No
C015920,52,Male,Loyal,Yes
C015921,33,Female,New,No
C015922,23,Male,New,No
C015923,70,Male,Loyal,Yes
C015924,36,Male,New,No
C015925,54,Female,New,Yes
C015926,27,Female,Returning,No
C015927,38,Female,New,No
C015928,41,Female,Returning,Yes
C015929,24,Female,New,No
C015930,79,Female,Loyal,No
C015931,36,Female,New,No
C015932,53,Male,New,Yes
C015933,52,Female,Returning,No
C015934,43,Female,New,Yes
C015935,54,Male,New,No
C015936,52,Female,New,Yes
C015937,21,Male,New,No
C015938,59,Male,Loyal,No
C015939,23,Female,Loyal,Yes
C015940,44,Female,Returning,No
C015941,39,Female,Returning,No
C015942,45,Female,Returning,No
C015943,20,Male,New,No
C015944,61,Female,Returning,Yes
C015945,43,Female,Loyal,Yes
C015946,19,Female,New,Yes
C015947,16,Female,New,No
C015948,51,Female,New,No
C015949,59,Male,Returning,Yes
C015950,51,Female,Loyal,No
C015951,62,Male,New,No
C015952,65,Male,New,No
C015953,72,Male,New,No
C015954,79,Female,Loyal,Yes
C015955,73,Female,Returning,Yes
C015956,67,Male,New,No
C015957,44,Male,New,Yes
C015958,48,Male,New,No
C015959,56,Female,Loyal,No
C015960,27,Female,Returning,No
C015961,60,Female,New,No
C015962,54,Male,Loyal,Yes
C015963,49,Male,Loyal,Yes
C015964,70,Male,New,Yes
C015965,60,Male,New,No
C015966,76,Male,Loyal,Yes
C015967,79,Female,New,No
C015968,69,Male,New,No
C015969,35,Male,Returning,No
C015970,28,Male,Loyal,No
C015971,35,Male,New,No
C015972,62,Male,New,No
C015973,72,Male,Returning,No
C015974,73,Male,Loyal,Yes
C015975,60,Male,New,Yes
C015976,60,Male,New,No
C015977,77,Male,Returning,No
C015978,60,Female,New,Yes
C015979,25,Male,Returning,No
C015980,48,Male,New,No
C015981,39,Male,Loyal,No
C015982,57,Female,New,No
C015983,57,Male,New,No
C015984,35,Male,New,No
C015985,35,Female,New,No
C015986,21,Male,Returning,No
C015987,35,Male,Returning,No
C015988,69,Male,Loyal,No
C015989,58,Female,Returning,No
C015990,77,Female,Returning,No
C015991,76,Male,Loyal,Yes
C015992,71,Male,New,No
C015993,27,Female,Returning,Yes
C015994,37,Male,Returning,No
C015995,19,Female,New,No
C015996,22,Female,Returning,Yes
C015997,31,Male,Loyal,No
C015998,34,Female,New,No
C015999,17,Female,Returning,No
C016000,70,Male,Returning,No
C016001,50,Female,Returning,Yes
C016002,58,Female,New,No
C016003,58,Female,New,Yes
C016004,78,Male,New,No
C016005,25,Male,Loyal,No
C016006,38,Female,New,No
C016007,36,Female,Returning,Yes
C016008,51,Male,New,No
C016009,50,Male,New,No
C016010,67,Male,Returning,No
C016011,52,Female,Returning,Yes
C016012,31,Male,Returning,Yes
C016013,52,Other,Returning,Yes
C016014,78,Female,Returning,Yes
C016015,53,Female,New,No
C016016,54,Male,New,No
C016017,27,Male,New,Yes
C016018,16,Female,Returning,Yes
C016019,29,Female,New,Yes
C016020,17,Male,Returning,No
C016021,45,Male,New,Yes
C016022,73,Female,Returning,Yes
C016023,45,Female,New,No
C016024,57,Female,Loyal,No
C016025,71,Male,Loyal,Yes
C016026,65,Male,Loyal,No
C016027,58,Female,Returning,No
C016028,66,Male,Loyal,No
C016029,34,Male,New,No
C016030,43,Male,Returning,No
C016031,41,Female,Returning,No
C016032,67,Female,Returning,No
C016033,42,Female,New,Yes
C016034,76,Female,Returning,No
C016035,28,Male,Loyal,No
C016036,27,Male,Returning,No
C016037,62,Female,New,No
C016038,65,Male,New,No
C016039,60,Male,New,No
C016040,36,Female,Loyal,No
C016041,16,Female,Returning,Yes
C016042,36,Other,New,No
C016043,46,Male,Loyal,No
C016044,42,Male,Returning,No
C016045,75,Male,Loyal,No
C016046,72,Female,Loyal,Yes
C016047,66,Female,Returning,Yes
C016048,17,Male,Loyal,No
C016049,24,Female,Loyal,No
C016050,44,Male,New,No
C016051,56,Female,New,No
C016052,60,Female,Loyal,No
C016053,35,Male,Returning,No
C016054,23,Female,Returning,No
C016055,37,Male,Loyal,No
C016056,67,Male,Returning,No
C016057,80,Male,New,No
C016058,77,Male,New,No
C016059,54,Female,Loyal,No
C016060,21,Male,Loyal,No
C016061,78,Male,Loyal,Yes
C016062,25,Female,Loyal,No
C016063,33,Female,New,No
C016064,79,Female,Returning,No
C016065,48,Male,New,No
C016066,28,Male,New,No
C016067,48,Female,Loyal,Yes
C016068,21,Female,New,No
C016069,36,Female,Returning,No
C016070,77,Female,Loyal,No
C016071,35,Female,Loyal,No
C016072,74,Male,New,No
C016073,51,Male,New,Yes
C016074,58,Male,Returning,No
C016075,61,Male,Returning,No
C016076,51,Other,Loyal,No
C016077,18,Male,Returning,No
C016078,75,Male,New,No
C016079,46,Male,Returning,Yes
C016080,58,Male,Returning,No
C016081,52,Female,Loyal,Yes
C016082,58,Female,New,No
C016083,39,Male,Returning,No
C016084,70,Male,Returning,No
C016085,30,Male,Returning,No
C016086,58,Female,New,No
C016087,53,Male,Returning,No
C016088,48,Male,Returning,No
C016089,17,Male,New,No
C016090,41,Female,New,Yes
C016091,19,Female,New,No
C016092,48,Female,New,No
C016093,60,Male,Returning,No
C016094,49,Female,New,No
C016095,65,Male,New,No
C016096,39,Female,Loyal,No
C016097,35,Male,Returning,No
C016098,45,Female,Loyal,No
C016099,30,Male,Returning,No
C016100,68,Male,New,No
C016101,68,Male,Returning,No
C016102,43,Male,Returning,No
C016103,67,Female,New,No
C016104,17,Female,New,No
C016105,26,Female,New,No
C016106,34,Male,New,No
C016107,41,Male,New,No
C016108,31,Female,New,Yes
C016109,49,Male,Returning,Yes
C016110,67,Female,New,Yes
C016111,45,Female,Loyal,Yes
C016112,45,Female,New,Yes
C016113,19,Male,Returning,No
C016114,34,Female,Loyal,No
C016115,68,Male,Returning,No
C016116,68,Male,New,No
C016117,22,Male,New,No
C016118,17,Female,New,No
C016119,70,Male,New,Yes
C016120,27,Male,Returning,No
C016121,53,Female,Returning,No
C016122,69,Female,Returning,No
C016123,67,Female,Loyal,No
C016124,51,Female,Loyal,No
C016125,40,Female,New,No
C016126,66,Male,Returning,No
C016127,61,Female,New,No
C016128,70,Male,Loyal,Yes
C016129,49,Female,Returning,No
C016130,77,Male,New,No
C016131,66,Male,Returning,No
C016132,20,Female,Returning,No
C016133,35,Female,New,No
C016134,67,Male,Returning,No
C016135,23,Female,Loyal,Yes
C016136,62,Male,Returning,No
C016137,38,Male,New,No
C016138,29,Male,Returning,Yes
C016139,51,Male,Returning,Yes
C016140,76,Female,Returning,Yes
C016141,74,Female,New,No
C016142,42,Female,Returning,No
C016143,16,Male,New,No
C016144,73,Female,Returning,No
C016145,74,Female,Returning,No
C016146,55,Male,Loyal,No
C016147,56,Female,Loyal,No
C016148,50,Female,Loyal,No
C016149,16,Female,Loyal,Yes
C016150,26,Female,New,Yes
C016151,25,Female,Returning,Yes
C016152,75,Female,Returning,No
C016153,19,Female,Loyal,No
C016154,52,Male,Loyal,No
C016155,39,Female,New,No
C016156,16,Male,New,Yes
C016157,75,Male,Loyal,Yes
C016158,17,Male,New,No
C016159,71,Male,New,No
C016160,66,Female,Loyal,Yes
C016161,67,Female,Loyal,No
C016162,26,Female,New,Yes
C016163,73,Female,New,Yes
C016164,54,Male,Returning,Yes
C016165,42,Male,New,Yes
C016166,60,Female,New,No
C016167,38,Female,New,No
C016168,34,Male,Loyal,No
C016169,34,Male,New,Yes
C016170,53,Female,New,No
C016171,55,Male,Returning,No
C016172,31,Male,New,Yes
C016173,31,Female,Loyal,No
C016174,77,Female,New,Yes
C016175,49,Male,New,Yes
C016176,71,Female,Returning,No
C016177,37,Other,New,No
C016178,34,Male,New,No
C016179,34,Male,Loyal,No
C016180,50,Male,Loyal,No
C016181,66,Other,Loyal,No
C016182,48,Female,Returning,Yes
C016183,35,Female,New,No
C016184,78,Male,Loyal,No
C016185,53,Female,Returning,No
C016186,41,Male,Returning,No
C016187,16,Female,Returning,No
C016188,52,Female,Returning,Yes
C016189,56,Female,Returning,No
C016190,76,Male,Loyal,Yes
C016191,30,Female,Loyal,Yes
C016192,26,Female,Loyal,No
C016193,80,Female,Loyal,Yes
C016194,51,Female,Returning,No
C016195,17,Male,New,No
C016196,22,Other,Returning,No
C016197,46,Male,Returning,No
C016198,56,Male,New,No
C016199,31,Female,Returning,Yes
C016200,39,Male,Returning,Yes
C016201,63,Male,New,No
C016202,78,Male,Returning,No
C016203,47,Female,Loyal,No
C016204,43,Female,New,No
C016205,39,Female,Loyal,No
C016206,24,Female,New,No
C016207,19,Female,Returning,No
C016208,70,Male,Loyal,No
C016209,18,Female,Loyal,Yes
C016210,69,Female,New,No
C016211,32,Male,Loyal,No
C016212,61,Male,Loyal,Yes
C016213,77,Female,New,No
C016214,64,Female,Returning,No
C016215,63,Male,Loyal,No
C016216,33,Male,New,Yes
C016217,54,Male,Returning,No
C016218,57,Female,Returning,No
C016219,43,Male,Returning,Yes
C016220,18,Male,Returning,No
C016221,75,Female,New,Yes
C016222,28,Female,New,No
C016223,79,Male,Loyal,No
C016224,76,Male,Returning,Yes
C016225,17,Female,Returning,No
C016226,64,Male,Returning,Yes
C016227,57,Male,New,No
C016228,30,Female,New,No
C016229,68,Female,Returning,No
C016230,23,Female,New,No
C016231,32,Other,New,No
C016232,77,Female,Returning,No
C016233,64,Male,Loyal,Yes
C016234,23,Male,New,Yes
C016235,25,Male,Returning,Yes
C016236,32,Male,Returning,Yes
C016237,20,Male,Loyal,No
C016238,27,Male,New,Yes
C016239,53,Female,Loyal,Yes
C016240,16,Female,Loyal,Yes
C016241,34,Female,New,No
C016242,36,Male,New,Yes
C016243,79,Female,Returning,Yes
C016244,79,Female,New,No
C016245,70,Female,New,Yes
C016246,38,Male,Loyal,No
C016247,50,Female,Returning,No
C016248,48,Female,Returning,No
C016249,71,Male,Returning,No
C016250,64,Male,Returning,No
C016251,74,Male,Loyal,No
C016252,51,Male,Loyal,No
C016253,75,Male,Loyal,No
C016254,64,Female,Returning,No
C016255,64,Female,Loyal,No
C016256,59,Male,Loyal,No
C016257,37,Female,Returning,Yes
C016258,55,Male,New,No
C016259,39,Male,Returning,No
C016260,58,Female,Returning,No
C016261,32,Male,New,No
C016262,67,Female,New,Yes
C016263,53,Female,New,Yes
C016264,62,Female,New,No
C016265,30,Male,Returning,No
C016266,67,Male,Returning,No
C016267,68,Female,Returning,No
C016268,25,Male,Returning,No
C016269,38,Female,Returning,Yes
C016270,60,Female,Loyal,No
C016271,72,Male,Returning,Yes
C016272,63,Male,Returning,No
C016273,46,Male,Loyal,No
C016274,35,Male,New,No
C016275,75,Female,Returning,No
C016276,72,Male,Loyal,No
C016277,74,Female,New,No
C016278,35,Male,New,No
C016279,44,Female,Returning,No
C016280,31,Female,Returning,No
C016281,78,Male,Loyal,Yes
C016282,72,Female,Loyal,No
C016283,27,Male,New,Yes
C016284,32,Other,Returning,Yes
C016285,51,Female,Loyal,No
C016286,43,Male,Returning,No
C016287,45,Male,Returning,Yes
C016288,39,Male,New,No
C016289,59,Female,Loyal,Yes
C016290,74,Male,Returning,Yes
C016291,75,Female,New,No
C016292,45,Male,New,No
C016293,69,Male,Loyal,No
C016294,61,Female,Returning,No
C016295,28,Male,New,No
C016296,67,Female,Returning,No
C016297,38,Male,Loyal,No
C016298,56,Male,Returning,No
C016299,62,Male,Returning,No
C016300,77,Female,New,No
C016301,77,Female,New,No
C016302,68,Female,Loyal,No
C016303,48,Female,New,No
C016304,42,Female,New,No
C016305,44,Male,New,No
C016306,77,Female,New,Yes
C016307,29,Male,Returning,No
C016308,50,Female,Loyal,No
C016309,60,Female,New,No
C016310,17,Male,New,Yes
C016311,57,Female,Returning,No
C016312,32,Male,Loyal,No
C016313,34,Male,Loyal,No
C016314,56,Male,Loyal,No
C016315,16,Male,New,No
C016316,26,Male,Returning,No
C016317,45,Other,Returning,No
C016318,53,Female,New,No
C016319,23,Female,Returning,Yes
C016320,39,Male,Returning,Yes
C016321,35,Female,Returning,Yes
C016322,50,Male,New,No
C016323,35,Male,New,Yes
C016324,16,Female,Returning,No
C016325,50,Female,New,No
C016326,71,Male,New,Yes
C016327,54,Female,Returning,No
C016328,39,Female,New,No
C016329,47,Male,New,No
C016330,25,Male,New,No
C016331,31,Male,New,Yes
C016332,44,Female,New,Yes
C016333,54,Female,Loyal,No
C016334,47,Male,Loyal,No
C016335,78,Female,New,No
C016336,57,Male,Returning,No
C016337,17,Male,New,Yes
C016338,50,Female,New,No
C016339,53,Male,Loyal,No
C016340,18,Male,Loyal,No
C016341,41,Male,New,No
C016342,72,Male,Loyal,No
C016343,39,Female,New,No
C016344,45,Male,Loyal,No
C016345,30,Male,Returning,No
C016346,21,Male,Returning,No
C016347,36,Female,Loyal,No
C016348,66,Male,Returning,No
C016349,79,Female,Loyal,Yes
C016350,58,Female,New,No
C016351,70,Female,Loyal,No
C016352,58,Female,Loyal,No
C016353,58,Female,Returning,No
C016354,43,Female,Returning,No
C016355,19,Female,Loyal,No
C016356,42,Female,Returning,No
C016357,72,Female,New,No
C016358,50,Female,New,No
C016359,65,Female,New,Yes
C016360,19,Female,New,No
C016361,29,Female,New,No
C016362,35,Male,Returning,Yes
C016363,39,Female,Returning,No
C016364,80,Male,New,Yes
C016365,46,Female,New,No
C016366,59,Female,New,No
C016367,57,Female,Returning,No
C016368,43,Female,Returning,Yes
C016369,78,Male,Loyal,No
C016370,30,Male,Returning,No
C016371,18,Male,Loyal,No
C016372,64,Female,New,No
C016373,58,Female,Loyal,No
C016374,32,Male,Returning,No
C016375,72,Female,Loyal,Yes
C016376,26,Female,Returning,No
C016377,32,Female,Loyal,No
C016378,26,Other,Loyal,No
C016379,28,Male,Loyal,No
C016380,63,Female,Returning,No
C016381,61,Female,New,Yes
C016382,57,Male,Returning,No
C016383,71,Female,Loyal,Yes
C016384,20,Female,Loyal,No
C016385,56,Female,Loyal,No
C016386,23,Female,Returning,Yes
C016387,78,Female,Loyal,Yes
C016388,57,Male,Returning,No
C016389,65,Male,Returning,No
C016390,53,Male,Returning,Yes
C016391,40,Female,New,No
C016392,60,Female,Returning,No
C016393,70,Male,New,No
C016394,27,Female,Returning,No
C016395,72,Female,Returning,No
C016396,63,Female,New,No
C016397,21,Female,Returning,No
C016398,76,Female,New,No
C016399,27,Female,New,No
C016400,55,Male,New,No
C016401,24,Female,New,No
C016402,28,Male,Loyal,No
C016403,57,Male,Loyal,Yes
C016404,60,Female,Returning,No
C016405,60,Male,Returning,No
C016406,38,Male,Returning,No
C016407,69,Female,Loyal,No
C016408,19,Male,Returning,No
C016409,71,Male,New,Yes
C016410,35,Male,Loyal,No
C016411,56,Female,Returning,No
C016412,74,Female,Loyal,Yes
C016413,32,Female,Loyal,No
C016414,42,Female,Returning,No
C016415,69,Female,Loyal,No
C016416,72,Male,New,No
C016417,31,Female,Returning,No
C016418,49,Female,Returning,No
C016419,37,Female,Loyal,No
C016420,49,Female,Returning,No
C016421,40,Male,New,No
C016422,16,Male,New,No
C016423,76,Female,Returning,Yes
C016424,57,Female,Returning,No
C016425,46,Female,New,No
C016426,23,Male,Returning,Yes
C016427,20,Female,Returning,No
C016428,47,Female,New,No
C016429,58,Female,New,Yes
C016430,32,Female,Loyal,No
C016431,64,Female,Returning,Yes
C016432,41,Male,Returning,Yes
C016433,16,Female,Returning,Yes
C016434,50,Female,New,No
C016435,27,Female,New,No
C016436,16,Female,Loyal,No
C016437,24,Male,New,Yes
C016438,34,Male,New,Yes
C016439,49,Male,Returning,Yes
C016440,80,Male,Loyal,Yes
C016441,30,Male,New,No
C016442,19,Male,Returning,No
C016443,28,Female,Loyal,No
C016444,36,Male,Loyal,Yes
C016445,29,Male,Returning,Yes
C016446,36,Male,New,No
C016447,78,Female,Returning,No
C016448,40,Male,Loyal,Yes
C016449,57,Female,Returning,No
C016450,60,Male,Loyal,No
C016451,24,Female,Returning,No
C016452,32,Male,New,No
C016453,43,Female,Returning,No
C016454,45,Male,Loyal,No
C016455,16,Male,New,No
C016456,57,Female,Returning,No
C016457,35,Female,New,Yes
C016458,36,Female,Returning,Yes
C016459,55,Female,Returning,No
C016460,77,Female,Returning,Yes
C016461,72,Male,Loyal,No
C016462,79,Male,New,No
C016463,42,Female,Loyal,Yes
C016464,23,Male,New,Yes
C016465,30,Female,New,No
C016466,38,Male,New,No
C016467,35,Female,New,No
C016468,29,Male,Returning,No
C016469,25,Female,New,No
C016470,28,Female,New,No
C016471,58,Female,Loyal,Yes
C016472,47,Male,Returning,No
C016473,18,Male,Loyal,No
C016474,52,Male,Loyal,Yes
C016475,70,Male,Returning,No
C016476,43,Female,Returning,No
C016477,36,Male,Loyal,No
C016478,33,Male,Returning,No
C016479,40,Female,Returning,No
C016480,34,Female,New,Yes
C016481,76,Female,New,No
C016482,80,Female,Loyal,Yes
C016483,38,Female,New,No
C016484,76,Male,New,No
C016485,71,Male,Returning,No
C016486,20,Female,Loyal,Yes
C016487,47,Male,Loyal,No
C016488,58,Male,Returning,Yes
C016489,43,Male,New,No
C016490,45,Male,Returning,No
C016491,48,Male,New,No
C016492,60,Female,New,Yes
C016493,35,Male,Loyal,No
C016494,54,Female,Loyal,No
C016495,31,Female,New,No
C016496,73,Female,Returning,No
C016497,21,Male,Loyal,Yes
C016498,20,Male,Returning,No
C016499,18,Female,New,No
C016500,38,Male,New,No
C016501,55,Female,Returning,No
C016502,80,Male,New,No
C016503,45,Female,Returning,No
C016504,27,Male,New,No
C016505,39,Male,Returning,No
C016506,24,Female,New,No
C016507,46,Male,New,No
C016508,63,Male,New,No
C016509,18,Female,Returning,No
C016510,66,Male,Returning,No
C016511,30,Male,New,No
C016512,59,Female,Loyal,Yes
C016513,69,Female,New,No
C016514,66,Male,Loyal,No
C016515,59,Male,Loyal,Yes
C016516,61,Male,New,Yes
C016517,28,Male,New,Yes
C016518,24,Male,New,No
C016519,40,Female,Loyal,No
C016520,55,Female,Returning,Yes
C016521,56,Female,New,Yes
C016522,66,Female,New,No
C016523,36,Male,New,No
C016524,72,Male,Returning,Yes
C016525,45,Female,Returning,No
C016526,32,Male,Returning,No
C016527,63,Female,New,No
C016528,24,Female,Loyal,No
C016529,42,Male,Loyal,No
C016530,66,Female,Returning,No
C016531,66,Male,Returning,Yes
C016532,32,Female,Loyal,No
C016533,26,Female,Returning,No
C016534,18,Male,New,Yes
C016535,21,Male,New,No
C016536,69,Male,New,No
C016537,66,Male,New,No
C016538,48,Male,Loyal,No
C016539,53,Male,Loyal,No
C016540,37,Female,Returning,Yes
C016541,28,Female,Loyal,No
C016542,16,Male,Loyal,Yes
C016543,59,Male,Returning,Yes
C016544,18,Female,Loyal,Yes
C016545,22,Female,Loyal,No
C016546,67,Female,New,No
C016547,53,Female,Loyal,No
C016548,47,Female,Loyal,Yes
C016549,30,Male,New,No
C016550,25,Male,Returning,Yes
C016551,46,Other,New,Yes
C016552,39,Male,Returning,Yes
C016553,50,Female,Returning,Yes
C016554,26,Male,New,No
C016555,31,Male,Returning,No
C016556,23,Male,Returning,No
C016557,43,Female,New,No
C016558,33,Male,Returning,No
C016559,30,Female,Loyal,Yes
C016560,51,Female,New,Yes
C016561,48,Female,Returning,Yes
C016562,29,Female,New,No
C016563,61,Male,New,Yes
C016564,38,Female,Returning,No
C016565,38,Female,New,Yes
C016566,47,Male,Returning,No
C016567,25,Male,New,No
C016568,43,Male,Loyal,No
C016569,53,Female,New,No
C016570,24,Female,Loyal,No
C016571,52,Male,Returning,No
C016572,18,Male,New,No
C016573,55,Female,New,Yes
C016574,18,Male,Returning,Yes
C016575,27,Male,Loyal,Yes
C016576,38,Male,Returning,Yes
C016577,55,Female,Returning,No
C016578,62,Male,Loyal,No
C016579,46,Male,New,No
C016580,24,Female,Returning,No
C016581,41,Female,New,No
C016582,67,Female,Loyal,No
C016583,21,Female,Loyal,No
C016584,62,Female,New,Yes
C016585,41,Female,New,No
C016586,16,Female,Returning,No
C016587,61,Male,Returning,Yes
C016588,17,Male,Returning,No
C016589,40,Male,Returning,No
C016590,28,Female,New,No
C016591,53,Female,Returning,Yes
C016592,19,Male,New,No
C016593,21,Male,Returning,Yes
C016594,50,Female,New,No
C016595,80,Male,New,No
C016596,18,Male,Loyal,No
C016597,45,Male,Returning,No
C016598,68,Male,Returning,No
C016599,34,Female,Loyal,No
C016600,48,Male,Returning,No
C016601,70,Male,Loyal,Yes
C016602,63,Male,Loyal,No
C016603,35,Male,Returning,No
C016604,64,Male,New,Yes
C016605,59,Male,New,No
C016606,48,Female,Returning,No
C016607,44,Male,New,Yes
C016608,76,Male,New,No
C016609,72,Male,New,No
C016610,80,Female,New,Yes
C016611,59,Female,Returning,No
C016612,39,Other,New,No
C016613,23,Female,New,Yes
C016614,24,Female,Returning,No
C016615,77,Male,Loyal,No
C016616,39,Female,Returning,No
C016617,23,Female,Loyal,No
C016618,30,Male,New,Yes
C016619,17,Male,Loyal,Yes
C016620,50,Female,Returning,Yes
C016621,54,Female,Returning,No
C016622,40,Female,Returning,Yes
C016623,64,Male,Loyal,No
C016624,47,Female,New,No
C016625,78,Female,Returning,No
C016626,65,Male,Loyal,No
C016627,20,Male,Returning,Yes
C016628,33,Female,New,Yes
C016629,65,Male,New,Yes
C016630,50,Male,New,No
C016631,64,Female,Returning,No
C016632,37,Male,Returning,Yes
C016633,18,Female,New,Yes
C016634,67,Female,Loyal,No
C016635,67,Female,Returning,No
C016636,57,Female,New,No
C016637,42,Male,New,Yes
C016638,16,Male,Loyal,Yes
C016639,63,Male,Loyal,No
C016640,58,Male,Loyal,Yes
C016641,59,Female,Returning,No
C016642,27,Male,Loyal,No
C016643,63,Male,New,No
C016644,63,Female,New,Yes
C016645,71,Male,New,No
C016646,52,Male,Returning,No
C016647,63,Female,New,No
C016648,42,Female,Returning,No
C016649,61,Female,New,No
C016650,61,Male,Returning,Yes
C016651,66,Male,Loyal,No
C016652,71,Male,Returning,No
C016653,16,Male,New,No
C016654,66,Female,New,No
C016655,67,Male,New,No
C016656,51,Female,Returning,No
C016657,49,Male,New,No
C016658,62,Female,Loyal,Yes
C016659,45,Female,Loyal,No
C016660,42,Female,New,No
C016661,68,Female,New,No
C016662,67,Female,New,Yes
C016663,29,Female,Loyal,No
C016664,69,Male,New,No
C016665,37,Male,Returning,Yes
C016666,24,Female,Returning,Yes
C016667,73,Female,Returning,Yes
C016668,31,Male,Returning,No
C016669,29,Male,New,No
C016670,33,Male,Loyal,No
C016671,47,Male,New,No
C016672,26,Female,Returning,Yes
C016673,26,Female,Loyal,No
C016674,41,Male,New,Yes
C016675,30,Male,Returning,No
C016676,28,Male,Returning,Yes
C016677,75,Male,New,No
C016678,54,Female,Returning,No
C016679,16,Female,New,No
C016680,22,Female,Loyal,No
C016681,68,Male,Returning,No
C016682,33,Male,Returning,Yes
C016683,25,Female,Returning,Yes
C016684,59,Female,Returning,No
C016685,70,Male,New,Yes
C016686,41,Female,New,No
C016687,64,Male,New,Yes
C016688,43,Female,Loyal,No
C016689,23,Male,Returning,Yes
C016690,67,Male,New,Yes
C016691,75,Female,New,Yes
C016692,79,Male,Returning,Yes
C016693,22,Male,Returning,No
C016694,52,Female,Returning,Yes
C016695,56,Female,New,No
C016696,21,Male,New,No
C016697,77,Male,Loyal,Yes
C016698,22,Male,Returning,No
C016699,33,Female,Returning,Yes
C016700,78,Male,New,No
C016701,52,Male,Loyal,No
C016702,60,Female,New,No
C016703,48,Female,Returning,No
C016704,64,Female,Returning,No
C016705,21,Male,New,Yes
C016706,59,Female,New,No
C016707,20,Male,Returning,No
C016708,27,Female,Returning,No
C016709,48,Male,Loyal,No
C016710,45,Female,Returning,No
C016711,25,Male,Loyal,No
C016712,67,Male,Returning,No
C016713,35,Male,Returning,No
C016714,72,Male,Loyal,No
C016715,16,Female,Loyal,No
C016716,31,Female,New,No
C016717,35,Female,Returning,No
C016718,54,Female,New,No
C016719,42,Male,Loyal,No
C016720,26,Female,Returning,Yes
C016721,53,Male,Returning,Yes
C016722,78,Female,Loyal,No
C016723,24,Male,New,No
C016724,32,Female,Returning,No
C016725,47,Male,Returning,Yes
C016726,63,Male,New,No
C016727,24,Male,New,No
C016728,31,Male,Returning,No
C016729,31,Female,New,No
C016730,56,Male,Loyal,No
C016731,21,Female,New,No
C016732,58,Female,New,No
C016733,43,Female,New,No
C016734,37,Male,New,No
C016735,72,Male,Returning,No
C016736,69,Female,Loyal,No
C016737,68,Male,New,No
C016738,73,Female,New,No
C016739,31,Female,New,No
C016740,71,Female,Returning,No
C016741,27,Female,New,Yes
C016742,37,Male,New,No
C016743,52,Female,Returning,No
C016744,64,Female,Loyal,No
C016745,53,Female,New,No
C016746,52,Male,Returning,No
C016747,40,Male,Returning,No
C016748,54,Female,New,Yes
C016749,46,Male,Returning,Yes
C016750,47,Female,New,No
C016751,54,Male,Returning,Yes
C016752,55,Female,New,Yes
C016753,37,Female,Returning,No
C016754,24,Female,Returning,No
C016755,35,Female,Loyal,No
C016756,42,Female,New,No
C016757,26,Male,Returning,No
C016758,27,Female,Loyal,No
C016759,77,Female,Returning,No
C016760,34,Male,Returning,No
C016761,64,Male,Returning,Yes
C016762,24,Male,Loyal,Yes
C016763,79,Female,Returning,Yes
C016764,29,Male,Returning,Yes
C016765,41,Male,Loyal,No
C016766,66,Male,Loyal,No
C016767,29,Female,Loyal,Yes
C016768,51,Female,New,Yes
C016769,67,Female,Returning,No
C016770,17,Male,New,No
C016771,17,Male,Returning,No
C016772,67,Female,Returning,Yes
C016773,33,Female,New,No
C016774,75,Male,Returning,No
C016775,76,Female,New,No
C016776,73,Male,Loyal,No
C016777,80,Male,New,No
C016778,69,Female,New,No
C016779,40,Male,Returning,No
C016780,80,Male,Returning,No
C016781,38,Female,Returning,No
C016782,54,Female,Loyal,Yes
C016783,16,Male,Loyal,No
C016784,78,Female,New,No
C016785,54,Female,New,No
C016786,77,Female,New,No
C016787,38,Male,New,Yes
C016788,36,Female,Returning,No
C016789,49,Female,New,No
C016790,72,Female,New,No
C016791,51,Female,Returning,No
C016792,67,Male,Returning,No
C016793,29,Male,Loyal,Yes
C016794,66,Female,Returning,No
C016795,63,Male,New,No
C016796,74,Male,New,No
C016797,19,Male,New,No
C016798,40,Male,Returning,No
C016799,21,Female,Returning,No
C016800,42,Male,Loyal,No
C016801,65,Male,New,No
C016802,57,Male,New,Yes
C016803,64,Female,New,No
C016804,63,Female,Returning,No
C016805,80,Female,Loyal,No
C016806,73,Female,New,Yes
C016807,54,Female,Returning,Yes
C016808,72,Female,New,Yes
C016809,19,Female,Returning,Yes
C016810,62,Female,New,Yes
C016811,49,Other,New,No
C016812,78,Female,Returning,Yes
C016813,48,Female,New,Yes
C016814,27,Male,New,No
C016815,63,Female,New,No
C016816,77,Female,New,Yes
C016817,17,Male,Returning,No
C016818,20,Female,New,No
C016819,58,Male,Returning,No
C016820,52,Female,Returning,Yes
C016821,51,Female,New,No
C016822,21,Female,New,No
C016823,53,Female,Returning,No
C016824,52,Male,Returning,No
C016825,71,Female,Returning,Yes
C016826,41,Female,Returning,No
C016827,38,Female,Loyal,No
C016828,21,Male,Returning,No
C016829,52,Male,Loyal,No
C016830,58,Male,Returning,No
C016831,34,Male,Loyal,No
C016832,63,Other,Loyal,No
C016833,76,Female,New,No
C016834,27,Male,Returning,Yes
C016835,53,Female,New,No
C016836,61,Female,Loyal,No
C016837,17,Male,New,No
C016838,27,Male,Returning,No
C016839,41,Male,New,No
C016840,24,Female,Loyal,Yes
C016841,39,Female,Loyal,No
C016842,25,Female,Returning,No
C016843,74,Male,New,No
C016844,54,Female,Returning,No
C016845,37,Female,New,No
C016846,66,Female,Loyal,No
C016847,17,Male,New,No
C016848,54,Female,Returning,No
C016849,60,Female,New,Yes
C016850,68,Female,Loyal,Yes
C016851,30,Female,Returning,No
C016852,54,Female,Loyal,Yes
C016853,65,Male,New,No
C016854,67,Female,Returning,No
C016855,27,Female,New,No
C016856,79,Female,Loyal,Yes
C016857,33,Female,New,No
C016858,41,Male,Returning,No
C016859,28,Female,Returning,Yes
C016860,25,Male,New,No
C016861,32,Female,Loyal,Yes
C016862,24,Female,Loyal,No
C016863,63,Female,Returning,No
C016864,54,Male,Returning,No
C016865,41,Female,New,No
C016866,51,Female,Returning,No
C016867,55,Male,Loyal,No
C016868,27,Female,New,No
C016869,35,Female,Loyal,No
C016870,73,Female,Returning,No
C016871,16,Female,New,No
C016872,78,Female,New,No
C016873,78,Male,Returning,No
C016874,32,Male,Loyal,No
C016875,36,Male,Returning,No
C016876,29,Female,Returning,Yes
C016877,52,Female,Loyal,No
C016878,29,Male,New,No
C016879,67,Female,New,No
C016880,41,Male,Loyal,Yes
C016881,78,Male,Returning,No
C016882,71,Female,New,Yes
C016883,42,Female,Loyal,No
C016884,54,Male,New,No
C016885,17,Male,Returning,No
C016886,20,Female,Loyal,No
C016887,48,Female,New,No
C016888,46,Female,Loyal,No
C016889,41,Male,Loyal,Yes
C016890,21,Female,New,Yes
C016891,70,Male,New,Yes
C016892,42,Male,Loyal,No
C016893,46,Male,Returning,No
C016894,42,Female,New,Yes
C016895,48,Female,New,No
C016896,58,Male,New,No
C016897,65,Male,Returning,Yes
C016898,51,Female,Loyal,No
C016899,26,Male,Returning,No
C016900,72,Male,New,Yes
C016901,34,Male,Loyal,No
C016902,17,Male,New,Yes
C016903,18,Other,New,Yes
C016904,66,Female,Loyal,No
C016905,41,Female,Returning,No
C016906,17,Male,Returning,No
C016907,68,Male,Loyal,Yes
C016908,35,Male,New,Yes
C016909,79,Female,Returning,No
C016910,73,Male,Loyal,No
C016911,19,Male,New,No
C016912,60,Male,Loyal,No
C016913,55,Male,New,No
C016914,27,Female,Loyal,No
C016915,38,Male,Returning,No
C016916,47,Male,Returning,Yes
C016917,25,Female,Returning,Yes
C016918,62,Female,New,No
C016919,34,Male,New,No
C016920,76,Male,Returning,No
C016921,68,Female,Loyal,No
C016922,57,Male,New,No
C016923,23,Male,Loyal,Yes
C016924,17,Male,New,No
C016925,25,Male,Returning,No
C016926,48,Female,Returning,No
C016927,66,Male,Returning,No
C016928,25,Male,Returning,No
C016929,61,Male,New,No
C016930,19,Female,New,No
C016931,33,Female,Returning,No
C016932,54,Female,Returning,Yes
C016933,69,Male,New,Yes
C016934,66,Female,New,No
C016935,50,Male,New,No
C016936,18,Male,New,No
C016937,35,Female,Returning,Yes
C016938,66,Female,Loyal,Yes
C016939,21,Male,New,No
C016940,61,Female,New,No
C016941,61,Male,New,No
C016942,64,Male,Returning,Yes
C016943,30,Female,Returning,No
C016944,31,Male,New,No
C016945,28,Male,New,No
C016946,41,Male,Loyal,Yes
C016947,50,Male,Returning,No
C016948,23,Male,Loyal,Yes
C016949,52,Male,Returning,No
C016950,31,Female,Loyal,Yes
C016951,52,Male,Loyal,Yes
C016952,35,Male,New,No
C016953,78,Male,New,No
C016954,36,Female,New,No
C016955,72,Female,Loyal,No
C016956,27,Male,New,No
C016957,21,Male,Returning,Yes
C016958,28,Male,Returning,No
C016959,43,Female,Returning,Yes
C016960,74,Male,Returning,No
C016961,27,Male,Returning,No
C016962,66,Male,New,No
C016963,61,Male,New,No
C016964,38,Female,New,No
C016965,37,Male,Loyal,No
C016966,77,Female,Loyal,No
C016967,62,Male,Loyal,No
C016968,31,Female,New,Yes
C016969,75,Male,New,No
C016970,42,Female,Returning,Yes
C016971,21,Female,New,Yes
C016972,68,Other,Loyal,No
C016973,72,Female,Loyal,No
C016974,44,Female,Loyal,Yes
C016975,61,Male,Loyal,No
C016976,31,Female,Returning,No
C016977,71,Male,New,No
C016978,39,Male,Loyal,No
C016979,33,Female,Returning,Yes
C016980,48,Female,Loyal,Yes
C016981,33,Male,New,No
C016982,56,Male,Returning,No
C016983,64,Female,Returning,Yes
C016984,42,Male,New,No
C016985,66,Female,Returning,Yes
C016986,44,Female,New,No
C016987,79,Female,New,Yes
C016988,33,Male,Returning,No
C016989,61,Female,New,Yes
C016990,50,Female,Loyal,No
C016991,77,Male,New,No
C016992,30,Female,Returning,No
C016993,28,Male,New,No
C016994,72,Male,Returning,No
C016995,74,Female,Returning,No
C016996,64,Female,Loyal,No
C016997,46,Female,Returning,No
C016998,42,Female,Returning,No
C016999,59,Female,Returning,No
C017000,64,Female,Returning,No
C017001,33,Female,New,Yes
C017002,16,Male,Returning,Yes
C017003,20,Female,Returning,No
C017004,38,Female,Returning,No
C017005,60,Female,Loyal,No
C017006,44,Female,New,No
C017007,56,Male,New,Yes
C017008,46,Male,Returning,No
C017009,32,Female,Returning,No
C017010,64,Male,New,No
C017011,63,Female,New,Yes
C017012,78,Male,Loyal,No
C017013,69,Female,New,Yes
C017014,40,Male,Returning,No
C017015,61,Female,New,No
C017016,38,Female,New,No
C017017,72,Male,New,No
C017018,55,Female,New,Yes
C017019,70,Male,Returning,No
C017020,34,Male,New,Yes
C017021,16,Female,Returning,No
C017022,25,Other,New,No
C017023,50,Female,Loyal,No
C017024,78,Male,New,No
C017025,56,Female,New,No
C017026,68,Female,Loyal,No
C017027,46,Female,Loyal,No
C017028,78,Male,Returning,No
C017029,77,Male,New,No
C017030,30,Male,Loyal,No
C017031,72,Female,Returning,No
C017032,17,Female,Returning,No
C017033,54,Male,Returning,No
C017034,44,Male,New,Yes
C017035,35,Female,New,No
C017036,76,Male,New,No
C017037,59,Male,New,Yes
C017038,24,Male,Loyal,Yes
C017039,25,Male,Loyal,No
C017040,23,Female,New,No
C017041,35,Female,New,No
C017042,20,Male,Returning,No
C017043,33,Male,New,No
C017044,65,Female,Loyal,No
C017045,72,Female,Loyal,Yes
C017046,67,Female,Returning,Yes
C017047,48,Female,New,Yes
C017048,61,Male,Loyal,No
C017049,77,Female,Returning,No
C017050,19,Female,Returning,No
C017051,74,Male,Returning,No
C017052,63,Female,New,No
C017053,41,Female,New,No
C017054,45,Male,Returning,No
C017055,44,Female,New,No
C017056,26,Female,New,No
C017057,30,Female,Returning,No
C017058,35,Female,New,Yes
C017059,16,Male,Loyal,Yes
C017060,48,Male,Loyal,No
C017061,46,Female,Loyal,No
C017062,37,Female,New,No
C017063,27,Female,Loyal,Yes
C017064,79,Male,New,Yes
C017065,60,Male,New,No
C017066,46,Male,New,No
C017067,62,Female,Loyal,Yes
C017068,40,Male,New,Yes
C017069,30,Male,Returning,Yes
C017070,59,Female,Loyal,No
C017071,66,Female,Returning,No
C017072,58,Female,Loyal,No
C017073,52,Male,New,Yes
C017074,16,Female,New,No
C017075,57,Female,Returning,No
C017076,56,Male,Returning,No
C017077,42,Male,New,Yes
C017078,31,Female,Loyal,Yes
C017079,79,Female,New,Yes
C017080,40,Female,Returning,No
C017081,33,Female,New,No
C017082,61,Male,Returning,Yes
C017083,47,Male,Returning,No
C017084,52,Male,Returning,Yes
C017085,58,Male,New,Yes
C017086,39,Male,Returning,No
C017087,25,Female,New,No
C017088,26,Female,New,No
C017089,77,Male,New,No
C017090,48,Male,Loyal,Yes
C017091,43,Male,New,No
C017092,36,Male,Returning,No
C017093,62,Female,New,No
C017094,75,Female,Returning,No
C017095,65,Female,New,Yes
C017096,50,Male,New,No
C017097,46,Male,Loyal,No
C017098,72,Male,Loyal,Yes
C017099,71,Female,New,No
C017100,41,Female,Returning,No
C017101,78,Female,Loyal,No
C017102,69,Female,Loyal,No
C017103,71,Male,New,No
C017104,19,Male,Loyal,No
C017105,24,Male,New,No
C017106,35,Male,Returning,Yes
C017107,65,Female,Returning,No
C017108,21,Male,Returning,Yes
C017109,21,Male,Loyal,No
C017110,18,Female,New,No
C017111,28,Male,New,Yes
C017112,75,Female,Returning,No
C017113,62,Male,New,Yes
C017114,62,Female,Returning,No
C017115,35,Female,Loyal,No
C017116,56,Male,Returning,No
C017117,66,Female,Loyal,Yes
C017118,50,Female,New,No
C017119,71,Male,New,No
C017120,53,Female,Loyal,Yes
C017121,37,Male,Returning,Yes
C017122,57,Male,Returning,Yes
C017123,77,Female,New,Yes
C017124,69,Other,Returning,Yes
C017125,48,Female,New,No
C017126,54,Female,Loyal,Yes
C017127,79,Female,New,No
C017128,64,Male,New,No
C017129,48,Female,New,No
C017130,34,Female,New,No
C017131,74,Male,Loyal,No
C017132,79,Male,Returning,Yes
C017133,20,Female,Returning,Yes
C017134,18,Female,New,No
C017135,23,Female,Returning,No
C017136,41,Female,New,No
C017137,26,Male,Returning,No
C017138,73,Female,Loyal,No
C017139,75,Female,New,No
C017140,27,Female,Loyal,Yes
C017141,69,Male,Loyal,No
C017142,25,Male,Loyal,No
C017143,67,Female,Returning,Yes
C017144,39,Male,Loyal,No
C017145,18,Male,New,Yes
C017146,43,Female,Returning,Yes
C017147,69,Female,Returning,Yes
C017148,76,Female,New,Yes
C017149,23,Male,New,Yes
C017150,70,Female,New,No
C017151,35,Female,New,Yes
C017152,46,Male,Returning,No
C017153,23,Male,Loyal,No
C017154,79,Male,Returning,No
C017155,67,Female,Returning,No
C017156,57,Female,Returning,Yes
C017157,63,Male,New,No
C017158,72,Male,New,No
C017159,25,Other,New,No
C017160,31,Male,Loyal,Yes
C017161,18,Female,Loyal,No
C017162,47,Female,Returning,Yes
C017163,48,Male,Returning,No
C017164,17,Male,Loyal,Yes
C017165,59,Female,New,Yes
C017166,16,Female,New,No
C017167,67,Male,Returning,Yes
C017168,61,Female,Returning,No
C017169,68,Male,Loyal,Yes
C017170,23,Male,Loyal,No
C017171,72,Female,Loyal,No
C017172,51,Male,Returning,Yes
C017173,72,Male,Loyal,No
C017174,61,Female,Returning,No
C017175,58,Female,Returning,No
C017176,18,Male,Returning,No
C017177,60,Female,Loyal,Yes
C017178,45,Male,New,No
C017179,71,Female,Returning,No
C017180,60,Male,Returning,No
C017181,20,Male,Returning,No
C017182,73,Female,Returning,No
C017183,20,Male,Returning,No
C017184,35,Female,Returning,Yes
C017185,30,Female,Returning,Yes
C017186,79,Female,New,No
C017187,25,Female,Returning,Yes
C017188,70,Female,New,No
C017189,30,Female,Loyal,Yes
C017190,58,Female,Loyal,No
C017191,21,Female,New,No
C017192,41,Female,New,No
C017193,56,Male,New,Yes
C017194,62,Female,Loyal,No
C017195,72,Male,New,No
C017196,69,Female,Returning,Yes
C017197,49,Female,Returning,Yes
C017198,35,Female,Loyal,No
C017199,32,Female,Returning,Yes
C017200,80,Male,Returning,No
C017201,55,Male,Returning,Yes
C017202,75,Female,Loyal,No
C017203,44,Female,Returning,No
C017204,47,Male,Returning,Yes
C017205,69,Female,New,Yes
C017206,62,Male,New,No
C017207,29,Male,New,No
C017208,50,Female,Returning,No
C017209,29,Female,Returning,Yes
C017210,65,Female,Loyal,No
C017211,17,Male,New,No
C017212,69,Male,Returning,Yes
C017213,76,Female,Loyal,No
C017214,17,Male,New,No
C017215,56,Female,Returning,No
C017216,21,Female,Returning,No
C017217,39,Male,Returning,No
C017218,37,Male,New,No
C017219,49,Female,New,No
C017220,75,Male,New,Yes
C017221,46,Female,Loyal,No
C017222,41,Male,New,No
C017223,22,Male,New,No
C017224,73,Male,Returning,Yes
C017225,36,Male,Loyal,No
C017226,46,Female,New,No
C017227,21,Male,Returning,No
C017228,34,Male,New,No
C017229,51,Female,New,No
C017230,74,Male,Loyal,No
C017231,37,Male,Returning,No
C017232,52,Male,Returning,No
C017233,72,Male,New,Yes
C017234,39,Female,Returning,No
C017235,35,Female,New,No
C017236,18,Female,Returning,No
C017237,75,Male,Returning,No
C017238,23,Male,Returning,Yes
C017239,30,Male,Returning,No
C017240,25,Female,New,No
C017241,61,Other,Loyal,Yes
C017242,39,Female,Loyal,No
C017243,61,Female,Loyal,No
C017244,55,Male,New,Yes
C017245,16,Male,New,Yes
C017246,35,Male,Returning,No
C017247,16,Male,Returning,Yes
C017248,20,Female,Loyal,No
C017249,46,Female,New,No
C017250,33,Male,Returning,No
C017251,21,Female,New,No
C017252,42,Male,Loyal,No
C017253,45,Female,New,Yes
C017254,80,Female,Loyal,No
C017255,59,Male,Loyal,No
C017256,41,Male,New,No
C017257,46,Female,Loyal,Yes
C017258,21,Female,New,No
C017259,41,Female,New,No
C017260,53,Female,Returning,No
C017261,17,Male,Loyal,Yes
C017262,75,Female,Returning,No
C017263,49,Female,New,No
C017264,67,Male,Returning,No
C017265,33,Male,Returning,No
C017266,70,Female,New,No
C017267,39,Male,New,No
C017268,76,Female,New,No
C017269,49,Female,Returning,Yes
C017270,57,Male,Returning,Yes
C017271,29,Female,Returning,No
C017272,80,Other,New,No
C017273,28,Male,Loyal,No
C017274,18,Male,Returning,Yes
C017275,44,Female,New,Yes
C017276,70,Female,Loyal,Yes
C017277,75,Male,Returning,No
C017278,71,Male,Returning,No
C017279,51,Male,New,No
C017280,75,Female,New,No
C017281,47,Male,Returning,Yes
C017282,47,Female,Loyal,No
C017283,27,Female,Returning,Yes
C017284,67,Male,New,No
C017285,36,Male,Returning,No
C017286,28,Female,New,No
C017287,40,Female,New,No
C017288,55,Male,Loyal,No
C017289,33,Male,Returning,Yes
C017290,39,Female,Returning,No
C017291,37,Male,New,No
C017292,54,Male,New,Yes
C017293,62,Female,Returning,No
C017294,59,Male,Returning,No
C017295,25,Male,Returning,No
C017296,38,Male,Returning,Yes
C017297,58,Female,Returning,No
C017298,30,Male,Returning,No
C017299,20,Male,New,Yes
C017300,36,Male,Returning,No
C017301,60,Female,Returning,No
C017302,59,Female,Returning,No
C017303,24,Male,New,No
C017304,59,Female,Loyal,Yes
C017305,28,Male,New,No
C017306,64,Female,Loyal,No
C017307,52,Male,Loyal,No
C017308,24,Female,Returning,No
C017309,38,Male,New,No
C017310,69,Male,Returning,Yes
C017311,44,Female,New,No
C017312,60,Female,Loyal,No
C017313,64,Male,New,Yes
C017314,17,Male,Returning,No
C017315,76,Male,Returning,No
C017316,37,Female,New,Yes
C017317,67,Male,Returning,No
C017318,46,Male,Returning,Yes
C017319,53,Female,New,Yes
C017320,39,Female,New,No
C017321,71,Female,Returning,No
C017322,23,Male,Returning,No
C017323,74,Male,Returning,Yes
C017324,29,Female,New,Yes
C017325,73,Female,Returning,No
C017326,17,Female,New,Yes
C017327,16,Female,New,Yes
C017328,22,Male,Returning,Yes
C017329,51,Male,Returning,No
C017330,33,Female,Returning,No
C017331,54,Female,New,No
C017332,69,Female,Returning,No
C017333,17,Male,New,No
C017334,50,Female,New,No
C017335,64,Female,Loyal,No
C017336,43,Male,Loyal,No
C017337,76,Male,Loyal,No
C017338,59,Male,Returning,No
C017339,18,Female,New,No
C017340,51,Female,Loyal,No
C017341,40,Male,Returning,Yes
C017342,24,Male,Loyal,No
C017343,77,Male,Returning,Yes
C017344,30,Male,Returning,Yes
C017345,21,Female,New,Yes
C017346,30,Male,New,No
C017347,69,Female,Returning,No
C017348,54,Female,Loyal,Yes
C017349,69,Female,Returning,No
C017350,46,Female,New,No
C017351,23,Female,Returning,No
C017352,41,Female,New,No
C017353,28,Female,Loyal,No
C017354,52,Male,New,No
C017355,33,Male,New,No
C017356,79,Female,Returning,No
C017357,40,Female,Returning,Yes
C017358,36,Male,Returning,No
C017359,79,Female,New,Yes
C017360,49,Male,Loyal,No
C017361,27,Female,Returning,Yes
C017362,47,Male,New,No
C017363,32,Female,New,No
C017364,62,Male,Returning,No
C017365,53,Female,Returning,No
C017366,63,Female,Returning,No
C017367,77,Female,New,No
C017368,63,Female,New,No
C017369,38,Other,New,No
C017370,29,Female,Returning,No
C017371,50,Female,Returning,No
C017372,45,Male,New,Yes
C017373,36,Female,Returning,No
C017374,68,Male,Loyal,Yes
C017375,75,Male,New,No
C017376,40,Female,New,No
C017377,60,Male,Returning,No
C017378,79,Male,New,Yes
C017379,16,Female,New,Yes
C017380,39,Male,Loyal,No
C017381,63,Female,Loyal,Yes
C017382,48,Female,Returning,Yes
C017383,67,Male,Loyal,Yes
C017384,46,Male,New,Yes
C017385,20,Male,Loyal,Yes
C017386,44,Female,Loyal,No
C017387,42,Male,Returning,No
C017388,70,Female,Loyal,Yes
C017389,25,Male,Loyal,No
C017390,26,Female,New,No
C017391,25,Male,New,No
C017392,52,Female,Returning,No
C017393,80,Female,Returning,No
C017394,56,Female,Returning,No
C017395,69,Female,New,No
C017396,71,Female,New,Yes
C017397,55,Female,New,Yes
C017398,55,Female,Returning,No
C017399,31,Male,New,No
C017400,78,Male,New,No
C017401,67,Male,Loyal,No
C017402,72,Male,Returning,No
C017403,79,Male,Loyal,Yes
C017404,38,Female,New,Yes
C017405,25,Female,New,Yes
C017406,71,Female,Returning,No
C017407,46,Female,Loyal,No
C017408,78,Male,Returning,No
C017409,61,Male,Loyal,Yes
C017410,32,Male,New,Yes
C017411,39,Male,New,Yes
C017412,55,Male,Loyal,No
C017413,41,Female,Returning,No
C017414,34,Female,New,Yes
C017415,29,Male,New,No
C017416,58,Male,Loyal,No
C017417,18,Female,New,No
C017418,22,Female,Returning,Yes
C017419,18,Male,New,Yes
C017420,63,Male,New,Yes
C017421,17,Male,Returning,No
C017422,43,Other,New,No
C017423,23,Female,Returning,Yes
C017424,54,Male,New,No
C017425,18,Male,Loyal,No
C017426,17,Male,Returning,Yes
C017427,42,Male,New,Yes
C017428,61,Male,Returning,Yes
C017429,23,Female,Returning,No
C017430,48,Male,New,No
C017431,68,Male,New,Yes
C017432,56,Female,Returning,Yes
C017433,64,Male,New,No
C017434,36,Female,Returning,No
C017435,77,Male,New,Yes
C017436,25,Female,New,Yes
C017437,55,Female,New,Yes
C017438,44,Female,New,Yes
C017439,18,Male,New,No
C017440,77,Female,New,No
C017441,61,Male,New,No
C017442,30,Male,Returning,No
C017443,19,Female,New,No
C017444,59,Female,Loyal,No
C017445,51,Female,Returning,Yes
C017446,19,Male,Loyal,No
C017447,80,Male,Returning,No
C017448,62,Female,New,No
C017449,46,Female,Returning,No
C017450,31,Male,Returning,No
C017451,33,Female,Returning,Yes
C017452,45,Female,Loyal,No
C017453,19,Female,New,Yes
C017454,39,Male,New,Yes
C017455,30,Female,Returning,No
C017456,23,Male,New,No
C017457,24,Female,Loyal,No
C017458,38,Female,Returning,No
C017459,40,Male,Loyal,No
C017460,38,Female,New,Yes
C017461,60,Female,New,Yes
C017462,49,Female,Returning,No
C017463,28,Male,New,Yes
C017464,79,Male,Loyal,No
C017465,63,Male,Returning,No
C017466,46,Female,Returning,No
C017467,19,Female,New,Yes
C017468,75,Female,Returning,No
C017469,64,Female,New,No
C017470,46,Female,Returning,No
C017471,26,Female,New,No
C017472,22,Male,Returning,No
C017473,34,Male,Loyal,No
C017474,30,Male,New,No
C017475,29,Male,New,Yes
C017476,42,Female,Returning,No
C017477,19,Male,Returning,Yes
C017478,37,Female,New,No
C017479,72,Male,New,No
C017480,72,Female,Returning,Yes
C017481,16,Male,Returning,Yes
C017482,60,Male,Returning,Yes
C017483,80,Female,New,Yes
C017484,53,Female,Returning,Yes
C017485,41,Male,New,Yes
C017486,47,Female,Returning,No
C017487,29,Female,Returning,No
C017488,41,Female,Returning,Yes
C017489,76,Female,New,Yes
C017490,55,Male,New,Yes
C017491,44,Male,Returning,Yes
C017492,24,Male,Loyal,Yes
C017493,74,Female,Loyal,Yes
C017494,26,Male,Loyal,Yes
C017495,62,Male,Returning,No
C017496,35,Female,Loyal,Yes
C017497,34,Male,Returning,No
C017498,27,Female,Loyal,No
C017499,40,Female,Returning,Yes
C017500,60,Male,Returning,Yes
C017501,43,Male,New,No
C017502,17,Male,Returning,Yes
C017503,33,Female,New,No
C017504,26,Female,New,No
C017505,42,Female,Returning,No
C017506,74,Female,Loyal,No
C017507,78,Female,Loyal,Yes
C017508,80,Male,New,No
C017509,23,Male,Returning,Yes
C017510,47,Female,Returning,No
C017511,18,Female,New,No
C017512,48,Female,Loyal,Yes
C017513,53,Male,New,No
C017514,66,Female,Loyal,No
C017515,37,Female,New,Yes
C017516,18,Female,Loyal,No
C017517,45,Female,Returning,No
C017518,43,Female,Returning,Yes
C017519,56,Male,New,Yes
C017520,22,Female,New,Yes
C017521,55,Female,New,Yes
C017522,42,Female,Loyal,Yes
C017523,64,Female,Returning,No
C017524,79,Male,New,No
C017525,30,Male,New,No
C017526,64,Female,New,Yes
C017527,24,Male,Returning,No
C017528,80,Female,New,No
C017529,47,Female,Loyal,No
C017530,64,Female,Returning,No
C017531,66,Male,New,No
C017532,55,Male,New,No
C017533,40,Female,Returning,Yes
C017534,65,Male,Loyal,Yes
C017535,46,Female,New,Yes
C017536,58,Female,New,No
C017537,55,Female,Returning,No
C017538,46,Female,New,No
C017539,23,Female,New,Yes
C017540,35,Male,Returning,No
C017541,76,Female,New,No
C017542,49,Female,Returning,Yes
C017543,57,Female,Loyal,No
C017544,32,Female,Loyal,Yes
C017545,61,Female,Returning,No
C017546,47,Female,New,No
C017547,30,Female,Returning,No
C017548,25,Female,New,No
C017549,41,Female,Returning,Yes
C017550,52,Male,New,No
C017551,34,Male,New,No
C017552,31,Female,New,Yes
C017553,33,Male,New,No
C017554,35,Male,Returning,No
C017555,64,Male,Loyal,Yes
C017556,48,Male,Returning,Yes
C017557,46,Female,New,Yes
C017558,26,Male,Returning,No
C017559,51,Female,Returning,No
C017560,78,Female,Loyal,No
C017561,64,Male,Returning,No
C017562,45,Male,New,Yes
C017563,35,Female,Returning,Yes
C017564,38,Male,New,No
C017565,17,Male,New,Yes
C017566,17,Male,Loyal,No
C017567,66,Male,Loyal,No
C017568,70,Male,New,No
C017569,78,Male,Returning,No
C017570,56,Male,New,No
C017571,76,Female,New,Yes
C017572,43,Male,Loyal,No
C017573,32,Male,Loyal,No
C017574,31,Male,New,No
C017575,31,Female,Loyal,Yes
C017576,64,Female,New,Yes
C017577,16,Female,Returning,No
C017578,77,Female,Loyal,No
C017579,66,Male,Loyal,No
C017580,40,Male,Returning,Yes
C017581,61,Male,New,No
C017582,24,Female,Returning,No
C017583,44,Male,Loyal,No
C017584,23,Male,New,No
C017585,23,Male,New,No
C017586,16,Female,New,Yes
C017587,67,Male,Returning,No
C017588,64,Female,New,Yes
C017589,74,Female,Returning,Yes
C017590,79,Male,New,No
C017591,78,Male,Loyal,Yes
C017592,80,Female,New,No
C017593,17,Male,Loyal,No
C017594,66,Male,Loyal,No
C017595,63,Male,Returning,No
C017596,26,Female,New,No
C017597,24,Female,Loyal,No
C017598,79,Male,Returning,Yes
C017599,73,Male,Returning,Yes
C017600,37,Female,New,No
C017601,20,Female,New,No
C017602,37,Female,Returning,No
C017603,16,Female,Returning,Yes
C017604,60,Male,Loyal,Yes
C017605,40,Female,Returning,No
C017606,19,Female,New,No
C017607,79,Female,Returning,Yes
C017608,69,Male,New,Yes
C017609,74,Female,New,Yes
C017610,80,Female,New,Yes
C017611,16,Male,New,No
C017612,66,Male,New,Yes
C017613,67,Female,New,No
C017614,66,Female,New,No
C017615,33,Male,Loyal,Yes
C017616,41,Female,New,No
C017617,76,Male,Loyal,No
C017618,20,Male,Loyal,No
C017619,57,Female,Loyal,Yes
C017620,67,Male,New,No
C017621,67,Male,New,No
C017622,54,Female,Returning,No
C017623,65,Female,Returning,No
C017624,75,Male,New,No
C017625,65,Male,New,Yes
C017626,23,Female,Returning,No
C017627,31,Female,Returning,No
C017628,35,Male,New,No
C017629,38,Female,New,No
C017630,39,Female,Returning,Yes
C017631,30,Female,Returning,No
C017632,60,Male,Returning,No
C017633,23,Male,Loyal,No
C017634,67,Female,Returning,Yes
C017635,58,Female,New,Yes
C017636,78,Male,New,No
C017637,16,Male,New,Yes
C017638,35,Female,Returning,Yes
C017639,74,Female,Loyal,No
C017640,48,Male,Returning,No
C017641,52,Female,Returning,No
C017642,17,Female,New,No
C017643,65,Male,Returning,No
C017644,32,Male,New,No
C017645,78,Female,New,No
C017646,40,Male,Returning,No
C017647,28,Male,New,Yes
C017648,54,Male,New,No
C017649,47,Male,New,No
C017650,46,Male,New,No
C017651,77,Female,New,No
C017652,39,Female,Returning,Yes
C017653,41,Male,New,No
C017654,56,Female,New,No
C017655,27,Male,Returning,No
C017656,69,Female,New,No
C017657,30,Male,Loyal,No
C017658,31,Male,Loyal,No
C017659,16,Female,Returning,No
C017660,38,Male,Returning,No
C017661,53,Male,Returning,Yes
C017662,61,Male,New,No
C017663,74,Male,Returning,No
C017664,66,Female,Returning,No
C017665,36,Female,Returning,No
C017666,69,Female,Loyal,No
C017667,28,Female,Loyal,No
C017668,29,Female,Returning,No
C017669,39,Male,Loyal,No
C017670,51,Male,Returning,Yes
C017671,29,Female,Returning,No
C017672,74,Female,Returning,No
C017673,33,Female,Loyal,No
C017674,41,Female,Loyal,Yes
C017675,55,Male,Returning,No
C017676,43,Female,New,Yes
C017677,42,Male,Returning,Yes
C017678,80,Male,New,Yes
C017679,44,Male,Returning,Yes
C017680,23,Male,Loyal,No
C017681,63,Male,Loyal,No
C017682,61,Female,Returning,No
C017683,30,Female,New,No
C017684,71,Female,Returning,No
C017685,41,Female,New,No
C017686,25,Female,Loyal,No
C017687,27,Male,New,No
C017688,62,Female,Loyal,No
C017689,30,Female,Returning,Yes
C017690,46,Female,Returning,No
C017691,63,Female,Loyal,No
C017692,71,Male,Returning,Yes
C017693,47,Female,Returning,Yes
C017694,74,Female,New,No
C017695,35,Female,New,No
C017696,72,Male,Returning,No
C017697,32,Female,New,No
C017698,20,Male,Returning,Yes
C017699,63,Male,Returning,Yes
C017700,65,Female,New,No
C017701,76,Female,Loyal,No
C017702,75,Male,Loyal,No
C017703,22,Female,Loyal,Yes
C017704,56,Male,New,Yes
C017705,61,Male,New,No
C017706,55,Female,New,No
C017707,17,Female,Loyal,Yes
C017708,18,Male,Returning,No
C017709,59,Male,Loyal,Yes
C017710,71,Female,Loyal,No
C017711,27,Male,New,No
C017712,19,Female,Returning,No
C017713,42,Male,Returning,No
C017714,36,Male,Returning,Yes
C017715,79,Female,Loyal,No
C017716,76,Female,New,No
C017717,52,Female,Loyal,Yes
C017718,77,Male,New,Yes
C017719,30,Female,Returning,No
C017720,80,Female,New,No
C017721,45,Male,Returning,Yes
C017722,46,Female,Returning,No
C017723,19,Female,Returning,No
C017724,27,Male,Loyal,Yes
C017725,28,Male,Returning,No
C017726,47,Male,New,No
C017727,28,Female,New,No
C017728,22,Male,New,No
C017729,55,Male,New,No
C017730,72,Female,New,No
C017731,20,Male,New,No
C017732,52,Female,Loyal,No
C017733,78,Female,Loyal,Yes
C017734,42,Male,New,No
C017735,27,Female,Loyal,No
C017736,21,Male,New,No
C017737,76,Female,Returning,No
C017738,42,Female,New,No
C017739,22,Female,New,No
C017740,72,Female,Returning,No
C017741,68,Male,Returning,No
C017742,61,Male,Returning,No
C017743,21,Male,Loyal,No
C017744,21,Female,New,Yes
C017745,30,Female,Returning,Yes
C017746,26,Female,New,No
C017747,50,Female,New,No
C017748,41,Female,New,No
C017749,65,Female,New,Yes
C017750,22,Female,Loyal,No
C017751,63,Male,Returning,No
C017752,76,Female,Returning,No
C017753,24,Female,New,Yes
C017754,58,Female,New,No
C017755,49,Male,Returning,No
C017756,22,Male,New,No
C017757,35,Female,New,Yes
C017758,67,Male,New,No
C017759,72,Male,Loyal,No
C017760,39,Female,Returning,No
C017761,22,Female,New,No
C017762,31,Male,Returning,No
C017763,70,Female,Loyal,No
C017764,53,Female,New,No
C017765,43,Male,New,No
C017766,16,Female,Loyal,Yes
C017767,66,Male,Loyal,Yes
C017768,46,Male,Returning,No
C017769,51,Male,New,Yes
C017770,70,Male,New,No
C017771,52,Male,Loyal,No
C017772,76,Female,Returning,No
C017773,52,Male,New,No
C017774,38,Female,New,No
C017775,75,Female,New,No
C017776,57,Other,Returning,Yes
C017777,65,Male,Returning,No
C017778,30,Female,New,No
C017779,59,Female,Returning,No
C017780,52,Female,Loyal,Yes
C017781,22,Male,Returning,No
C017782,32,Female,New,No
C017783,75,Female,Loyal,No
C017784,53,Female,New,Yes
C017785,66,Male,Returning,No
C017786,27,Male,New,No
C017787,30,Male,Returning,No
C017788,77,Male,Returning,Yes
C017789,43,Female,New,Yes
C017790,73,Female,Returning,Yes
C017791,68,Female,Returning,No
C017792,37,Female,Returning,No
C017793,77,Male,New,No
C017794,66,Female,New,Yes
C017795,24,Male,Loyal,No
C017796,22,Female,New,No
C017797,24,Female,Returning,Yes
C017798,64,Male,New,No
C017799,25,Male,Loyal,Yes
C017800,34,Female,Returning,No
C017801,44,Male,Returning,No
C017802,24,Male,Returning,Yes
C017803,37,Female,Returning,No
C017804,60,Female,Loyal,No
C017805,79,Male,Returning,No
C017806,46,Female,Returning,Yes
C017807,64,Female,Returning,No
C017808,50,Female,Returning,Yes
C017809,46,Male,Returning,No
C017810,49,Male,Returning,No
C017811,78,Female,Loyal,No
C017812,19,Male,Loyal,Yes
C017813,49,Male,Returning,Yes
C017814,19,Female,Returning,No
C017815,72,Male,New,No
C017816,55,Male,Loyal,Yes
C017817,19,Male,Returning,No
C017818,56,Male,Loyal,No
C017819,44,Female,Returning,Yes
C017820,19,Female,Returning,Yes
C017821,79,Female,New,No
C017822,40,Male,Returning,No
C017823,17,Female,New,No
C017824,55,Male,Returning,Yes
C017825,40,Male,New,Yes
C017826,58,Female,New,No
C017827,26,Male,Loyal,Yes
C017828,69,Female,Returning,Yes
C017829,43,Female,New,Yes
C017830,43,Male,Loyal,No
C017831,68,Female,New,No
C017832,51,Female,New,Yes
C017833,16,Male,New,No
C017834,53,Male,New,No
C017835,57,Male,Loyal,Yes
C017836,36,Female,Returning,No
C017837,27,Female,Returning,No
C017838,19,Female,Returning,Yes
C017839,71,Female,New,Yes
C017840,16,Male,Returning,Yes
C017841,53,Female,Returning,No
C017842,70,Male,Returning,No
C017843,38,Female,Returning,No
C017844,29,Male,New,No
C017845,62,Female,New,Yes
C017846,56,Female,New,No
C017847,16,Female,Returning,No
C017848,53,Male,New,Yes
C017849,16,Male,Returning,Yes
C017850,41,Male,Returning,No
C017851,35,Female,Returning,No
C017852,70,Male,Returning,No
C017853,79,Male,New,Yes
C017854,61,Female,Loyal,Yes
C017855,63,Male,New,No
C017856,17,Male,Loyal,Yes
C017857,20,Male,New,Yes
C017858,66,Other,Returning,Yes
C017859,43,Female,Returning,No
C017860,48,Female,New,No
C017861,60,Female,New,No
C017862,38,Female,Returning,Yes
C017863,60,Female,Loyal,No
C017864,63,Female,Returning,No
C017865,31,Male,New,No
C017866,60,Male,New,No
C017867,27,Male,Loyal,No
C017868,36,Male,New,No
C017869,66,Female,Returning,No
C017870,79,Female,New,No
C017871,20,Male,Returning,No
C017872,58,Male,New,No
C017873,53,Female,Loyal,Yes
C017874,55,Male,Returning,Yes
C017875,67,Female,New,No
C017876,20,Male,Returning,No
C017877,64,Male,New,No
C017878,34,Female,Loyal,No
C017879,26,Male,New,No
C017880,45,Female,Loyal,Yes
C017881,17,Female,Loyal,No
C017882,56,Female,New,No
C017883,52,Male,Loyal,No
C017884,49,Male,Loyal,No
C017885,17,Male,Loyal,No
C017886,65,Male,Returning,No
C017887,18,Female,Returning,No
C017888,33,Male,New,Yes
C017889,41,Female,Loyal,No
C017890,61,Male,New,No
C017891,42,Female,Returning,No
C017892,69,Male,Loyal,No
C017893,76,Male,Loyal,No
C017894,65,Female,Loyal,Yes
C017895,18,Male,Loyal,No
C017896,66,Male,Returning,No
C017897,29,Female,Returning,No
C017898,73,Female,New,Yes
C017899,79,Male,Loyal,No
C017900,21,Female,Returning,Yes
C017901,22,Female,Loyal,No
C017902,61,Male,New,No
C017903,25,Male,Returning,Yes
C017904,78,Female,Returning,No
C017905,51,Male,Loyal,No
C017906,53,Male,New,No
C017907,71,Male,Returning,No
C017908,30,Female,New,Yes
C017909,52,Female,Returning,No
C017910,80,Female,Returning,No
C017911,17,Male,New,Yes
C017912,27,Male,Returning,No
C017913,25,Male,Loyal,No
C017914,37,Female,Loyal,No
C017915,24,Female,Returning,No
C017916,27,Male,New,No
C017917,71,Female,Returning,No
C017918,46,Male,Returning,Yes
C017919,39,Male,Loyal,Yes
C017920,43,Male,Returning,No
C017921,79,Female,Returning,No
C017922,47,Male,Returning,No
C017923,46,Female,Loyal,Yes
C017924,76,Female,Returning,No
C017925,18,Female,New,No
C017926,47,Female,Loyal,No
C017927,64,Female,Returning,No
C017928,49,Female,Returning,No
C017929,72,Female,New,No
C017930,73,Female,New,No
C017931,37,Female,Loyal,No
C017932,69,Male,New,Yes
C017933,31,Female,Returning,No
C017934,31,Female,Returning,Yes
C017935,79,Female,New,No
C017936,16,Female,Returning,No
C017937,38,Male,New,Yes
C017938,56,Male,New,Yes
C017939,42,Female,Loyal,No
C017940,70,Female,Returning,No
C017941,32,Female,Loyal,No
C017942,51,Female,Returning,No
C017943,24,Male,Loyal,No
C017944,29,Male,New,No
C017945,27,Male,New,No
C017946,64,Male,New,No
C017947,29,Male,New,No
C017948,59,Female,Loyal,No
C017949,38,Male,Returning,No
C017950,52,Male,Returning,Yes
C017951,72,Female,Returning,Yes
C017952,72,Male,New,No
C017953,16,Female,Loyal,No
C017954,66,Female,Returning,Yes
C017955,78,Male,New,No
C017956,59,Female,Returning,No
C017957,28,Female,New,Yes
C017958,59,Female,Returning,No
C017959,57,Male,Returning,No
C017960,59,Male,Loyal,No
C017961,43,Male,Loyal,No
C017962,50,Male,New,No
C017963,58,Female,New,No
C017964,46,Male,Loyal,No
C017965,66,Female,Returning,Yes
C017966,62,Female,Returning,Yes
C017967,35,Male,Returning,No
C017968,55,Female,Returning,No
C017969,65,Male,Returning,No
C017970,47,Female,Loyal,Yes
C017971,62,Male,Returning,No
C017972,24,Female,New,No
C017973,41,Male,New,Yes
C017974,61,Male,Loyal,No
C017975,74,Female,Returning,Yes
C017976,57,Male,Returning,No
C017977,59,Male,New,No
C017978,38,Female,Loyal,No
C017979,61,Male,Returning,Yes
C017980,39,Female,Loyal,No
C017981,19,Male,New,No
C017982,32,Female,New,No
C017983,55,Male,New,No
C017984,78,Female,New,No
C017985,48,Male,Loyal,No
C017986,71,Male,Returning,Yes
C017987,66,Male,Loyal,No
C017988,52,Male,Loyal,Yes
C017989,68,Male,New,No
C017990,42,Female,Returning,Yes
C017991,44,Female,Loyal,Yes
C017992,63,Male,Returning,No
C017993,57,Male,New,No
C017994,50,Female,Loyal,No
C017995,44,Male,Returning,No
C017996,79,Female,Loyal,No
C017997,20,Male,Returning,No
C017998,19,Female,Returning,No
C017999,47,Male,Returning,No
C018000,18,Female,Loyal,No
C018001,38,Female,Loyal,No
C018002,52,Male,Returning,No
C018003,42,Female,New,No
C018004,29,Female,New,No
C018005,34,Male,New,No
C018006,55,Male,New,Yes
C018007,77,Male,Returning,No
C018008,66,Female,New,No
C018009,51,Female,Returning,Yes
C018010,24,Male,Loyal,No
C018011,31,Male,New,No
C018012,44,Male,Returning,Yes
C018013,32,Female,New,No
C018014,60,Male,Returning,No
C018015,39,Male,Loyal,No
C018016,70,Female,New,No
C018017,33,Male,Loyal,No
C018018,48,Female,New,No
C018019,62,Male,New,No
C018020,29,Female,New,No
C018021,65,Male,New,No
C018022,54,Male,New,No
C018023,58,Female,Returning,Yes
C018024,45,Male,New,No
C018025,76,Female,Loyal,No
C018026,66,Female,New,No
C018027,28,Male,New,No
C018028,52,Male,Returning,Yes
C018029,74,Female,Returning,No
C018030,34,Female,Loyal,No
C018031,50,Female,Loyal,Yes
C018032,65,Female,Returning,No
C018033,33,Female,Loyal,No
C018034,49,Female,New,No
C018035,51,Male,Loyal,No
C018036,27,Female,Returning,No
C018037,27,Male,New,No
C018038,52,Female,Returning,No
C018039,27,Female,Returning,Yes
C018040,77,Female,Returning,No
C018041,50,Female,New,Yes
C018042,61,Male,New,Yes
C018043,41,Female,Returning,No
C018044,35,Female,Returning,No
C018045,47,Female,Loyal,No
C018046,62,Male,Loyal,No
C018047,41,Female,Returning,No
C018048,34,Female,Returning,Yes
C018049,25,Female,Returning,No
C018050,51,Male,Loyal,No
C018051,60,Other,Returning,No
C018052,50,Female,Returning,No
C018053,32,Female,Returning,No
C018054,32,Female,Loyal,Yes
C018055,40,Male,Returning,No
C018056,38,Female,New,No
C018057,29,Male,Returning,Yes
C018058,77,Male,New,No
C018059,37,Female,New,Yes
C018060,32,Male,Returning,Yes
C018061,55,Male,Returning,Yes
C018062,68,Female,Loyal,Yes
C018063,46,Female,Loyal,No
C018064,59,Female,Returning,Yes
C018065,22,Female,New,No
C018066,50,Male,New,No
C018067,20,Male,Loyal,Yes
C018068,24,Male,Returning,Yes
C018069,54,Female,New,No
C018070,29,Female,Returning,No
C018071,18,Female,New,No
C018072,27,Male,Returning,No
C018073,66,Female,Loyal,No
C018074,54,Female,Returning,No
C018075,40,Male,Returning,Yes
C018076,79,Male,New,No
C018077,41,Female,New,No
C018078,73,Male,New,Yes
C018079,38,Female,Returning,Yes
C018080,17,Male,New,Yes
C018081,23,Male,Returning,Yes
C018082,33,Male,New,Yes
C018083,28,Female,Returning,Yes
C018084,26,Male,New,No
C018085,40,Female,Returning,No
C018086,79,Female,Returning,No
C018087,29,Male,New,No
C018088,31,Female,Returning,No
C018089,80,Male,Returning,No
C018090,29,Female,Returning,No
C018091,69,Female,Loyal,No
C018092,56,Male,Loyal,No
C018093,76,Female,Returning,No
C018094,52,Male,Loyal,No
C018095,54,Male,Loyal,Yes
C018096,30,Male,Loyal,No
C018097,53,Male,Returning,No
C018098,59,Female,Loyal,No
C018099,80,Other,New,No
C018100,22,Female,Loyal,No
C018101,26,Female,New,No
C018102,17,Female,New,Yes
C018103,67,Female,New,Yes
C018104,21,Male,Loyal,No
C018105,75,Female,Returning,Yes
C018106,39,Male,Returning,No
C018107,34,Female,Returning,No
C018108,79,Female,Returning,No
C018109,62,Male,Loyal,Yes
C018110,51,Female,Returning,No
C018111,73,Female,Returning,Yes
C018112,65,Male,Loyal,No
C018113,57,Male,New,No
C018114,36,Female,Returning,No
C018115,80,Female,New,No
C018116,62,Other,Returning,Yes
C018117,77,Female,Loyal,Yes
C018118,78,Female,New,No
C018119,51,Female,New,No
C018120,39,Female,Returning,Yes
C018121,77,Male,Returning,No
C018122,80,Male,Returning,No
C018123,23,Female,New,No
C018124,57,Male,New,Yes
C018125,55,Male,New,Yes
C018126,64,Male,Returning,No
C018127,79,Male,Returning,No
C018128,32,Male,Loyal,No
C018129,79,Female,Returning,Yes
C018130,57,Female,New,No
C018131,21,Male,New,No
C018132,49,Male,Loyal,No
C018133,24,Female,Returning,Yes
C018134,78,Female,Loyal,No
C018135,65,Male,Returning,Yes
C018136,74,Female,New,No
C018137,55,Male,Loyal,No
C018138,41,Male,New,No
C018139,43,Female,New,Yes
C018140,77,Male,Returning,No
C018141,25,Male,Returning,No
C018142,73,Female,Returning,No
C018143,43,Female,Returning,Yes
C018144,54,Female,Returning,Yes
C018145,59,Male,Loyal,No
C018146,21,Male,Loyal,Yes
C018147,25,Female,Returning,No
C018148,26,Male,New,Yes
C018149,66,Male,Returning,No
C018150,20,Female,Loyal,No
C018151,55,Female,New,No
C018152,23,Male,New,Yes
C018153,65,Female,Loyal,No
C018154,79,Male,Loyal,No
C018155,42,Male,Loyal,No
C018156,29,Male,Returning,No
C018157,44,Female,New,Yes
C018158,60,Female,New,No
C018159,63,Male,Returning,Yes
C018160,57,Female,Loyal,Yes
C018161,53,Female,Returning,No
C018162,57,Female,Returning,Yes
C018163,30,Male,Loyal,No
C018164,29,Female,New,No
C018165,76,Male,New,No
C018166,53,Female,Loyal,Yes
C018167,71,Male,Returning,Yes
C018168,56,Male,Loyal,No
C018169,45,Male,Loyal,No
C018170,53,Male,Loyal,No
C018171,60,Male,Returning,No
C018172,28,Male,Returning,No
C018173,46,Female,Returning,No
C018174,62,Male,Loyal,Yes
C018175,21,Female,New,Yes
C018176,20,Female,Returning,No
C018177,26,Female,Loyal,No
C018178,54,Female,New,No
C018179,31,Female,Returning,No
C018180,44,Male,New,No
C018181,24,Male,New,Yes
C018182,32,Female,New,No
C018183,17,Female,Returning,Yes
C018184,68,Male,New,No
C018185,46,Female,Returning,Yes
C018186,27,Male,New,No
C018187,50,Female,New,No
C018188,76,Male,New,Yes
C018189,69,Female,Returning,No
C018190,73,Male,New,Yes
C018191,42,Female,Returning,No
C018192,39,Female,Loyal,No
C018193,36,Male,Loyal,Yes
C018194,35,Male,Returning,No
C018195,75,Female,Returning,Yes
C018196,24,Female,Returning,No
C018197,71,Male,Returning,Yes
C018198,75,Female,New,Yes
C018199,70,Male,Loyal,Yes
C018200,56,Female,Loyal,No
C018201,71,Female,Returning,Yes
C018202,18,Female,Returning,No
C018203,69,Male,Returning,Yes
C018204,49,Female,New,Yes
C018205,78,Female,New,Yes
C018206,21,Male,New,No
C018207,76,Female,Loyal,No
C018208,53,Male,Returning,Yes
C018209,22,Female,Returning,Yes
C018210,49,Male,New,No
C018211,18,Female,Loyal,No
C018212,21,Male,Loyal,No
C018213,50,Male,Loyal,No
C018214,69,Male,Returning,Yes
C018215,23,Male,Returning,Yes
C018216,33,Female,Returning,Yes
C018217,41,Female,New,No
C018218,51,Female,New,No
C018219,16,Male,Returning,Yes
C018220,57,Female,Returning,Yes
C018221,48,Male,Returning,No
C018222,78,Male,New,Yes
C018223,35,Female,Returning,Yes
C018224,48,Female,Returning,Yes
C018225,21,Male,Returning,No
C018226,75,Female,Loyal,Yes
C018227,70,Female,New,No
C018228,39,Female,Returning,No
C018229,45,Male,Returning,No
C018230,71,Male,Returning,Yes
C018231,35,Female,Loyal,No
C018232,31,Female,Returning,No
C018233,31,Male,Loyal,No
C018234,61,Female,New,No
C018235,29,Male,Loyal,No
C018236,21,Male,Loyal,No
C018237,26,Male,New,Yes
C018238,80,Male,Returning,No
C018239,72,Male,Returning,Yes
C018240,78,Male,Loyal,Yes
C018241,34,Male,New,Yes
C018242,44,Female,Returning,No
C018243,47,Male,Returning,No
C018244,50,Male,New,Yes
C018245,17,Female,Loyal,No
C018246,54,Male,Returning,No
C018247,18,Female,Returning,No
C018248,33,Female,Loyal,Yes
C018249,35,Female,Loyal,No
C018250,59,Female,Loyal,No
C018251,74,Female,New,Yes
C018252,61,Male,Loyal,Yes
C018253,44,Male,New,No
C018254,50,Male,Returning,No
C018255,49,Male,Loyal,Yes
C018256,25,Female,New,No
C018257,78,Male,New,No
C018258,75,Female,Loyal,No
C018259,31,Male,New,No
C018260,23,Female,New,No
C018261,26,Female,New,No
C018262,56,Female,Returning,No
C018263,17,Male,Returning,Yes
C018264,22,Female,Returning,Yes
C018265,58,Female,Loyal,No
C018266,25,Male,Loyal,Yes
C018267,20,Female,Returning,Yes
C018268,17,Male,New,No
C018269,61,Male,Loyal,No
C018270,39,Female,New,No
C018271,34,Female,Loyal,No
C018272,57,Female,New,Yes
C018273,27,Male,Loyal,No
C018274,49,Male,Loyal,Yes
C018275,47,Female,New,No
C018276,59,Male,New,No
C018277,56,Female,New,No
C018278,59,Female,New,No
C018279,29,Female,Returning,Yes
C018280,25,Male,New,No
C018281,50,Female,New,No
C018282,19,Male,Returning,No
C018283,45,Female,New,No
C018284,56,Male,Loyal,No
C018285,69,Male,New,No
C018286,58,Female,New,Yes
C018287,80,Female,New,No
C018288,52,Male,New,No
C018289,45,Female,New,No
C018290,31,Female,New,No
C018291,59,Male,New,No
C018292,68,Female,Returning,Yes
C018293,36,Male,Returning,No
C018294,20,Female,Returning,No
C018295,16,Female,Loyal,No
C018296,57,Male,Returning,No
C018297,59,Male,New,No
C018298,23,Female,Returning,No
C018299,17,Female,Returning,Yes
C018300,58,Female,Returning,No
C018301,41,Female,New,No
C018302,43,Male,Loyal,No
C018303,33,Female,New,Yes
C018304,62,Male,New,Yes
C018305,64,Female,Returning,No
C018306,19,Female,Loyal,Yes
C018307,21,Male,Loyal,No
C018308,52,Male,Loyal,Yes
C018309,55,Female,Returning,No
C018310,25,Female,Returning,No
C018311,26,Female,New,No
C018312,60,Female,Returning,Yes
C018313,45,Male,Loyal,No
C018314,23,Female,New,No
C018315,55,Female,New,No
C018316,20,Female,Loyal,Yes
C018317,30,Male,New,Yes
C018318,62,Female,New,No
C018319,30,Male,Loyal,No
C018320,20,Female,New,No
C018321,78,Female,Loyal,No
C018322,30,Female,New,No
C018323,49,Male,New,No
C018324,69,Female,New,Yes
C018325,80,Male,New,No
C018326,68,Female,Returning,Yes
C018327,38,Male,Returning,No
C018328,71,Female,Returning,No
C018329,16,Female,Returning,Yes
C018330,37,Male,New,No
C018331,28,Female,Returning,No
C018332,50,Female,New,No
C018333,73,Male,New,No
C018334,66,Male,Loyal,Yes
C018335,80,Male,Loyal,No
C018336,24,Female,New,No
C018337,64,Male,New,No
C018338,63,Male,Returning,No
C018339,45,Male,Returning,No
C018340,22,Male,Loyal,No
C018341,22,Male,Returning,No
C018342,75,Male,New,Yes
C018343,35,Female,Returning,No
C018344,57,Female,New,No
C018345,77,Female,Returning,No
C018346,48,Female,Returning,Yes
C018347,29,Male,Loyal,Yes
C018348,47,Female,New,No
C018349,30,Female,Returning,No
C018350,27,Male,New,No
C018351,68,Male,Loyal,No
C018352,38,Male,New,Yes
C018353,60,Female,New,No
C018354,63,Female,New,No
C018355,51,Female,Loyal,No
C018356,51,Female,New,No
C018357,27,Female,Returning,No
C018358,50,Male,New,Yes
C018359,64,Female,Returning,No
C018360,28,Female,Loyal,Yes
C018361,31,Male,New,Yes
C018362,60,Female,Returning,No
C018363,79,Female,New,No
C018364,41,Female,Returning,Yes
C018365,69,Female,New,No
C018366,27,Female,New,Yes
C018367,53,Female,Loyal,No
C018368,77,Female,New,No
C018369,44,Male,New,No
C018370,48,Male,New,No
C018371,26,Female,Returning,No
C018372,50,Male,Loyal,Yes
C018373,54,Female,Loyal,No
C018374,79,Female,Loyal,Yes
C018375,29,Female,Loyal,No
C018376,39,Female,Returning,Yes
C018377,58,Female,Returning,No
C018378,77,Male,Returning,No
C018379,31,Female,Loyal,No
C018380,61,Female,New,No
C018381,73,Female,Returning,No
C018382,57,Male,Loyal,No
C018383,43,Female,New,Yes
C018384,31,Male,Loyal,No
C018385,34,Female,Loyal,Yes
C018386,19,Male,Returning,No
C018387,25,Female,Loyal,Yes
C018388,44,Female,New,No
C018389,25,Female,Loyal,No
C018390,16,Female,New,Yes
C018391,61,Female,New,No
C018392,20,Female,Returning,No
C018393,25,Male,Returning,Yes
C018394,54,Male,Returning,Yes
C018395,75,Female,Returning,Yes
C018396,63,Male,Loyal,No
C018397,18,Male,Returning,No
C018398,26,Male,Loyal,No
C018399,64,Female,New,No
C018400,63,Female,Loyal,Yes
C018401,41,Male,Loyal,Yes
C018402,77,Male,Loyal,No
C018403,73,Male,New,No
C018404,64,Male,Loyal,No
C018405,64,Male,New,No
C018406,67,Male,New,Yes
C018407,25,Female,Returning,No
C018408,61,Female,Loyal,No
C018409,77,Male,Loyal,No
C018410,30,Male,Returning,No
C018411,16,Female,Loyal,No
C018412,39,Female,Returning,Yes
C018413,33,Male,New,No
C018414,77,Female,Returning,Yes
C018415,44,Male,New,No
C018416,58,Female,Returning,No
C018417,79,Female,New,No
C018418,67,Male,New,No
C018419,64,Male,Returning,No
C018420,78,Female,Returning,No
C018421,60,Female,Loyal,No
C018422,31,Female,Returning,No
C018423,63,Female,New,Yes
C018424,36,Male,Loyal,No
C018425,37,Female,New,Yes
C018426,57,Male,Returning,No
C018427,36,Male,Returning,Yes
C018428,17,Female,New,No
C018429,80,Female,Returning,No
C018430,53,Male,Loyal,No
C018431,59,Female,New,Yes
C018432,68,Male,Loyal,No
C018433,57,Female,Returning,No
C018434,55,Female,New,Yes
C018435,67,Female,Returning,Yes
C018436,35,Female,Returning,No
C018437,69,Male,Returning,No
C018438,63,Male,New,Yes
C018439,27,Female,Loyal,No
C018440,25,Male,Loyal,No
C018441,73,Female,Loyal,Yes
C018442,74,Male,Loyal,No
C018443,80,Male,Returning,Yes
C018444,22,Male,Returning,No
C018445,74,Male,Returning,No
C018446,72,Female,New,No
C018447,65,Female,Returning,No
C018448,48,Female,New,No
C018449,49,Male,Loyal,No
C018450,43,Female,New,Yes
C018451,17,Male,Loyal,Yes
C018452,48,Female,New,No
C018453,31,Female,Loyal,No
C018454,29,Male,Returning,No
C018455,19,Male,Returning,Yes
C018456,45,Female,New,No
C018457,19,Male,Returning,Yes
C018458,71,Male,New,Yes
C018459,73,Female,Loyal,No
C018460,68,Male,Loyal,No
C018461,35,Female,Returning,No
C018462,26,Male,New,Yes
C018463,48,Female,New,Yes
C018464,59,Male,Returning,No
C018465,17,Female,Returning,No
C018466,71,Female,Returning,No
C018467,44,Male,Returning,No
C018468,69,Female,Returning,No
C018469,21,Male,Returning,Yes
C018470,43,Male,Returning,Yes
C018471,45,Female,Loyal,No
C018472,19,Female,New,No
C018473,61,Male,New,Yes
C018474,76,Female,New,No
C018475,51,Female,New,No
C018476,41,Female,Returning,Yes
C018477,57,Female,Loyal,Yes
C018478,39,Male,Returning,No
C018479,39,Male,Loyal,No
C018480,65,Male,New,Yes
C018481,54,Male,New,No
C018482,33,Female,New,No
C018483,42,Male,Returning,Yes
C018484,70,Male,Returning,No
C018485,50,Female,New,Yes
C018486,20,Male,New,No
C018487,71,Female,Loyal,Yes
C018488,64,Female,New,Yes
C018489,33,Female,New,No
C018490,78,Female,Returning,No
C018491,77,Female,Returning,Yes
C018492,80,Female,Returning,No
C018493,40,Female,Returning,No
C018494,76,Female,Loyal,No
C018495,68,Female,Loyal,Yes
C018496,72,Female,Returning,Yes
C018497,51,Male,Loyal,No
C018498,34,Male,Returning,No
C018499,30,Female,Loyal,No
C018500,78,Female,Returning,No
C018501,48,Female,New,Yes
C018502,76,Female,Returning,No
C018503,52,Female,Loyal,No
C018504,50,Female,Loyal,No
C018505,20,Female,New,No
C018506,42,Male,Returning,No
C018507,52,Female,Loyal,No
C018508,23,Female,Returning,Yes
C018509,26,Female,Returning,No
C018510,54,Male,Loyal,Yes
C018511,32,Male,Returning,Yes
C018512,61,Male,New,No
C018513,45,Male,New,No
C018514,42,Male,Returning,No
C018515,23,Female,Returning,No
C018516,42,Male,Loyal,No
C018517,51,Female,Loyal,No
C018518,53,Male,New,No
C018519,33,Female,Loyal,No
C018520,17,Female,New,No
C018521,76,Female,New,No
C018522,78,Female,Returning,Yes
C018523,74,Male,Returning,Yes
C018524,34,Female,New,Yes
C018525,55,Female,Returning,No
C018526,25,Female,Loyal,No
C018527,74,Male,Returning,No
C018528,16,Male,New,No
C018529,46,Male,Loyal,No
C018530,71,Female,New,No
C018531,63,Female,New,No
C018532,72,Female,New,No
C018533,48,Female,New,No
C018534,22,Female,New,No
C018535,16,Male,New,Yes
C018536,25,Female,Returning,Yes
C018537,19,Female,New,No
C018538,45,Male,New,No
C018539,19,Female,Returning,No
C018540,28,Female,Returning,Yes
C018541,43,Male,Returning,Yes
C018542,63,Male,New,Yes
C018543,59,Male,Loyal,No
C018544,19,Male,Loyal,No
C018545,74,Female,New,No
C018546,51,Male,Returning,No
C018547,38,Male,Loyal,No
C018548,40,Female,Returning,No
C018549,71,Male,New,No
C018550,46,Male,New,No
C018551,31,Male,Returning,No
C018552,43,Female,Returning,No
C018553,20,Female,Loyal,Yes
C018554,25,Male,New,No
C018555,36,Male,New,No
C018556,30,Female,New,No
C018557,38,Female,Returning,No
C018558,20,Female,Returning,No
C018559,55,Female,New,No
C018560,23,Male,Returning,No
C018561,30,Female,Loyal,No
C018562,79,Female,Loyal,Yes
C018563,16,Male,Loyal,No
C018564,34,Female,Returning,No
C018565,48,Male,Loyal,Yes
C018566,35,Female,Returning,No
C018567,36,Female,New,No
C018568,24,Male,Loyal,No
C018569,43,Female,New,No
C018570,65,Female,New,No
C018571,54,Female,New,No
C018572,76,Male,Returning,Yes
C018573,61,Female,Returning,No
C018574,67,Male,Returning,No
C018575,44,Female,New,No
C018576,55,Male,New,No
C018577,53,Male,New,No
C018578,68,Male,New,No
C018579,48,Male,New,No
C018580,42,Male,New,Yes
C018581,20,Female,Loyal,No
C018582,71,Female,Loyal,No
C018583,44,Male,New,No
C018584,67,Male,New,No
C018585,60,Male,Loyal,No
C018586,16,Male,Returning,No
C018587,58,Male,Loyal,Yes
C018588,47,Female,Loyal,No
C018589,31,Male,New,Yes
C018590,33,Female,New,No
C018591,57,Male,New,No
C018592,21,Male,Returning,No
C018593,55,Male,Loyal,No
C018594,71,Female,New,No
C018595,21,Male,Loyal,No
C018596,16,Male,Returning,No
C018597,19,Female,Returning,No
C018598,63,Female,Returning,No
C018599,71,Male,Returning,No
C018600,80,Male,Returning,No
C018601,17,Male,Loyal,No
C018602,47,Male,Returning,No
C018603,19,Female,New,No
C018604,40,Female,Returning,No
C018605,36,Male,Returning,No
C018606,55,Female,Loyal,No
C018607,75,Female,New,No
C018608,68,Female,New,No
C018609,20,Female,New,No
C018610,31,Female,Loyal,No
C018611,33,Male,Returning,Yes
C018612,32,Female,New,No
C018613,38,Male,Returning,Yes
C018614,55,Female,Returning,No
C018615,64,Male,Returning,No
C018616,77,Female,Returning,No
C018617,61,Female,Returning,No
C018618,35,Female,New,Yes
C018619,27,Male,New,No
C018620,40,Male,Returning,No
C018621,67,Male,New,No
C018622,80,Female,New,No
C018623,41,Female,New,Yes
C018624,27,Male,Returning,No
C018625,16,Female,Loyal,No
C018626,21,Male,Loyal,No
C018627,57,Male,New,No
C018628,54,Male,New,No
C018629,57,Female,Loyal,Yes
C018630,17,Female,New,Yes
C018631,44,Female,Loyal,No
C018632,27,Male,New,No
C018633,37,Male,Returning,No
C018634,56,Female,Returning,No
C018635,33,Male,Returning,No
C018636,58,Female,Returning,No
C018637,34,Female,New,No
C018638,49,Female,New,No
C018639,45,Male,Returning,No
C018640,40,Female,Loyal,No
C018641,24,Female,Returning,No
C018642,53,Female,Returning,Yes
C018643,80,Female,Loyal,No
C018644,57,Female,Returning,No
C018645,64,Female,Returning,No
C018646,68,Male,New,No
C018647,18,Male,Loyal,No
C018648,67,Female,New,Yes
C018649,31,Male,New,No
C018650,59,Male,New,No
C018651,79,Male,New,No
C018652,74,Female,Returning,No
C018653,42,Male,New,No
C018654,70,Male,Returning,Yes
C018655,56,Female,Returning,No
C018656,24,Male,New,Yes
C018657,31,Female,New,Yes
C018658,78,Male,New,Yes
C018659,75,Male,Returning,Yes
C018660,73,Female,Returning,Yes
C018661,40,Female,New,Yes
C018662,36,Male,New,No
C018663,68,Female,New,No
C018664,17,Male,Loyal,No
C018665,74,Male,Loyal,No
C018666,55,Female,Returning,No
C018667,57,Male,Loyal,No
C018668,44,Male,New,No
C018669,79,Male,Returning,No
C018670,64,Female,Returning,No
C018671,19,Female,Returning,No
C018672,50,Female,Returning,Yes
C018673,71,Male,Returning,Yes
C018674,20,Female,Loyal,No
C018675,63,Female,New,No
C018676,31,Female,New,No
C018677,48,Male,New,Yes
C018678,73,Female,New,No
C018679,48,Male,New,No
C018680,18,Female,New,No
C018681,17,Male,Returning,Yes
C018682,63,Male,Returning,No
C018683,76,Male,Returning,No
C018684,34,Male,New,No
C018685,76,Female,New,No
C018686,45,Female,Returning,Yes
C018687,19,Female,New,No
C018688,50,Female,New,No
C018689,79,Male,Returning,Yes
C018690,32,Female,New,No
C018691,78,Male,New,No
C018692,58,Female,Loyal,No
C018693,41,Male,Returning,No
C018694,61,Male,Loyal,No
C018695,42,Male,Returning,No
C018696,21,Female,New,No
C018697,72,Male,Returning,No
C018698,40,Male,Loyal,Yes
C018699,52,Female,Loyal,Yes
C018700,64,Male,Returning,No
C018701,21,Male,New,No
C018702,62,Female,Returning,No
C018703,39,Female,New,Yes
C018704,51,Female,New,No
C018705,45,Female,New,No
C018706,66,Male,New,Yes
C018707,28,Male,Returning,No
C018708,22,Female,Loyal,No
C018709,42,Male,Returning,No
C018710,23,Male,Returning,No
C018711,31,Female,Loyal,No
C018712,58,Male,New,No
C018713,69,Male,Returning,No
C018714,61,Female,Returning,Yes
C018715,36,Female,New,No
C018716,68,Male,Returning,No
C018717,42,Female,Returning,Yes
C018718,27,Female,Loyal,No
C018719,65,Male,New,No
C018720,49,Male,Returning,No
C018721,40,Male,Returning,No
C018722,58,Female,Loyal,No
C018723,63,Male,Loyal,No
C018724,30,Male,New,No
C018725,23,Female,Returning,Yes
C018726,49,Female,Loyal,No
C018727,19,Female,New,No
C018728,57,Female,Loyal,Yes
C018729,44,Male,Returning,Yes
C018730,29,Male,Returning,No
C018731,54,Female,Returning,No
C018732,40,Female,Returning,No
C018733,41,Male,New,No
C018734,30,Female,Loyal,No
C018735,59,Female,Returning,No
C018736,74,Male,Loyal,No
C018737,56,Male,New,No
C018738,31,Male,Loyal,No
C018739,70,Female,New,No
C018740,23,Male,Loyal,No
C018741,34,Male,Loyal,No
C018742,18,Female,Loyal,No
C018743,71,Female,Returning,No
C018744,18,Female,New,No
C018745,51,Female,Loyal,No
C018746,28,Male,New,No
C018747,29,Male,New,No
C018748,55,Male,New,No
C018749,68,Male,Returning,No
C018750,17,Female,Loyal,No
C018751,26,Female,Loyal,No
C018752,34,Female,Returning,Yes
C018753,77,Male,Returning,No
C018754,19,Female,Loyal,No
C018755,27,Female,Returning,No
C018756,42,Female,New,Yes
C018757,37,Male,Loyal,No
C018758,19,Female,Loyal,No
C018759,51,Female,Returning,No
C018760,55,Male,Returning,Yes
C018761,27,Female,Loyal,Yes
C018762,60,Male,Loyal,No
C018763,19,Male,New,No
C018764,63,Female,Loyal,No
C018765,32,Female,Returning,No
C018766,30,Female,Returning,Yes
C018767,28,Female,Returning,No
C018768,72,Male,New,Yes
C018769,48,Female,New,Yes
C018770,60,Female,New,No
C018771,29,Male,Returning,No
C018772,19,Male,Returning,No
C018773,18,Male,Returning,No
C018774,44,Male,New,No
C018775,37,Female,New,No
C018776,65,Female,Loyal,No
C018777,67,Male,Loyal,No
C018778,36,Male,New,Yes
C018779,44,Female,New,No
C018780,40,Other,New,No
C018781,59,Male,Returning,No
C018782,56,Female,Loyal,No
C018783,58,Male,Loyal,No
C018784,19,Female,Loyal,Yes
C018785,37,Male,Loyal,No
C018786,78,Female,Returning,No
C018787,38,Male,New,No
C018788,27,Male,New,No
C018789,28,Female,New,No
C018790,17,Male,New,No
C018791,66,Female,New,Yes
C018792,16,Female,New,Yes
C018793,54,Female,New,No
C018794,41,Male,Loyal,No
C018795,22,Male,Returning,No
C018796,73,Female,Returning,No
C018797,64,Male,New,Yes
C018798,69,Male,Returning,No
C018799,76,Female,Loyal,No
C018800,75,Other,New,No
C018801,61,Female,Loyal,No
C018802,50,Male,Loyal,Yes
C018803,61,Male,Loyal,Yes
C018804,45,Male,Returning,Yes
C018805,27,Female,New,Yes
C018806,41,Female,New,No
C018807,46,Male,Returning,No
C018808,19,Male,Loyal,No
C018809,71,Male,Returning,No
C018810,75,Male,New,No
C018811,43,Male,New,No
C018812,48,Female,Returning,No
C018813,70,Female,Loyal,No
C018814,45,Female,New,No
C018815,60,Female,New,No
C018816,49,Male,Returning,No
C018817,33,Female,New,No
C018818,67,Female,New,No
C018819,28,Female,New,Yes
C018820,30,Male,Returning,No
C018821,60,Female,New,No
C018822,62,Female,New,No
C018823,78,Male,Returning,No
C018824,62,Female,Returning,No
C018825,17,Male,Returning,Yes
C018826,71,Female,Returning,Yes
C018827,42,Male,Returning,No
C018828,16,Female,Loyal,No
C018829,53,Female,New,No
C018830,27,Female,New,Yes
C018831,43,Male,Returning,No
C018832,46,Male,New,No
C018833,20,Female,New,No
C018834,71,Male,New,No
C018835,49,Female,Loyal,Yes
C018836,78,Male,Loyal,No
C018837,46,Male,New,Yes
C018838,54,Female,New,No
C018839,68,Female,New,No
C018840,29,Male,New,No
C018841,75,Male,New,No
C018842,27,Male,New,No
C018843,80,Female,Returning,No
C018844,57,Male,Loyal,No
C018845,49,Female,New,No
C018846,29,Other,New,No
C018847,52,Male,Returning,No
C018848,51,Male,New,Yes
C018849,79,Male,New,No
C018850,70,Male,New,No
C018851,47,Female,Returning,Yes
C018852,41,Male,New,No
C018853,41,Female,New,Yes
C018854,40,Female,Returning,No
C018855,16,Female,New,No
C018856,18,Female,Loyal,No
C018857,64,Female,Returning,Yes
C018858,32,Female,New,No
C018859,42,Female,New,No
C018860,61,Female,Loyal,No
C018861,55,Female,New,No
C018862,39,Male,New,No
C018863,64,Male,New,No
C018864,26,Male,Loyal,Yes
C018865,46,Male,Loyal,No
C018866,22,Male,Returning,Yes
C018867,50,Female,New,No
C018868,22,Female,New,No
C018869,77,Female,New,No
C018870,58,Female,New,No
C018871,31,Male,Loyal,Yes
C018872,55,Female,Returning,Yes
C018873,38,Male,New,No
C018874,49,Female,Loyal,No
C018875,26,Male,New,No
C018876,48,Female,Returning,Yes
C018877,22,Male,New,Yes
C018878,25,Male,Returning,No
C018879,53,Female,New,No
C018880,48,Female,New,No
C018881,35,Male,Loyal,No
C018882,19,Female,Loyal,No
C018883,43,Female,Returning,No
C018884,76,Male,Loyal,No
C018885,62,Male,New,No
C018886,19,Female,Returning,No
C018887,76,Female,New,Yes
C018888,43,Female,New,Yes
C018889,53,Male,Returning,No
C018890,16,Female,Returning,No
C018891,36,Female,Returning,No
C018892,67,Female,Returning,No
C018893,37,Male,Returning,Yes
C018894,26,Female,Returning,No
C018895,21,Male,Loyal,Yes
C018896,76,Female,New,Yes
C018897,68,Male,Returning,No
C018898,18,Female,Loyal,No
C018899,76,Male,Returning,No
C018900,69,Male,Loyal,No
C018901,39,Female,Returning,No
C018902,58,Female,Loyal,No
C018903,32,Male,Loyal,No
C018904,32,Female,Returning,No
C018905,62,Male,New,No
C018906,29,Male,Returning,No
C018907,39,Female,New,No
C018908,39,Female,New,No
C018909,25,Female,Returning,No
C018910,69,Male,Returning,Yes
C018911,59,Female,Loyal,No
C018912,72,Male,New,No
C018913,50,Male,New,No
C018914,27,Male,Returning,No
C018915,34,Female,Returning,No
C018916,38,Female,New,No
C018917,77,Female,New,No
C018918,31,Female,New,No
C018919,61,Female,Loyal,No
C018920,23,Male,New,No
C018921,78,Female,Returning,Yes
C018922,58,Female,Loyal,No
C018923,43,Male,New,No
C018924,38,Male,Loyal,No
C018925,39,Female,Returning,No
C018926,30,Female,Returning,Yes
C018927,54,Female,Loyal,No
C018928,72,Female,New,No
C018929,31,Female,Loyal,No
C018930,64,Female,New,No
C018931,52,Male,New,No
C018932,66,Male,New,No
C018933,66,Female,Returning,No
C018934,18,Female,New,Yes
C018935,17,Male,New,No
C018936,75,Male,New,No
C018937,26,Male,New,No
C018938,53,Male,New,No
C018939,64,Male,Returning,No
C018940,48,Male,Returning,No
C018941,16,Female,Returning,No
C018942,16,Male,Returning,Yes
C018943,59,Male,New,No
C018944,74,Female,New,Yes
C018945,38,Male,Returning,No
C018946,51,Female,Returning,No
C018947,76,Male,Returning,No
C018948,69,Female,New,Yes
C018949,51,Male,Returning,No
C018950,58,Female,Returning,Yes
C018951,78,Male,Returning,No
C018952,67,Male,Loyal,No
C018953,43,Female,Returning,No
C018954,61,Female,Loyal,No
C018955,37,Female,Returning,Yes
C018956,75,Male,Loyal,Yes
C018957,22,Male,Loyal,No
C018958,30,Female,New,Yes
C018959,38,Male,New,Yes
C018960,29,Male,Loyal,No
C018961,54,Male,Returning,Yes
C018962,62,Female,Returning,No
C018963,73,Female,Returning,No
C018964,48,Male,New,No
C018965,56,Female,Loyal,No
C018966,54,Female,Returning,No
C018967,16,Male,Loyal,No
C018968,62,Female,Returning,No
C018969,17,Male,New,Yes
C018970,51,Other,Loyal,Yes
C018971,80,Male,Returning,No
C018972,67,Male,Loyal,No
C018973,48,Male,New,Yes
C018974,36,Male,Returning,No
C018975,70,Male,Returning,No
C018976,71,Male,Returning,No
C018977,39,Male,Loyal,Yes
C018978,22,Female,Loyal,No
C018979,53,Female,New,No
C018980,57,Female,Loyal,No
C018981,76,Male,Loyal,No
C018982,73,Male,Loyal,No
C018983,30,Other,Loyal,No
C018984,32,Male,Returning,No
C018985,80,Male,Loyal,No
C018986,37,Female,Returning,No
C018987,45,Female,New,No
C018988,35,Male,Loyal,Yes
C018989,41,Female,New,No
C018990,52,Male,Returning,No
C018991,35,Male,New,No
C018992,42,Female,New,No
C018993,38,Male,Loyal,Yes
C018994,23,Male,Returning,Yes
C018995,67,Male,Returning,No
C018996,73,Male,Returning,No
C018997,47,Female,Returning,Yes
C018998,29,Male,New,No
C018999,57,Female,Returning,Yes
C019000,50,Female,New,Yes
C019001,51,Female,Loyal,No
C019002,54,Male,New,No
C019003,62,Male,Loyal,No
C019004,18,Female,New,Yes
C019005,22,Male,New,No
C019006,22,Male,Loyal,No
C019007,26,Male,Returning,Yes
C019008,79,Female,New,Yes
C019009,63,Female,Returning,No
C019010,59,Female,New,No
C019011,61,Male,New,No
C019012,18,Female,New,No
C019013,29,Female,New,No
C019014,67,Other,New,Yes
C019015,46,Female,Returning,No
C019016,49,Male,Loyal,Yes
C019017,64,Other,New,No
C019018,20,Female,Returning,No
C019019,67,Female,New,No
C019020,60,Female,Loyal,No
C019021,42,Male,New,No
C019022,48,Female,New,No
C019023,20,Female,Loyal,Yes
C019024,29,Female,Returning,No
C019025,32,Male,New,No
C019026,73,Male,Returning,No
C019027,23,Male,New,No
C019028,34,Male,New,Yes
C019029,24,Male,Returning,No
C019030,34,Male,Loyal,No
C019031,16,Male,Loyal,Yes
C019032,33,Female,Returning,No
C019033,63,Female,New,No
C019034,65,Female,Returning,No
C019035,40,Female,Loyal,Yes
C019036,61,Male,Returning,Yes
C019037,56,Female,New,Yes
C019038,74,Female,Loyal,No
C019039,68,Male,Loyal,No
C019040,30,Other,New,No
C019041,54,Male,Returning,No
C019042,67,Female,Loyal,Yes
C019043,35,Male,New,No
C019044,53,Female,Loyal,No
C019045,42,Male,New,No
C019046,36,Male,New,No
C019047,28,Male,Loyal,No
C019048,18,Female,Loyal,No
C019049,64,Male,New,No
C019050,69,Female,Loyal,Yes
C019051,58,Female,Returning,Yes
C019052,31,Male,Loyal,No
C019053,17,Female,Returning,No
C019054,57,Female,Loyal,Yes
C019055,28,Female,Returning,No
C019056,51,Female,Loyal,No
C019057,79,Female,Returning,No
C019058,16,Male,Returning,No
C019059,53,Female,New,No
C019060,80,Other,New,Yes
C019061,37,Male,Loyal,No
C019062,68,Male,Returning,Yes
C019063,69,Male,Returning,No
C019064,47,Male,New,No
C019065,35,Female,Returning,No
C019066,60,Male,Returning,No
C019067,56,Female,Loyal,No
C019068,46,Female,New,Yes
C019069,28,Male,New,No
C019070,64,Female,New,No
C019071,29,Male,New,No
C019072,24,Other,Returning,Yes
C019073,20,Male,Returning,No
C019074,45,Female,Returning,No
C019075,23,Female,Loyal,No
C019076,37,Female,Loyal,No
C019077,31,Female,Returning,No
C019078,45,Male,Returning,No
C019079,66,Male,Returning,No
C019080,45,Male,Returning,Yes
C019081,52,Male,New,No
C019082,25,Female,New,No
C019083,23,Female,New,No
C019084,79,Male,Returning,No
C019085,56,Female,New,No
C019086,17,Female,Returning,Yes
C019087,52,Male,Loyal,No
C019088,16,Female,New,No
C019089,21,Female,New,No
C019090,40,Female,Returning,No
C019091,58,Female,Returning,No
C019092,56,Male,New,No
C019093,67,Female,Returning,No
C019094,27,Male,New,No
C019095,28,Female,Returning,Yes
C019096,50,Female,Returning,No
C019097,72,Female,Returning,Yes
C019098,62,Male,Loyal,No
C019099,59,Male,New,Yes
C019100,22,Male,Returning,No
C019101,73,Male,New,No
C019102,79,Female,Loyal,Yes
C019103,53,Male,New,No
C019104,37,Male,Returning,No
C019105,59,Male,Returning,No
C019106,57,Female,Loyal,Yes
C019107,76,Male,Returning,No
C019108,23,Male,Returning,No
C019109,49,Male,Returning,No
C019110,62,Female,Returning,Yes
C019111,38,Female,New,No
C019112,70,Female,New,Yes
C019113,20,Male,New,No
C019114,22,Female,Returning,No
C019115,67,Male,Returning,Yes
C019116,24,Female,Loyal,No
C019117,43,Female,Returning,Yes
C019118,34,Female,New,No
C019119,60,Male,Returning,No
C019120,16,Female,Returning,No
C019121,39,Male,Returning,No
C019122,80,Male,Returning,No
C019123,39,Other,Returning,No
C019124,54,Male,Loyal,No
C019125,80,Male,New,No
C019126,55,Male,Loyal,Yes
C019127,65,Female,Loyal,No
C019128,78,Female,New,No
C019129,56,Male,Loyal,Yes
C019130,70,Female,New,No
C019131,49,Female,Returning,No
C019132,68,Male,New,Yes
C019133,57,Male,New,No
C019134,38,Female,Returning,No
C019135,52,Male,Returning,No
C019136,37,Female,New,No
C019137,41,Female,Returning,Yes
C019138,34,Male,Returning,No
C019139,47,Female,New,No
C019140,38,Male,Loyal,No
C019141,56,Male,Loyal,No
C019142,40,Female,New,Yes
C019143,47,Female,Loyal,No
C019144,25,Male,Loyal,Yes
C019145,41,Male,Returning,No
C019146,39,Male,Loyal,No
C019147,78,Male,Loyal,No
C019148,45,Male,Loyal,No
C019149,17,Female,New,Yes
C019150,36,Female,Loyal,No
C019151,63,Female,New,No
C019152,26,Female,Returning,No
C019153,26,Male,New,No
C019154,40,Male,Loyal,Yes
C019155,39,Male,Loyal,No
C019156,47,Male,Returning,Yes
C019157,18,Female,Returning,No
C019158,62,Female,New,No
C019159,29,Female,New,Yes
C019160,62,Male,Loyal,No
C019161,52,Male,Returning,No
C019162,29,Male,Loyal,Yes
C019163,46,Male,Loyal,No
C019164,18,Female,Returning,No
C019165,61,Female,Returning,Yes
C019166,35,Female,New,Yes
C019167,40,Male,New,Yes
C019168,26,Female,Loyal,No
C019169,39,Male,Loyal,No
C019170,41,Female,New,No
C019171,30,Male,Returning,Yes
C019172,79,Male,Returning,No
C019173,34,Female,Returning,No
C019174,27,Male,Returning,Yes
C019175,51,Male,New,No
C019176,36,Male,Returning,No
C019177,45,Female,Loyal,No
C019178,63,Male,New,No
C019179,21,Female,Returning,No
C019180,49,Female,Returning,No
C019181,17,Female,Loyal,No
C019182,18,Male,Loyal,Yes
C019183,22,Female,Returning,No
C019184,26,Male,Returning,No
C019185,38,Female,Loyal,No
C019186,76,Female,New,No
C019187,74,Male,Returning,No
C019188,22,Female,New,No
C019189,80,Female,New,No
C019190,57,Female,Loyal,Yes
C019191,51,Female,New,Yes
C019192,67,Female,Loyal,Yes
C019193,47,Male,Loyal,No
C019194,33,Male,Returning,Yes
C019195,50,Female,New,No
C019196,63,Female,Returning,Yes
C019197,60,Male,Loyal,No
C019198,27,Female,New,No
C019199,76,Female,New,No
C019200,34,Female,Returning,Yes
C019201,69,Male,Returning,No
C019202,36,Male,Returning,No
C019203,20,Female,New,No
C019204,80,Female,New,No
C019205,54,Male,New,No
C019206,29,Female,Returning,No
C019207,16,Female,Loyal,Yes
C019208,24,Male,Loyal,No
C019209,27,Female,Returning,Yes
C019210,76,Female,Returning,No
C019211,27,Male,Returning,No
C019212,26,Male,Returning,No
C019213,70,Female,Loyal,No
C019214,73,Female,Returning,No
C019215,29,Female,New,No
C019216,58,Female,Returning,No
C019217,50,Female,New,No
C019218,53,Female,Returning,No
C019219,36,Female,Loyal,No
C019220,64,Female,Returning,Yes
C019221,73,Female,New,No
C019222,63,Male,Returning,No
C019223,74,Male,New,Yes
C019224,23,Other,Returning,No
C019225,58,Male,New,No
C019226,80,Male,Returning,Yes
C019227,50,Female,Loyal,Yes
C019228,77,Male,New,Yes
C019229,38,Female,Returning,No
C019230,74,Male,Returning,No
C019231,77,Male,Loyal,No
C019232,56,Female,Loyal,No
C019233,61,Male,Returning,No
C019234,49,Male,New,No
C019235,36,Male,Returning,No
C019236,50,Female,Returning,No
C019237,78,Female,Loyal,No
C019238,16,Male,Loyal,No
C019239,29,Female,Returning,Yes
C019240,48,Male,Returning,No
C019241,38,Female,Returning,No
C019242,56,Female,Loyal,Yes
C019243,39,Male,Returning,No
C019244,58,Male,Returning,No
C019245,22,Male,Returning,No
C019246,37,Male,New,No
C019247,61,Male,Loyal,No
C019248,46,Male,New,No
C019249,62,Male,Loyal,No
C019250,57,Male,Returning,No
C019251,37,Male,New,No
C019252,43,Male,Loyal,No
C019253,78,Male,Loyal,Yes
C019254,78,Male,New,No
C019255,18,Male,New,Yes
C019256,61,Male,Returning,Yes
C019257,47,Male,Returning,Yes
C019258,16,Male,New,Yes
C019259,57,Female,Returning,Yes
C019260,17,Female,Returning,No
C019261,36,Female,Loyal,Yes
C019262,60,Female,Loyal,No
C019263,68,Female,New,Yes
C019264,42,Female,Returning,No
C019265,68,Female,Returning,No
C019266,70,Male,Returning,No
C019267,45,Male,New,Yes
C019268,27,Male,Returning,No
C019269,58,Female,Loyal,Yes
C019270,16,Female,New,Yes
C019271,74,Female,New,Yes
C019272,41,Female,Returning,No
C019273,65,Female,Loyal,Yes
C019274,63,Male,Returning,No
C019275,46,Female,New,No
C019276,79,Male,Loyal,No
C019277,67,Female,Returning,No
C019278,73,Female,Returning,Yes
C019279,22,Male,New,No
C019280,47,Female,New,Yes
C019281,77,Female,Returning,No
C019282,68,Male,Loyal,No
C019283,45,Male,Loyal,No
C019284,20,Male,Loyal,No
C019285,34,Male,Returning,No
C019286,53,Female,Returning,No
C019287,57,Female,Returning,No
C019288,76,Male,Returning,No
C019289,22,Male,New,No
C019290,41,Male,Loyal,Yes
C019291,33,Male,New,No
C019292,78,Female,Loyal,No
C019293,26,Male,Loyal,No
C019294,30,Female,New,No
C019295,35,Female,New,No
C019296,22,Female,Returning,No
C019297,57,Female,Returning,No
C019298,50,Male,Returning,Yes
C019299,52,Male,New,No
C019300,74,Male,Loyal,Yes
C019301,44,Female,Returning,No
C019302,36,Female,Returning,No
C019303,40,Female,Loyal,No
C019304,68,Male,Loyal,No
C019305,50,Female,Returning,No
C019306,26,Female,Loyal,No
C019307,60,Male,Loyal,No
C019308,64,Female,Loyal,No
C019309,32,Male,Loyal,Yes
C019310,52,Female,New,Yes
C019311,52,Female,Loyal,No
C019312,27,Male,Loyal,Yes
C019313,16,Female,Returning,No
C019314,62,Female,Returning,No
C019315,56,Male,Returning,No
C019316,62,Female,Returning,No
C019317,40,Female,New,No
C019318,49,Female,Returning,No
C019319,79,Male,New,No
C019320,30,Male,Returning,Yes
C019321,58,Male,Loyal,Yes
C019322,24,Male,New,No
C019323,20,Female,Loyal,No
C019324,78,Female,Returning,No
C019325,24,Male,Loyal,No
C019326,58,Female,New,No
C019327,49,Male,New,No
C019328,68,Male,Returning,No
C019329,51,Male,Returning,No
C019330,61,Female,Returning,Yes
C019331,74,Male,Returning,Yes
C019332,69,Male,Returning,Yes
C019333,62,Female,Loyal,No
C019334,26,Male,New,Yes
C019335,27,Female,New,Yes
C019336,48,Female,Loyal,No
C019337,58,Male,New,No
C019338,59,Male,Returning,No
C019339,67,Female,Returning,No
C019340,22,Female,New,No
C019341,27,Male,New,Yes
C019342,25,Female,New,Yes
C019343,51,Male,New,Yes
C019344,57,Male,New,Yes
C019345,23,Female,New,No
C019346,72,Male,Loyal,Yes
C019347,35,Female,Loyal,No
C019348,58,Female,New,Yes
C019349,64,Male,Returning,Yes
C019350,18,Female,Returning,No
C019351,72,Female,New,No
C019352,79,Male,New,Yes
C019353,78,Female,Returning,No
C019354,25,Female,New,Yes
C019355,41,Male,Loyal,No
C019356,31,Female,Loyal,No
C019357,45,Female,Returning,Yes
C019358,79,Female,Loyal,No
C019359,65,Male,New,No
C019360,66,Female,Returning,Yes
C019361,43,Male,New,Yes
C019362,76,Female,Returning,Yes
C019363,75,Male,New,No
C019364,68,Male,New,Yes
C019365,68,Male,Returning,No
C019366,58,Male,New,Yes
C019367,22,Female,New,No
C019368,34,Female,Loyal,Yes
C019369,65,Female,New,Yes
C019370,37,Female,New,Yes
C019371,27,Female,New,No
C019372,77,Male,Returning,Yes
C019373,47,Female,Loyal,No
C019374,71,Male,Loyal,No
C019375,34,Male,Returning,No
C019376,39,Female,Returning,Yes
C019377,38,Female,Loyal,No
C019378,40,Male,Loyal,Yes
C019379,44,Female,Loyal,No
C019380,35,Female,New,No
C019381,68,Male,Returning,No
C019382,37,Male,New,No
C019383,44,Female,Returning,No
C019384,71,Female,Loyal,No
C019385,44,Female,Returning,No
C019386,16,Female,Loyal,No
C019387,16,Female,New,Yes
C019388,44,Male,Returning,No
C019389,58,Male,Loyal,No
C019390,77,Female,New,No
C019391,24,Other,New,No
C019392,51,Male,Returning,No
C019393,34,Female,Loyal,No
C019394,45,Male,Returning,No
C019395,44,Male,New,No
C019396,36,Female,Returning,No
C019397,17,Female,Returning,No
C019398,20,Male,Returning,No
C019399,49,Female,New,Yes
C019400,30,Female,New,No
C019401,37,Male,Returning,No
C019402,21,Male,New,No
C019403,19,Male,New,No
C019404,24,Female,Loyal,No
C019405,40,Female,Loyal,No
C019406,26,Male,New,No
C019407,31,Male,Returning,No
C019408,35,Male,Returning,No
C019409,34,Female,Returning,Yes
C019410,16,Male,Returning,No
C019411,23,Female,Returning,No
C019412,77,Female,Returning,No
C019413,59,Male,New,Yes
C019414,24,Female,Returning,Yes
C019415,34,Male,Returning,No
C019416,40,Male,New,No
C019417,74,Male,New,No
C019418,73,Female,New,No
C019419,66,Female,Returning,No
C019420,22,Male,New,No
C019421,47,Male,Returning,No
C019422,47,Male,Returning,No
C019423,57,Female,Returning,Yes
C019424,70,Male,New,Yes
C019425,36,Female,Returning,Yes
C019426,52,Female,Loyal,Yes
C019427,33,Female,Returning,Yes
C019428,29,Female,Returning,No
C019429,36,Female,Loyal,Yes
C019430,63,Female,Returning,No
C019431,44,Female,Returning,No
C019432,60,Male,Returning,No
C019433,60,Female,New,No
C019434,39,Male,New,No
C019435,78,Male,Returning,No
C019436,19,Female,Returning,No
C019437,74,Male,Returning,Yes
C019438,16,Female,New,No
C019439,40,Female,Loyal,No
C019440,69,Male,Returning,No
C019441,60,Male,Returning,No
C019442,36,Female,New,No
C019443,73,Male,Returning,No
C019444,24,Male,New,No
C019445,59,Female,Returning,No
C019446,49,Female,Loyal,No
C019447,29,Male,Returning,Yes
C019448,75,Male,Loyal,No
C019449,65,Male,Returning,No
C019450,16,Male,New,No
C019451,21,Female,Loyal,No
C019452,19,Female,Loyal,No
C019453,43,Male,Returning,No
C019454,43,Male,New,No
C019455,63,Male,Returning,No
C019456,59,Male,New,No
C019457,16,Female,Loyal,No
C019458,46,Female,Returning,No
C019459,67,Male,New,No
C019460,74,Female,New,No
C019461,34,Female,New,No
C019462,18,Female,Loyal,Yes
C019463,25,Female,New,No
C019464,38,Male,Returning,No
C019465,44,Female,New,No
C019466,38,Female,Returning,No
C019467,21,Male,Returning,No
C019468,38,Male,New,No
C019469,34,Male,New,No
C019470,47,Male,New,No
C019471,21,Male,Loyal,Yes
C019472,67,Male,Returning,No
C019473,43,Female,New,Yes
C019474,36,Female,Returning,No
C019475,74,Female,New,Yes
C019476,64,Male,Loyal,No
C019477,24,Male,New,Yes
C019478,25,Male,Loyal,No
C019479,16,Male,Returning,No
C019480,52,Male,Returning,No
C019481,39,Female,New,No
C019482,40,Female,New,No
C019483,49,Male,New,No
C019484,51,Female,Loyal,No
C019485,16,Male,Loyal,No
C019486,23,Female,New,No
C019487,67,Female,Loyal,No
C019488,77,Male,Returning,No
C019489,70,Female,Loyal,Yes
C019490,74,Male,Loyal,No
C019491,46,Female,Loyal,No
C019492,69,Female,Returning,Yes
C019493,73,Male,Returning,Yes
C019494,74,Female,Returning,Yes
C019495,25,Male,New,No
C019496,25,Female,Returning,No
C019497,42,Male,Loyal,Yes
C019498,48,Female,New,No
C019499,78,Female,Returning,No
C019500,36,Male,New,No
C019501,70,Male,Returning,No
C019502,73,Male,New,No
C019503,78,Male,Loyal,No
C019504,28,Male,Loyal,No
C019505,31,Female,New,Yes
C019506,30,Male,New,No
C019507,63,Male,New,No
C019508,60,Male,New,Yes
C019509,42,Male,Returning,No
C019510,21,Female,New,No
C019511,49,Male,Returning,Yes
C019512,63,Male,New,No
C019513,46,Female,New,Yes
C019514,33,Male,Loyal,No
C019515,54,Male,Loyal,No
C019516,58,Male,New,Yes
C019517,54,Male,Returning,No
C019518,72,Female,New,No
C019519,36,Female,Loyal,Yes
C019520,55,Female,Loyal,No
C019521,71,Male,Returning,No
C019522,29,Female,Returning,Yes
C019523,34,Male,Loyal,No
C019524,19,Male,New,Yes
C019525,40,Male,Returning,No
C019526,18,Female,New,No
C019527,64,Female,New,No
C019528,21,Male,Returning,No
C019529,61,Male,New,No
C019530,53,Female,New,No
C019531,80,Female,New,No
C019532,38,Male,Loyal,No
C019533,38,Male,New,No
C019534,31,Male,Returning,No
C019535,50,Female,New,No
C019536,30,Male,Loyal,No
C019537,23,Female,New,No
C019538,77,Male,Returning,No
C019539,60,Female,Returning,No
C019540,23,Female,Returning,Yes
C019541,56,Female,Loyal,Yes
C019542,35,Female,New,No
C019543,27,Female,New,No
C019544,46,Male,New,Yes
C019545,67,Female,Returning,Yes
C019546,16,Male,Loyal,No
C019547,39,Female,New,No
C019548,75,Female,Loyal,No
C019549,41,Female,New,No
C019550,22,Male,New,No
C019551,43,Female,Returning,Yes
C019552,60,Male,Loyal,No
C019553,80,Female,New,Yes
C019554,56,Female,Loyal,Yes
C019555,19,Female,New,No
C019556,68,Male,Loyal,No
C019557,66,Female,New,No
C019558,58,Female,New,Yes
C019559,74,Female,Loyal,No
C019560,66,Female,New,No
C019561,31,Female,Returning,No
C019562,43,Male,Loyal,No
C019563,48,Male,New,No
C019564,47,Female,Returning,No
C019565,57,Female,Returning,No
C019566,61,Female,New,Yes
C019567,22,Other,New,No
C019568,52,Male,New,No
C019569,18,Female,Returning,No
C019570,49,Male,New,No
C019571,43,Female,Returning,No
C019572,29,Female,Returning,No
C019573,80,Male,Returning,No
C019574,32,Male,Loyal,No
C019575,19,Male,Returning,Yes
C019576,39,Male,Loyal,No
C019577,65,Male,Returning,No
C019578,16,Female,Loyal,Yes
C019579,48,Female,Loyal,Yes
C019580,43,Female,Returning,Yes
C019581,72,Male,Returning,No
C019582,16,Female,New,Yes
C019583,17,Female,Returning,Yes
C019584,52,Female,Returning,No
C019585,27,Female,Returning,No
C019586,61,Male,New,Yes
C019587,34,Female,Loyal,Yes
C019588,52,Male,New,No
C019589,18,Male,Loyal,No
C019590,61,Female,Loyal,No
C019591,49,Male,New,No
C019592,16,Female,Returning,No
C019593,33,Male,Returning,Yes
C019594,19,Male,Loyal,Yes
C019595,18,Female,Loyal,No
C019596,61,Female,Returning,No
C019597,43,Male,Loyal,Yes
C019598,68,Female,New,No
C019599,32,Male,New,No
C019600,62,Female,Returning,No
C019601,55,Female,Loyal,Yes
C019602,59,Male,New,No
C019603,69,Female,Returning,No
C019604,61,Other,New,No
C019605,64,Male,New,No
C019606,64,Male,Loyal,No
C019607,45,Female,Returning,No
C019608,63,Male,Returning,No
C019609,70,Male,Returning,No
C019610,63,Male,Returning,No
C019611,55,Male,New,Yes
C019612,20,Female,Returning,No
C019613,44,Female,Loyal,Yes
C019614,20,Other,New,Yes
C019615,22,Female,New,No
C019616,39,Female,Returning,No
C019617,46,Female,Returning,No
C019618,50,Male,New,No
C019619,74,Male,Returning,No
C019620,65,Male,Loyal,Yes
C019621,43,Female,New,No
C019622,37,Female,New,No
C019623,62,Female,Returning,Yes
C019624,33,Male,Returning,No
C019625,73,Female,New,Yes
C019626,66,Male,Returning,Yes
C019627,60,Female,Returning,No
C019628,32,Male,Returning,No
C019629,56,Male,Returning,No
C019630,69,Male,New,No
C019631,20,Male,New,No
C019632,27,Male,Loyal,No
C019633,49,Male,Returning,No
C019634,39,Female,Returning,Yes
C019635,62,Male,Returning,No
C019636,42,Male,New,Yes
C019637,80,Female,Loyal,No
C019638,35,Female,Returning,No
C019639,39,Male,New,No
C019640,16,Male,New,No
C019641,32,Male,New,Yes
C019642,31,Female,New,No
C019643,65,Male,Returning,No
C019644,37,Female,New,No
C019645,29,Female,Returning,No
C019646,36,Male,Returning,Yes
C019647,52,Female,New,No
C019648,67,Female,New,No
C019649,79,Female,New,No
C019650,19,Female,Returning,No
C019651,70,Female,Returning,No
C019652,41,Female,New,Yes
C019653,68,Female,New,No
C019654,18,Male,Loyal,No
C019655,56,Female,Returning,No
C019656,76,Male,Returning,No
C019657,18,Male,Returning,Yes
C019658,67,Female,New,No
C019659,23,Female,Returning,No
C019660,79,Female,Returning,No
C019661,64,Male,New,No
C019662,75,Male,New,No
C019663,74,Female,Returning,No
C019664,36,Female,New,No
C019665,43,Female,Loyal,No
C019666,60,Male,Returning,No
C019667,27,Female,Loyal,No
C019668,35,Male,New,No
C019669,22,Male,Returning,Yes
C019670,73,Male,New,No
C019671,32,Female,Loyal,Yes
C019672,42,Female,Returning,Yes
C019673,45,Female,Returning,No
C019674,40,Male,New,No
C019675,66,Female,Returning,No
C019676,75,Female,Returning,No
C019677,53,Female,New,No
C019678,70,Male,Returning,No
C019679,23,Male,Returning,No
C019680,78,Male,Returning,No
C019681,23,Male,New,No
C019682,20,Male,Returning,No
C019683,17,Male,New,No
C019684,31,Female,Returning,No
C019685,70,Female,Loyal,No
C019686,35,Male,New,Yes
C019687,67,Male,Loyal,No
C019688,43,Male,Loyal,No
C019689,22,Female,New,No
C019690,46,Male,New,No
C019691,31,Female,Loyal,No
C019692,34,Male,Loyal,Yes
C019693,49,Female,New,No
C019694,67,Female,Loyal,No
C019695,54,Female,New,No
C019696,30,Female,New,No
C019697,62,Female,Loyal,No
C019698,61,Male,New,No
C019699,31,Male,Loyal,No
C019700,71,Male,New,No
C019701,70,Male,New,Yes
C019702,55,Male,Loyal,Yes
C019703,35,Male,New,Yes
C019704,39,Female,Returning,No
C019705,44,Female,Loyal,Yes
C019706,28,Male,Loyal,No
C019707,35,Female,Loyal,No
C019708,24,Male,Loyal,No
C019709,26,Male,New,No
C019710,64,Female,Returning,No
C019711,24,Female,Returning,Yes
C019712,46,Male,Returning,Yes
C019713,43,Male,Returning,No
C019714,19,Female,New,Yes
C019715,70,Male,Loyal,No
C019716,79,Female,Returning,No
C019717,57,Female,Returning,Yes
C019718,59,Male,Returning,No
C019719,31,Female,New,No
C019720,70,Male,Returning,No
C019721,66,Female,Returning,No
C019722,44,Male,Loyal,Yes
C019723,61,Male,Loyal,No
C019724,78,Male,Loyal,No
C019725,55,Male,Loyal,No
C019726,28,Male,Loyal,Yes
C019727,37,Male,New,No
C019728,28,Male,Returning,No
C019729,37,Female,New,No
C019730,73,Female,Returning,Yes
C019731,28,Female,Loyal,No
C019732,73,Male,Returning,Yes
C019733,34,Female,Returning,No
C019734,48,Male,Returning,No
C019735,50,Female,New,No
C019736,24,Female,Loyal,No
C019737,27,Male,New,Yes
C019738,35,Male,New,No
C019739,19,Female,New,Yes
C019740,65,Male,Loyal,Yes
C019741,51,Female,Returning,No
C019742,70,Female,Returning,Yes
C019743,72,Female,New,No
C019744,38,Female,New,No
C019745,69,Female,New,Yes
C019746,19,Female,New,No
C019747,43,Male,Returning,Yes
C019748,59,Male,New,Yes
C019749,46,Female,Returning,No
C019750,64,Male,Returning,Yes
C019751,71,Male,Returning,No
C019752,43,Female,Loyal,No
C019753,33,Female,New,No
C019754,53,Female,Returning,No
C019755,72,Male,New,No
C019756,80,Female,Loyal,No
C019757,69,Female,Loyal,No
C019758,31,Female,New,No
C019759,29,Female,New,Yes
C019760,53,Female,New,No
C019761,42,Male,New,No
C019762,55,Male,New,No
C019763,76,Female,New,No
C019764,51,Female,New,No
C019765,39,Female,New,Yes
C019766,72,Female,New,Yes
C019767,44,Male,New,Yes
C019768,55,Male,Returning,Yes
C019769,24,Male,Loyal,Yes
C019770,49,Female,New,No
C019771,43,Male,New,Yes
C019772,23,Male,Loyal,No
C019773,29,Female,New,No
C019774,61,Male,New,No
C019775,27,Male,Returning,Yes
C019776,24,Male,New,No
C019777,19,Female,Returning,Yes
C019778,17,Female,Loyal,No
C019779,44,Male,Returning,No
C019780,47,Female,Loyal,No
C019781,56,Male,New,No
C019782,53,Female,New,No
C019783,50,Female,Returning,No
C019784,80,Male,Returning,Yes
C019785,32,Male,Returning,No
C019786,62,Female,Returning,No
C019787,21,Male,New,No
C019788,71,Male,Loyal,No
C019789,39,Male,New,No
C019790,38,Female,Loyal,Yes
C019791,24,Male,New,No
C019792,49,Male,Returning,No
C019793,41,Male,Returning,Yes
C019794,79,Male,Returning,No
C019795,27,Female,Loyal,Yes
C019796,43,Female,Returning,No
C019797,74,Female,Returning,No
C019798,68,Female,Loyal,No
C019799,65,Male,New,No
C019800,50,Male,Returning,No
C019801,72,Male,Returning,No
C019802,30,Male,New,No
C019803,68,Male,New,No
C019804,53,Male,New,No
C019805,38,Female,New,No
C019806,30,Male,Returning,No
C019807,49,Female,Returning,Yes
C019808,16,Female,New,No
C019809,62,Male,Returning,Yes
C019810,31,Male,New,No
C019811,41,Female,Loyal,No
C019812,28,Male,Returning,No
C019813,46,Male,New,No
C019814,40,Female,New,No
C019815,28,Male,Loyal,No
C019816,73,Male,Returning,No
C019817,65,Male,New,Yes
C019818,41,Female,Returning,No
C019819,19,Female,Returning,No
C019820,70,Female,Loyal,No
C019821,61,Female,Loyal,No
C019822,52,Male,New,No
C019823,55,Male,Returning,No
C019824,16,Female,Loyal,Yes
C019825,46,Female,New,No
C019826,28,Female,Loyal,No
C019827,58,Female,Returning,No
C019828,76,Male,New,No
C019829,50,Male,Loyal,No
C019830,55,Female,Returning,No
C019831,59,Female,New,No
C019832,76,Male,Returning,No
C019833,18,Female,Returning,No
C019834,36,Male,Returning,No
C019835,33,Male,New,No
C019836,62,Female,Returning,Yes
C019837,45,Male,Loyal,No
C019838,66,Male,Loyal,No
C019839,46,Female,New,No
C019840,79,Female,Loyal,No
C019841,65,Male,New,No
C019842,17,Female,Loyal,No
C019843,80,Male,New,No
C019844,77,Female,Loyal,No
C019845,18,Female,Loyal,No
C019846,41,Male,Loyal,No
C019847,79,Male,New,No
C019848,70,Male,Loyal,Yes
C019849,46,Female,New,Yes
C019850,51,Male,Returning,No
C019851,17,Female,Loyal,Yes
C019852,52,Male,Returning,No
C019853,59,Female,Returning,No
C019854,39,Male,New,No
C019855,35,Male,Returning,No
C019856,69,Female,New,No
C019857,45,Female,New,No
C019858,33,Female,Loyal,No
C019859,40,Male,Returning,No
C019860,47,Male,New,No
C019861,32,Male,Returning,No
C019862,52,Female,New,No
C019863,71,Female,New,No
C019864,64,Female,Loyal,No
C019865,31,Female,New,Yes
C019866,46,Male,New,No
C019867,51,Female,New,No
C019868,60,Female,Returning,No
C019869,65,Female,New,No
C019870,47,Female,New,Yes
C019871,36,Male,Loyal,No
C019872,58,Female,Returning,No
C019873,24,Male,New,Yes
C019874,59,Female,Loyal,No
C019875,74,Female,Returning,Yes
C019876,62,Female,Loyal,No
C019877,44,Male,New,Yes
C019878,69,Female,New,No
C019879,50,Male,New,No
C019880,51,Male,Returning,No
C019881,71,Male,Returning,No
C019882,28,Male,Returning,Yes
C019883,66,Female,New,No
C019884,60,Female,Returning,No
C019885,50,Male,Returning,No
C019886,21,Male,New,No
C019887,65,Female,Returning,No
C019888,30,Female,Loyal,No
C019889,74,Female,Loyal,No
C019890,67,Male,New,Yes
C019891,39,Female,Returning,Yes
C019892,44,Male,New,No
C019893,17,Female,Returning,No
C019894,48,Male,New,No
C019895,19,Female,Loyal,No
C019896,80,Female,Loyal,No
C019897,57,Male,New,No
C019898,31,Male,New,Yes
C019899,68,Female,Returning,Yes
C019900,17,Male,Returning,Yes
C019901,51,Female,Loyal,No
C019902,23,Female,New,No
C019903,19,Female,New,No
C019904,31,Female,Returning,No
C019905,35,Male,Returning,No
C019906,63,Male,Returning,Yes
C019907,73,Female,New,No
C019908,66,Male,New,No
C019909,64,Female,New,No
C019910,52,Female,Loyal,Yes
C019911,40,Female,Returning,Yes
C019912,32,Male,New,No
C019913,77,Female,New,Yes
C019914,49,Male,Loyal,No
C019915,52,Male,Returning,Yes
C019916,16,Male,Loyal,No
C019917,45,Male,Loyal,Yes
C019918,60,Male,New,Yes
C019919,48,Male,Loyal,No
C019920,55,Male,New,Yes
C019921,68,Female,Returning,No
C019922,17,Female,Returning,No
C019923,74,Male,Returning,No
C019924,69,Female,Returning,Yes
C019925,43,Male,New,Yes
C019926,65,Male,Returning,No
C019927,20,Female,New,Yes
C019928,36,Female,New,No
C019929,23,Female,Returning,No
C019930,57,Female,Returning,Yes
C019931,71,Male,New,No
C019932,55,Female,New,No
C019933,62,Female,Loyal,No
C019934,25,Male,Returning,Yes
C019935,76,Female,Returning,No
C019936,28,Female,New,No
C019937,50,Female,Returning,No
C019938,60,Male,Loyal,No
C019939,71,Female,New,No
C019940,76,Female,Returning,No
C019941,54,Female,New,Yes
C019942,53,Male,New,Yes
C019943,43,Male,Returning,Yes
C019944,52,Female,Returning,Yes
C019945,59,Male,Returning,Yes
C019946,58,Male,Returning,Yes
C019947,54,Male,Returning,Yes
C019948,44,Male,Returning,No
C019949,28,Male,New,No
C019950,19,Female,New,No
C019951,43,Female,New,No
C019952,41,Male,Loyal,No
C019953,55,Female,New,Yes
C019954,74,Female,New,Yes
C019955,61,Male,Returning,No
C019956,68,Male,Returning,No
C019957,53,Female,Loyal,No
C019958,76,Male,Returning,No
C019959,77,Female,New,No
C019960,25,Male,New,No
C019961,57,Male,Loyal,No
C019962,48,Male,Loyal,No
C019963,79,Male,Loyal,No
C019964,54,Male,Loyal,Yes
C019965,17,Male,New,Yes
C019966,29,Female,New,No
C019967,24,Female,Returning,No
C019968,29,Female,Returning,No
C019969,22,Female,New,No
C019970,66,Male,Returning,No
C019971,48,Female,Loyal,No
C019972,59,Male,New,No
C019973,80,Female,New,No
C019974,58,Female,Returning,No
C019975,47,Female,New,No
C019976,33,Female,Loyal,No
C019977,65,Female,Returning,No
C019978,48,Male,New,No
C019979,65,Female,Loyal,Yes
C019980,17,Male,Returning,No
C019981,26,Female,Returning,Yes
C019982,24,Male,Returning,No
C019983,60,Male,Loyal,No
C019984,49,Female,New,Yes
C019985,36,Female,Returning,No
C019986,36,Male,Returning,No
C019987,55,Male,Loyal,Yes
C019988,78,Female,Loyal,Yes
C019989,80,Male,Loyal,Yes
C019990,46,Female,New,Yes
C019991,59,Female,Returning,No
C019992,21,Female,New,No
C019993,77,Male,Returning,No
C019994,17,Female,Loyal,No
C019995,38,Male,Returning,Yes
C019996,63,Female,New,No
C019997,79,Female,Returning,No
C019998,27,Female,New,No
C019999,58,Female,New,No
C020000,28,Male,Returning,Yes
